Country,Region,HDI_Category,Population,Screening_Rate,Median_Age,Urbanization_Rate,Healthcare_Expenditure,GDP_Per_Capita,Obesity_Rate,Smoking_Rate,Alcohol_Consumption,Physical_Activity_Rate,Family_History_Rate,Breastfeeding_Rate,Average_Diagnosis_Age,Survival_Rate,Access_To_Care,Education_Level,Women_Population,Breast_Cancer_Cases,Breast_Cancer_Deaths,Cases_Per_100K,Deaths_Per_100K,Mortality_Rate
United Kingdom,Asia,High,191540888,66.17,33,67.05,5873,13759,25.52,30.99,3.73,46.83,40.16,82.82,47,80.36,48.78,Primary,95111187,205111,38170,215.65,40.13,18.61
Nigeria,North America,High,129793398,63.18,30,65.86,604,35571,15.78,38.13,0.74,59.76,34.03,67.96,42,96.64,35.5,Primary,64449968,138989,25865,215.65,40.13,18.61
Saudi Arabia,Africa,Low,3532234,12.91,42,69.01,9138,37653,12.11,12.45,5.26,72.63,43.9,54.09,64,68.65,86.96,Secondary,1753959,3782,703,215.63,40.08,18.59
Australia,South America,Low,41960151,12.64,38,26.66,3767,1947,30.66,35.52,7.87,67.74,16.77,77.79,57,73.11,25.97,Tertiary,20835654,44933,8361,215.65,40.13,18.61
France,South America,Medium,96709040,44.87,42,41.22,4364,12059,21.48,37.98,0.01,75.92,45.84,66.89,66,50.85,76.07,Primary,48021661,103560,19272,215.65,40.13,18.61
Egypt,Africa,Low,100152204,33.27,35,44.88,7775,28583,42.7,20.02,12.76,74.12,40.46,81.92,55,94.5,56.33,Primary,49731392,107247,19958,215.65,40.13,18.61
United Kingdom,Europe,Medium,78990845,55.33,42,27.93,3656,29391,45.54,22.15,13.12,42.14,34.84,30.23,35,51.95,54.18,Primary,39223547,84587,15741,215.65,40.13,18.61
South Korea,Asia,Low,91261004,72.61,48,29.49,132,34707,7.71,6.21,13.86,35.37,33.74,36.58,52,96.52,36.37,Primary,45316394,97726,18186,215.65,40.13,18.61
Bangladesh,Europe,Medium,145796310,83.96,37,73.3,6576,22677,32.4,36.5,8.98,47.5,30.51,20.55,52,80.06,68.1,Tertiary,72396344,156125,29054,215.65,40.13,18.61
Australia,North America,High,20815706,23.85,27,83.74,3244,44021,36.07,23.28,3.32,72.56,25.21,36.35,63,87.4,85.2,Primary,10336208,22290,4148,215.65,40.13,18.61
Australia,North America,Medium,190693094,31.93,49,83.7,2613,47563,20.55,12.52,12.06,79.37,36.85,13.13,31,93.54,48.64,Primary,94690208,204203,38001,215.65,40.13,18.61
Turkey,South America,High,178354230,45.17,34,72.86,6924,27880,47.37,21.88,0.22,37.14,16.04,74.99,39,87.84,82.12,Secondary,88563244,190990,35542,215.65,40.13,18.61
Egypt,Asia,Low,125295077,45.17,26,57.1,9120,1458,42.1,25.13,5.76,40.26,39.37,55.21,63,95.17,41.57,Tertiary,62216290,134172,24968,215.65,40.13,18.61
Brazil,Oceania,Medium,105973807,64.55,48,39.29,9562,38678,9.04,7.77,11.04,56.19,11.85,67.45,30,93.92,20.23,Secondary,52622156,113482,21118,215.65,40.13,18.61
France,Africa,High,94777073,53.49,48,39.1,8698,15229,16.69,12.68,14.43,67.76,14.2,51.89,54,62.41,51.09,Primary,47062327,101491,18887,215.65,40.13,18.61
Turkey,North America,Low,97652406,19.52,24,59.95,2747,23270,45.5,5.28,2.28,56.61,17.41,26.58,59,61.13,79.85,Primary,48490097,104571,19460,215.65,40.13,18.61
United States,Asia,Medium,141292804,86.99,44,44.92,2030,4205,15.67,34.46,8.7,55.02,37.44,24.3,53,77.29,30.55,Primary,70160092,151303,28156,215.65,40.13,18.61
Pakistan,Asia,Low,190629155,79.08,20,25.22,7917,26939,30.18,39.22,4.78,51.79,23.99,70.28,56,51.62,73.77,Primary,94658458,204135,37988,215.65,40.13,18.61
Egypt,North America,Medium,138253265,28.23,27,46.59,4794,36791,30.98,35.26,10.25,28.92,48.15,48.21,41,53.15,66.3,Tertiary,68650784,148048,27551,215.65,40.13,18.61
China,Asia,High,50243322,27.76,23,89.66,4245,36170,46.58,9.94,9.35,66.86,27.2,61.8,35,98.03,28.78,Secondary,24948730,53803,10012,215.65,40.13,18.61
Turkey,South America,Low,26259785,58.04,48,58.76,2115,42283,24.59,28.95,13.29,51.17,19.66,45.94,47,63.04,71.46,Secondary,13039510,28120,5233,215.65,40.13,18.61
Canada,Africa,Low,94534389,10.22,20,23.3,8564,35751,14.36,12.65,10.86,66.49,30.22,40.26,38,95.31,34.07,Secondary,46941820,101232,18838,215.65,40.13,18.61
Germany,Oceania,Medium,66872380,68.64,27,30.52,4577,48544,43.03,31.46,10.07,26.08,12.63,86.43,67,83.53,69.89,Primary,33206024,71610,13326,215.65,40.13,18.61
China,South America,Low,140562010,46.42,22,44.61,4468,21957,15.8,15.16,9.9,51.57,30.63,80.4,39,57.1,43.75,Tertiary,69797210,150520,28011,215.65,40.13,18.61
Egypt,Africa,High,20693276,45.88,29,58.78,4020,6945,44.64,8.41,2.82,64.24,39.23,61.03,57,54.95,76.61,Secondary,10275414,22159,4123,215.65,40.12,18.61
India,South America,High,133466777,60.9,26,87.62,2358,48185,8.55,33.02,7.64,22.38,49.45,12.06,68,91.21,82.98,Tertiary,66274014,142922,26597,215.65,40.13,18.61
Canada,South America,High,74581130,27.28,44,60.73,7204,40052,10.02,16.35,3.12,26.55,19.99,58.26,59,86.19,62.83,Tertiary,37033867,79865,14862,215.65,40.13,18.61
Pakistan,Africa,Medium,99721921,17.08,28,66.62,5695,17382,25.72,9.46,2.76,25.02,44.63,84.94,35,65.72,27.64,Tertiary,49517731,106787,19872,215.65,40.13,18.61
Canada,Africa,Medium,122036553,21,21,69.04,5315,27017,26.07,17.78,3.89,38.7,25,79.02,39,80.44,62.39,Tertiary,60598243,130682,24319,215.65,40.13,18.61
Vietnam,Europe,Medium,39054811,34.94,26,56.53,9707,15286,10.13,20.72,7.37,50.32,47.59,10.09,40,74.65,58.97,Primary,19392984,41821,7782,215.65,40.13,18.61
Italy,Europe,Medium,183786481,37.49,38,60.69,6553,16638,32.93,30.6,8.54,79.35,29.73,62.51,30,55.12,68.99,Secondary,91260673,196807,36624,215.65,40.13,18.61
South Africa,Oceania,High,139332111,28.62,21,79.4,512,4165,17.86,38.56,12.36,35.46,42.98,50.09,49,61.31,78.11,Tertiary,69186494,149203,27766,215.65,40.13,18.61
Argentina,Europe,Low,19528107,19.4,22,27.19,2992,37332,38.09,12.72,1.97,68.94,23.98,74.58,60,51.43,55.16,Tertiary,9696840,20911,3891,215.65,40.13,18.61
Saudi Arabia,South America,High,122364799,12.08,47,72.48,5549,42694,13.76,13.54,5.05,51.13,18.79,48.5,62,54.66,51.95,Tertiary,60761237,131034,24384,215.65,40.13,18.61
Saudi Arabia,Europe,High,167438066,13.09,44,82.04,506,2372,6.24,7.73,13.13,63,39.78,29.05,58,52.26,27.66,Secondary,83142734,179300,33366,215.65,40.13,18.61
South Korea,Europe,Medium,55927512,54.61,48,75.1,9487,48263,7.48,5.75,6.05,31.7,17.9,66.66,58,91.87,81.42,Tertiary,27771261,59889,11145,215.65,40.13,18.61
Canada,South America,High,145596360,55.7,38,72.09,2842,38238,13.22,20.36,9.65,64.56,45.36,40.45,55,75.85,39.05,Primary,72297057,155911,29014,215.65,40.13,18.61
Bangladesh,North America,High,194913146,63.77,27,26.56,2340,31449,39.78,39.39,2.02,47.59,24.62,35.29,33,54.03,37.81,Secondary,96785709,208722,38842,215.65,40.13,18.61
Nigeria,Europe,Low,24402066,72.74,20,75.52,4765,34369,41.03,12.6,10.6,74.92,33.88,62.54,56,71.31,34.89,Secondary,12117044,26130,4862,215.65,40.13,18.61
Vietnam,Oceania,Low,61401180,41.82,21,53.44,8876,9410,29.5,32.95,10.99,40.24,19.96,46.68,63,84.29,64.87,Secondary,30489255,65751,12235,215.65,40.13,18.61
United States,North America,High,106545454,46.74,28,35.93,4967,18039,43.5,11.01,6.38,32.82,44.57,72.93,50,54.48,53.22,Tertiary,52906012,114094,21232,215.65,40.13,18.61
Russia,South America,High,182930203,31.11,27,50.2,4649,18803,18.87,15.13,3.94,38.25,36.92,46.78,50,87.78,35.6,Primary,90835481,195890,36454,215.65,40.13,18.61
South Korea,Oceania,Medium,14916688,72.35,26,58.19,3144,36438,35.41,29.74,5.65,73.23,29.25,33.83,41,65.79,52.37,Tertiary,7407002,15973,2972,215.65,40.12,18.61
United Kingdom,Africa,High,174383812,78.97,31,87.32,8045,46618,15.08,20.69,1.18,69.76,31.28,41.61,36,73.97,88.31,Tertiary,86591701,186738,34751,215.65,40.13,18.61
Egypt,Europe,High,65570702,14.2,25,44.81,4029,43362,48.4,35.5,5.42,40.45,17.33,22.33,57,75.85,67.15,Secondary,32559665,70216,13066,215.65,40.13,18.61
Japan,South America,Low,66481631,51.48,40,70.21,1775,39122,43.72,11.34,10.44,49.2,15.16,37.63,52,98.21,71.25,Secondary,33011995,71191,13248,215.65,40.13,18.61
United Kingdom,Asia,Low,85093567,57.8,37,57.51,9963,2776,30.26,37.8,3.04,53.97,40.15,36.8,67,75.04,71.51,Tertiary,42253903,91122,16957,215.65,40.13,18.61
Spain,Europe,High,171957663,47.65,38,34.62,124,23321,17.37,13.62,2.18,41.94,21.07,65.74,60,68.24,67.54,Tertiary,85386977,184140,34267,215.65,40.13,18.61
Brazil,North America,High,55366790,27.15,22,31.81,6677,30028,39.21,35.74,9.06,21.33,43.03,21.19,41,55.2,22.9,Primary,27492830,59289,11033,215.65,40.13,18.61
Vietnam,North America,Low,189608097,27.21,36,33.03,1200,42371,44.09,10.45,5.64,45.29,48.28,67.76,62,72.05,89.89,Secondary,94151444,203041,37785,215.65,40.13,18.61
Indonesia,Asia,High,140733773,37.34,36,39.59,8121,41401,38.76,31.05,9.74,39.39,25.04,42.65,66,68.81,83.52,Tertiary,69882500,150704,28045,215.65,40.13,18.61
Spain,South America,Medium,199232962,66.66,49,48.42,3753,22483,20.93,26.1,9,66.66,20.45,41.36,46,69.29,80.94,Primary,98930749,213348,39703,215.65,40.13,18.61
Japan,Oceania,Low,40977368,82.78,46,46.63,8598,22051,7.39,29.24,13.67,21.64,15.39,38.83,44,72.98,49.62,Secondary,20347645,43880,8165,215.65,40.13,18.61
Egypt,South America,High,109800184,77.65,35,78.27,4113,35000,6.22,13.98,12.8,65.74,13.65,81.23,56,68.87,36.46,Primary,54522175,117579,21880,215.65,40.13,18.61
China,Oceania,High,14277988,32.15,21,53.83,4020,18675,45.69,22.47,14.69,29.94,43.19,41.75,30,76.97,21.54,Primary,7089851,15289,2845,215.65,40.13,18.61
Nigeria,Europe,Medium,7548672,72.65,47,57.71,8933,47861,11.95,31.66,13.94,59.77,42.69,68.09,31,81.24,77.62,Primary,3748354,8083,1504,215.64,40.12,18.61
Saudi Arabia,Europe,Medium,180306534,31.83,26,73.43,6447,10946,35.11,26.5,3.72,39.57,45.76,23.38,58,95.88,36.5,Tertiary,89532677,193081,35931,215.65,40.13,18.61
United Kingdom,South America,Medium,12417781,80.74,43,58.17,100,29398,7.38,34.03,3.01,31.83,13.99,77.95,35,58.57,52.04,Tertiary,6166150,13297,2474,215.65,40.12,18.61
Canada,Africa,High,88382575,25.25,36,54.4,157,32925,13.06,6.45,4.36,55.49,41.04,59.96,68,97.83,59.87,Secondary,43887087,94644,17612,215.65,40.13,18.61
France,Oceania,High,70527589,63.33,35,45.52,7874,35639,7.45,18.72,13.54,79.63,41.46,42.62,45,97.1,42.94,Tertiary,35021048,75524,14054,215.65,40.13,18.61
Saudi Arabia,North America,Low,191601933,57.77,43,80.1,4535,27393,7.84,28.79,9.7,56.66,42.36,66.07,61,95.69,53.75,Secondary,95141499,205176,38182,215.65,40.13,18.61
United States,Europe,Medium,125390221,35.32,40,51.76,2514,12929,8.74,21.81,10.36,46.66,20.99,31.58,51,79.27,47.71,Tertiary,62263535,134274,24987,215.65,40.13,18.61
Indonesia,North America,Medium,135458290,64.49,46,64.36,1489,48791,46.36,34.29,4.64,64.65,27.6,72.97,50,65.87,72.16,Tertiary,67262916,145055,26994,215.65,40.13,18.61
Italy,Africa,High,55674975,74.48,46,61.65,9382,6363,27.39,18.59,3.56,54.48,43.05,89.55,58,97.53,44.54,Secondary,27645862,59619,11094,215.65,40.13,18.61
Brazil,North America,Low,181567668,81.8,41,89.67,6342,6022,31.67,32.45,5,39.84,26.25,46.36,51,50.66,52.04,Primary,90158903,194431,36182,215.65,40.13,18.61
Spain,North America,Medium,117038108,35.87,49,72.18,6640,40731,46.31,13.84,11.28,61.47,37.74,62.55,45,70.43,79.71,Primary,58116225,125330,23323,215.65,40.13,18.61
France,North America,Low,24434155,16.09,42,89.96,5408,37628,18.45,35.63,0.06,42.1,34.88,63.96,58,72.74,32.64,Secondary,12132978,26165,4869,215.65,40.13,18.61
Brazil,Africa,Medium,66953749,13.64,23,61.7,4309,42854,7.75,5.72,1.06,56.96,42.3,11.02,54,98.84,54.2,Tertiary,33246429,71697,13342,215.65,40.13,18.61
China,North America,Low,118743192,57.88,30,32.24,2585,8996,9.16,9.31,12.17,22,43.43,67.66,66,94.35,44.66,Primary,58962898,127156,23663,215.65,40.13,18.61
Germany,Asia,High,95314178,39.23,22,83.32,5456,2401,14.78,16.11,13.89,77.48,20.7,68.45,62,71.9,48.77,Tertiary,47329031,102067,18994,215.65,40.13,18.61
Pakistan,Africa,Medium,20838308,41.65,32,25.78,4702,23622,30.4,39.67,3.69,50.91,15.07,18.32,43,50.23,84.85,Primary,10347431,22314,4152,215.65,40.13,18.61
South Africa,South America,Low,84128214,68.39,21,56.63,1352,34295,14.04,16.87,13.92,53.8,13.02,34.01,51,79.79,54.5,Secondary,41774549,90088,16764,215.65,40.13,18.61
Brazil,North America,High,71093128,53.42,20,49.48,1020,47359,40.92,31.12,13.21,39.17,48.83,44.28,39,57.76,65.83,Tertiary,35301871,76130,14167,215.65,40.13,18.61
Pakistan,North America,Low,39127736,76.22,23,21.9,934,37004,37.83,35.97,1.41,61.04,12.02,89.84,31,83.22,65.19,Primary,19429195,41899,7797,215.65,40.13,18.61
Spain,Europe,Medium,98959429,45.24,47,61.16,1261,19113,7.56,14.97,4.23,63.87,37.54,84.88,56,72.04,63.71,Primary,49139110,105970,19720,215.65,40.13,18.61
Canada,Africa,Medium,141336182,46.69,25,57.56,5442,12506,37.17,6.17,8.35,30.61,39.1,85.3,64,58.06,31.67,Tertiary,70181631,151349,28165,215.65,40.13,18.61
China,North America,Medium,20178464,11.28,36,79.34,7053,4888,41.49,29.28,0.63,67.23,28.02,29.75,59,57.31,31.19,Secondary,10019780,21608,4021,215.65,40.13,18.61
South Africa,Africa,Medium,157039533,83.58,39,31.35,3102,43283,38.34,33.93,5.45,62.15,38.15,22.36,52,52.84,51.2,Tertiary,77979258,168165,31294,215.65,40.13,18.61
Brazil,Europe,Low,101798693,40.68,31,74.89,8068,41489,48.48,33.86,2.03,32.3,26.95,21.31,40,76.93,69.28,Tertiary,50548969,109011,20286,215.65,40.13,18.61
Indonesia,South America,Medium,132433449,50.8,23,43.48,3835,12382,35.35,36.7,1.49,75.77,25.82,82.86,33,80.64,20.78,Primary,65760907,141816,26391,215.65,40.13,18.61
Argentina,Africa,Medium,112301861,40.7,40,32.18,8536,42976,19.47,13.99,2.83,77.42,22.24,76.14,43,64.18,46.59,Tertiary,55764403,120258,22379,215.65,40.13,18.61
Saudi Arabia,North America,Low,162158151,85.84,40,71.3,4588,32185,23.71,9.37,10.37,45.95,36.44,56.35,33,91.52,73.05,Primary,80520950,173646,32314,215.65,40.13,18.61
France,Africa,High,93007985,59.74,40,59.28,5870,5725,44.43,21.29,14.62,68.53,14.8,21.83,34,74.73,33.09,Primary,46183872,99597,18534,215.65,40.13,18.61
Indonesia,Africa,Low,139276328,43.51,42,73.15,8487,34498,23.26,6.38,7.87,31.17,10.55,52.67,66,62.7,50.46,Secondary,69158794,149144,27755,215.65,40.13,18.61
Bangladesh,South America,Medium,158264981,42.45,47,44.89,1639,40452,20.35,33.37,2.02,78.94,15.05,51,67,67.53,30.11,Primary,78587764,169477,31538,215.65,40.13,18.61
Vietnam,North America,High,109186224,52.3,22,72.1,2521,40479,42.05,11.1,2.79,27.34,27.72,54.8,33,81.65,89.99,Secondary,54217308,116922,21758,215.65,40.13,18.61
France,Asia,Low,111753901,29.66,45,82.03,1838,28238,23.17,22.6,13.28,50.91,47.39,87.72,35,57.17,36.68,Secondary,55492309,119671,22270,215.65,40.13,18.61
Egypt,Oceania,Medium,20706341,32.28,22,88.06,9325,1474,23.14,13.6,0.22,31.47,20.18,33.25,61,80.53,20.42,Secondary,10281902,22173,4126,215.65,40.13,18.61
Argentina,Asia,Medium,122519042,47.97,31,85.22,5848,48177,12.88,23.06,11.49,31.87,49.02,52.97,60,62.92,46.6,Primary,60837827,131199,24415,215.65,40.13,18.61
Mexico,Europe,Medium,52406943,13.84,47,56.6,8790,22806,37.09,13.89,8.89,40.36,35.35,70.49,42,65.47,31.85,Primary,26023094,56119,10443,215.65,40.13,18.61
Spain,North America,Low,4702106,35.77,41,47.7,3315,36780,36.45,24.07,3.91,27.78,33.1,53.01,33,87.5,86.84,Tertiary,2334869,5035,936,215.64,40.09,18.59
Saudi Arabia,Europe,High,82777006,15.41,48,79.46,1926,30566,42.93,37.99,13.64,28.53,32.64,68.73,48,67.47,25.67,Primary,41103596,88641,16495,215.65,40.13,18.61
Egypt,South America,High,115276729,77.88,38,71.56,8811,47093,40.08,25.71,7.3,71.13,39.53,86.47,57,83.01,34.66,Primary,57241598,123444,22972,215.65,40.13,18.61
Turkey,South America,Medium,30513102,34.36,37,57.86,1655,18782,11.45,16.75,3.23,73.89,42.47,25.7,46,88.25,67.23,Tertiary,15151529,32674,6080,215.65,40.13,18.61
Vietnam,Europe,Low,9367027,68.83,35,87.7,3107,47724,35.39,36.37,3.72,77.1,10.75,45.25,61,84.09,83.45,Secondary,4651273,10030,1866,215.64,40.12,18.6
Mexico,Asia,Medium,136772868,76.01,49,88.12,5896,36045,43.85,33.46,7.67,25.37,34.57,11.94,48,70.14,64.45,Tertiary,67915681,146463,27256,215.65,40.13,18.61
Japan,Oceania,Low,58293613,52.64,35,39.19,260,25151,17.67,36.33,6.35,32.36,26.26,89.3,47,66.57,55.34,Tertiary,28946168,62423,11616,215.65,40.13,18.61
Saudi Arabia,North America,Low,105224101,80.84,42,55.21,6625,16572,26.55,12.84,13.33,60.47,20.19,84.26,57,71.67,49.9,Secondary,52249884,112679,20969,215.65,40.13,18.61
Mexico,Oceania,High,137393743,34.65,34,40.12,1744,27725,21.16,6.62,9.11,44.3,39.6,39.09,37,80.93,77.13,Primary,68223981,147128,27379,215.65,40.13,18.61
India,Europe,Low,106785473,42.47,38,64.17,9860,24093,7.09,26.67,0.77,47.94,40.09,78.65,68,72.52,72.57,Tertiary,53025195,114351,21280,215.65,40.13,18.61
Vietnam,Oceania,Medium,83225446,29.65,40,63.9,6546,11574,28.13,12.25,13.63,67.61,45.18,72.92,57,98.69,82.3,Secondary,41326272,89121,16585,215.65,40.13,18.61
United Kingdom,Oceania,Low,6868578,71.56,49,51.28,5837,16674,14.35,19.06,3.02,36.03,13.44,83.17,53,83.7,61.92,Secondary,3410648,7355,1368,215.65,40.11,18.6
Japan,Oceania,High,29004669,49.52,36,75.29,3976,25498,46.11,23.22,14.2,62.79,22.78,12.15,47,89.26,35.25,Secondary,14402504,31059,5779,215.65,40.12,18.61
Turkey,North America,Low,127270979,42.87,35,21.23,1242,20335,35.26,29.09,14.06,34.07,18.44,74.79,54,77.96,29.43,Secondary,63197440,136288,25362,215.65,40.13,18.61
India,South America,Low,151211216,44.22,30,32.71,8628,44384,21.78,36.1,4.31,56.03,33.27,65.03,43,63.62,41.46,Tertiary,75085160,161924,30133,215.65,40.13,18.61
Canada,Europe,Medium,54938580,65.52,29,33.16,6695,6766,7.87,24.08,12.6,56.34,26.11,22.51,45,72.43,51.22,Secondary,27280199,58830,10947,215.65,40.13,18.61
France,North America,Medium,130627276,41.6,31,84.8,7644,27613,35.97,24.24,8.06,46.94,41.4,68.88,34,94.93,68.4,Primary,64864037,139882,26031,215.65,40.13,18.61
Turkey,South America,High,164092660,44.83,27,21.38,8920,20861,35.14,18.76,2.59,75.14,20.47,30.82,61,57.7,74.97,Secondary,81481546,175718,32700,215.65,40.13,18.61
Australia,Asia,High,85688500,64.1,48,48.39,3709,17989,37.21,29,0.3,42.06,39.98,67.68,49,95.11,59.4,Tertiary,42549322,91759,17075,215.65,40.13,18.61
South Korea,North America,Low,187872850,26.61,20,77.93,3418,16070,19.32,34.94,10.25,48.64,13.13,32.91,39,80.73,29.85,Tertiary,93289793,201183,37439,215.65,40.13,18.61
Italy,North America,Medium,59347084,17.64,28,89.11,2748,30460,40.77,35.27,3.2,41.84,28.75,12.27,46,56.74,46.99,Secondary,29469277,63551,11826,215.65,40.13,18.61
France,Africa,Medium,138088562,30.05,47,82.33,4400,28511,47.43,5.05,7.08,64.58,20.77,54.25,37,98.96,84.73,Primary,68568999,147872,27518,215.65,40.13,18.61
United States,Europe,Medium,44240823,48.86,32,66.74,6518,41471,24.33,36.38,8.94,57.19,22.73,69.95,40,98.93,51.94,Primary,21968140,47375,8816,215.65,40.13,18.61
United States,Africa,High,180774973,23.61,45,59.69,3967,29645,28.68,8.29,7.36,37.5,22.62,16.3,35,88.92,50.9,Secondary,89765284,193582,36024,215.65,40.13,18.61
India,Africa,Medium,97594352,89.95,32,63.14,225,2175,30.69,26.78,6.49,53.36,43.28,25.97,34,77.26,82.89,Secondary,48461270,104508,19448,215.65,40.13,18.61
Russia,South America,Medium,85184846,23.1,35,78.29,5207,16951,9,11.12,9.72,73.1,38.27,65.36,48,60.77,20.12,Primary,42299228,91220,16975,215.65,40.13,18.61
South Africa,South America,Medium,116423358,19.06,25,33.77,2515,18653,25.08,6.36,13.81,41.92,34.52,35.85,37,58.17,67.94,Secondary,57810966,124671,23200,215.65,40.13,18.61
United Kingdom,Africa,Medium,1852274,43.57,45,87.74,8975,25399,24.05,27.14,0.8,31.06,44.97,63.5,65,71.33,68.48,Primary,919761,1983,369,215.6,40.12,18.61
Japan,Asia,High,38883381,40.09,20,34.59,4985,38631,41.04,8.6,9.35,55.95,41.63,63.23,50,92.99,75.33,Primary,19307859,41638,7748,215.65,40.13,18.61
United Kingdom,Oceania,Low,175076222,59.27,22,55.46,4320,2909,17.35,25.41,0.9,65.45,27.02,70.68,48,62.64,79.25,Tertiary,86935523,187480,34889,215.65,40.13,18.61
Japan,Oceania,High,87557235,28.39,39,89.21,2215,47941,18.1,38.67,6.6,52.6,14.95,20.42,62,75.19,20.75,Secondary,43477257,93760,17448,215.65,40.13,18.61
France,North America,Low,15760427,16.33,32,82.25,3183,30454,7.05,29.92,14.11,61.59,36.3,49.7,39,56.2,53.94,Secondary,7825968,16877,3140,215.65,40.12,18.61
Canada,Oceania,High,174814769,14.6,28,76.53,4519,27036,45.83,5.95,8.87,74.39,46.82,68.17,31,94.83,30.84,Secondary,86805696,187200,34837,215.65,40.13,18.61
China,South America,High,68897138,15.11,35,87.31,7215,39224,42.02,35,9.05,58.64,49.24,55.63,47,56.3,71.19,Tertiary,34211434,73778,13729,215.65,40.13,18.61
India,Africa,Medium,57929181,26.85,47,88.34,6668,18642,42.7,37.41,12.31,30.34,19.36,66.28,53,51.59,76.07,Secondary,28765206,62033,11544,215.65,40.13,18.61
Argentina,Oceania,Medium,76831255,12.84,45,60.92,9754,13954,5.35,18.9,8.87,38.52,24.01,26.04,57,78.04,77.58,Secondary,38151185,82274,15310,215.65,40.13,18.61
Bangladesh,Europe,Low,117199291,52.42,24,25,2961,43982,35.03,7.69,7.77,76.11,35.17,69.34,31,65.67,89.96,Tertiary,58196262,125502,23355,215.65,40.13,18.61
Bangladesh,South America,Medium,138219625,56.35,47,30.17,247,34924,35.88,28.94,3.55,28.79,31,57.44,40,70.05,52.8,Primary,68634080,148012,27544,215.65,40.13,18.61
Turkey,Asia,High,191491570,19.4,49,56.67,8643,2002,46.74,15.22,1.38,30.22,41.13,38.08,66,51.44,36.62,Secondary,95086698,205058,38160,215.65,40.13,18.61
Russia,South America,Medium,26059422,72.79,23,30.03,1522,28303,40.21,27.67,0.11,79.98,42.08,81.07,49,94.45,54.81,Primary,12940018,27905,5192,215.65,40.12,18.61
United States,Asia,Low,173753752,57.9,48,49.3,798,13971,43.84,5.54,13.01,57.91,16.02,29.81,35,50.13,46.69,Secondary,86278840,186064,34625,215.65,40.13,18.61
Canada,Europe,Low,10633948,43.48,46,43.33,1316,44849,42.65,27.74,8.02,25.77,26.87,30.28,56,79.52,89.99,Tertiary,5280373,11387,2119,215.65,40.13,18.61
France,Asia,High,45675271,27.9,28,38.02,8725,34222,5.81,7.73,5.72,61.97,26.9,65.71,40,90.09,45.47,Secondary,22680427,48911,9102,215.65,40.13,18.61
Pakistan,Asia,Low,31912694,53.15,25,28,4990,8484,25.04,8.98,12.47,25.88,19.43,82.77,43,83.98,85.72,Primary,15846508,34173,6359,215.65,40.13,18.61
United States,Africa,High,167456563,19.99,31,56.72,8605,19323,24.91,38.06,4.55,64.99,23.09,56.33,47,58.33,89.42,Tertiary,83151919,179320,33370,215.65,40.13,18.61
India,North America,High,128108762,54.98,28,28,8233,11963,27.92,21.48,14.9,37.43,38.72,49.26,59,83.17,64.29,Primary,63613448,137185,25529,215.65,40.13,18.61
United States,North America,Medium,74108580,57.85,26,78.48,3945,10387,47.98,14.98,2.84,42.78,48.52,21.58,58,50.44,39.29,Primary,36799218,79359,14768,215.65,40.13,18.61
Russia,Asia,Medium,160625920,25.97,41,79.5,9558,33947,45.56,25.48,3.49,45.14,44.28,54.39,45,84.8,41.64,Primary,79760108,172006,32009,215.65,40.13,18.61
Saudi Arabia,Africa,Low,195636320,38.22,31,50.8,3813,9328,21.93,15.81,4.48,53.01,15.19,77,44,96.44,87.85,Secondary,97144807,209497,38986,215.65,40.13,18.61
Indonesia,South America,Low,89424190,84.12,28,37.46,4711,14084,5.79,9.51,5.4,21.6,33.2,55.88,46,98.24,77.35,Tertiary,44404309,95759,17820,215.65,40.13,18.61
United States,North America,Low,79986059,50.42,44,35.33,3341,8210,27.59,7.71,10.24,33.7,19.55,42.6,53,81.76,60.42,Secondary,39717728,85653,15939,215.65,40.13,18.61
India,Asia,High,67933945,51.58,33,33.57,7966,2634,31.31,12.51,14.97,21.14,37.42,44.66,42,81.85,76.1,Tertiary,33733153,72747,13537,215.65,40.13,18.61
Russia,South America,Medium,84009805,38.2,33,44.81,9961,6900,25.8,9.91,13.32,50.17,46.7,36.65,48,87.21,66.58,Tertiary,41715752,89961,16741,215.65,40.13,18.61
Bangladesh,Oceania,Low,88655131,15.68,49,48.68,3592,49141,42.46,31.71,5.9,64.62,39.79,23.02,67,61.4,21.57,Primary,44022427,94936,17667,215.65,40.13,18.61
Indonesia,Asia,High,3321788,59.5,24,88.81,5063,37662,34.32,10.93,7.8,68.38,16.19,84.22,36,93.64,61.2,Secondary,1649460,3557,661,215.65,40.07,18.58
United Kingdom,Asia,Medium,116795133,77.36,31,34.15,3066,4059,5.29,11.06,11.05,65.76,36.28,77.53,38,87.95,86.9,Secondary,57995574,125070,23274,215.65,40.13,18.61
Japan,North America,Medium,72307816,38.57,32,51.03,5227,12035,49.95,33.93,1.72,46.76,40.36,75.1,38,94.81,87.02,Tertiary,35905034,77430,14409,215.65,40.13,18.61
Saudi Arabia,Africa,Low,34111214,85.4,30,52.52,6813,40068,14.39,26.54,1.39,56.45,17.19,29.63,58,65.8,57.14,Primary,16938201,36527,6797,215.65,40.13,18.61
Saudi Arabia,Asia,Low,96011477,51.1,26,62.47,3291,32577,30.74,20.4,9.48,65.61,40.72,49.79,36,88.87,82.85,Secondary,47675280,102813,19133,215.65,40.13,18.61
South Africa,Africa,High,73697522,88.79,43,32.07,6114,30122,14.14,21.01,10.05,20.38,41.4,38.61,32,94.11,81.1,Secondary,36595104,78918,14686,215.65,40.13,18.61
Mexico,South America,High,99799835,76.13,46,57.41,4764,26388,37.19,13.72,5.53,33.17,25.31,53.28,50,74.48,49.32,Secondary,49556420,106870,19888,215.65,40.13,18.61
South Korea,Oceania,Low,79643337,63.69,47,26.19,2224,22801,25.94,12.38,2.68,63.88,29.82,42.19,58,89.59,45.35,Primary,39547547,85286,15871,215.65,40.13,18.61
United Kingdom,South America,Medium,4178703,30.55,28,89.22,8825,37215,31.45,36.44,13.78,74.28,45.13,40.12,68,79.05,46.59,Primary,2074968,4474,832,215.62,40.1,18.6
Italy,Africa,High,75127490,78.82,32,58.72,783,24364,48.61,15.52,5.72,34.43,39.28,55.38,51,88.66,68.37,Secondary,37305166,80450,14971,215.65,40.13,18.61
Nigeria,Oceania,Low,62818793,66.75,35,32.56,2314,41212,43.38,38.67,11.39,40.69,23.38,51.52,68,81.69,85.1,Secondary,31193183,67269,12518,215.65,40.13,18.61
Brazil,Oceania,Low,49386151,69.53,28,38.62,6749,5345,34.72,20.27,6.77,24.45,41.03,84.05,47,89.74,77.49,Tertiary,24523095,52885,9841,215.65,40.13,18.61
Russia,Oceania,Low,83168282,68,26,65.61,4907,31865,47.73,13.91,9.29,51.91,12.74,83.79,38,96.06,47.86,Primary,41297887,89060,16573,215.65,40.13,18.61
Bangladesh,South America,High,84050713,49.62,37,57.62,6385,26632,15.13,12.15,8.76,57.92,47.13,21,48,98.32,34.03,Primary,41736065,90005,16749,215.65,40.13,18.61
United Kingdom,South America,Medium,8884018,85.22,28,65.58,7687,8023,30.61,37.36,3.08,27.18,20.63,30.58,47,78.86,52.91,Secondary,4411431,9513,1770,215.64,40.12,18.61
Mexico,North America,Medium,21488054,30.43,20,68.15,7693,36756,32.46,31.95,4.63,45.96,28.33,74.46,65,64.8,34.91,Tertiary,10670068,23010,4282,215.65,40.13,18.61
Saudi Arabia,Europe,Medium,84919127,55.47,22,58.44,7066,39537,7.36,9.52,8.94,31.22,43.88,58.96,37,75.42,51.53,Secondary,42167283,90935,16922,215.65,40.13,18.61
Australia,South America,High,27204187,56.93,22,33.93,1254,18696,42.58,20.38,4.97,21.49,49.97,80.28,69,77.08,27.69,Tertiary,13508460,29131,5421,215.65,40.13,18.61
Brazil,Europe,High,139860337,65.61,31,68.61,5642,48362,18.08,32.88,5.69,50.08,15.77,25.97,35,56.49,60.37,Secondary,69448788,149769,27871,215.65,40.13,18.61
Mexico,Oceania,Low,43430628,88.29,44,28.45,9377,39353,17.39,37.75,2.45,31.92,26.54,78.49,67,72.98,27.41,Primary,21565831,46507,8654,215.65,40.13,18.61
United Kingdom,Africa,Low,119973496,46.83,31,45.18,6273,20154,49.13,35.95,9.02,74.49,27.84,25.64,54,91.82,80.89,Tertiary,59573816,128473,23908,215.65,40.13,18.61
South Korea,Asia,High,135516838,13.96,46,74.53,1748,39074,46.43,23.75,12.82,28.27,29.04,42.54,39,58.71,81.57,Tertiary,67291989,145118,27005,215.65,40.13,18.61
Pakistan,North America,Low,63468951,58.41,33,22.91,9610,25068,43.78,39.97,13.91,22.67,22.23,63.63,36,60.09,27.13,Secondary,31516024,67965,12647,215.65,40.13,18.61
China,South America,Medium,52525104,16.97,23,35.37,8541,41838,29.88,31.79,8.53,28.3,14.98,24.92,32,73.61,45.42,Primary,26081768,56246,10467,215.65,40.13,18.61
South Africa,Europe,Medium,115079079,66.02,36,22.7,6495,35593,6.01,24.07,5.84,51.49,27.2,80.42,42,93.01,82.5,Primary,57143453,123232,22932,215.65,40.13,18.61
Mexico,Oceania,High,45465321,48.03,46,81.59,4376,7508,43.05,9.52,10.4,51.72,11.14,37.33,68,61.97,88.34,Primary,22576175,48686,9060,215.65,40.13,18.61
Vietnam,Asia,Low,196446682,14.28,47,52.48,9159,15740,12.38,5.61,13.64,54.27,42.02,35.86,45,94.22,49.17,Primary,97547199,210364,39147,215.65,40.13,18.61
Egypt,Oceania,High,93692879,29.98,41,63.61,460,2955,12.87,32.25,2.08,55.01,48.84,69.49,48,74.57,83.86,Secondary,46523961,100330,18670,215.65,40.13,18.61
Germany,South America,Medium,159811978,54.94,42,84.48,4146,39205,8.28,13.26,5.91,45.99,15.55,66.97,49,83.79,53.04,Tertiary,79355938,171134,31847,215.65,40.13,18.61
Canada,Asia,Medium,131993602,12.45,33,70.56,7818,40352,35.43,26.05,11.72,20.87,32.06,75.72,39,78.09,83.08,Secondary,65542497,141345,26303,215.65,40.13,18.61
Canada,South America,High,25727125,25.26,21,89.18,3600,41149,40.29,35.19,7.54,30.39,40.53,67.22,62,89.3,61.22,Primary,12775013,27549,5126,215.65,40.13,18.61
Nigeria,Africa,Low,13332059,45.2,34,56.67,3192,10684,9.98,7.91,14.53,20.47,38.8,26.57,59,67.62,69.13,Secondary,6620142,14276,2656,215.64,40.12,18.6
Australia,North America,Low,18362761,48.5,35,62.78,4367,16451,10.71,26.74,14.44,54.35,32.13,53.76,41,86.84,31.29,Secondary,9118178,19663,3659,215.65,40.13,18.61
Bangladesh,North America,Low,136923681,31.01,36,25.52,7507,2725,34.34,18.47,2.66,49.46,44.69,86.88,65,97.8,33.08,Tertiary,67990568,146624,27286,215.65,40.13,18.61
Vietnam,Oceania,High,144790067,58.17,23,72.65,3745,35241,6.33,30.14,0.01,60.82,22.27,85.38,47,73.17,38.64,Tertiary,71896686,155048,28853,215.65,40.13,18.61
United Kingdom,North America,Medium,188025887,36.81,49,63.42,5134,14596,17.49,32.52,8.56,31.34,15,59.9,36,78.17,64.45,Secondary,93365784,201347,37469,215.65,40.13,18.61
India,Europe,High,109750165,64.28,42,63.3,543,12684,5.27,39.89,13.96,22.67,33.64,42.99,40,87.17,78.09,Primary,54497337,117525,21870,215.65,40.13,18.61
India,Africa,Medium,127423824,63.99,33,59.71,5141,45710,39.13,34.27,2.42,38.51,10.69,39.52,47,79.64,52.43,Primary,63273337,136451,25392,215.65,40.13,18.61
Vietnam,Africa,Low,124579304,59.72,46,59.71,2572,27276,37.24,31.35,13.29,32.07,24.66,80.95,48,57.14,36.32,Primary,61860867,133405,24826,215.65,40.13,18.61
Vietnam,South America,Low,55642474,22.43,39,54.09,7946,43111,12.99,24.49,5.11,58.99,42.9,22.98,56,78.84,58.23,Secondary,27629723,59584,11088,215.65,40.13,18.61
Nigeria,North America,Medium,77437095,75.6,26,29.75,8087,6629,31.5,10.7,3.07,65.27,41.34,30.72,68,78.24,44.88,Secondary,38452019,82923,15431,215.65,40.13,18.61
Mexico,Asia,High,85725222,65.24,29,75.47,4625,43683,20.22,12.05,3.44,65.44,26.91,44.33,42,54.91,57.72,Tertiary,42567556,91798,17083,215.65,40.13,18.61
Japan,Oceania,High,89371450,61.75,27,73.43,300,23589,16.97,11.66,3.2,32.35,13.08,52.73,44,94.17,26.18,Primary,44378121,95703,17809,215.65,40.13,18.61
United States,Africa,Medium,73072783,88.34,31,83.66,2003,29666,42.79,26.85,4.46,48.25,34.82,51.52,37,81.37,20.44,Tertiary,36284885,78249,14561,215.65,40.13,18.61
United Kingdom,South America,Medium,106882714,37.35,44,47.64,8444,35753,9.07,13.16,4.39,65.34,20.25,50.23,42,64.03,34.8,Primary,53073481,114455,21299,215.65,40.13,18.61
Germany,Oceania,Low,9187181,49.95,37,25.1,2926,43935,46.94,31.02,6.5,32.5,37.44,22.61,53,59.49,82.04,Secondary,4561969,9838,1830,215.65,40.11,18.6
France,Asia,Medium,85018330,43.37,33,29.76,358,18753,14.88,19.14,10.4,71.67,39.76,31.25,42,72.93,48.82,Secondary,42216543,91041,16942,215.65,40.13,18.61
Japan,Europe,Low,2153895,50.83,20,52.52,683,22447,36.12,37.19,3.33,40.15,43.96,78.94,40,75.49,38.73,Tertiary,1069534,2306,429,215.61,40.11,18.6
Russia,Africa,High,5927645,54.73,36,56.31,5490,15297,22.57,23.18,14.09,38.95,16.83,40.2,35,55.17,87.32,Primary,2943420,6347,1181,215.63,40.12,18.61
India,Asia,High,92222432,69.45,47,39.79,2266,32626,41.53,31.62,11.62,72.71,31.35,77.63,59,71.05,87.63,Tertiary,45793799,98756,18378,215.65,40.13,18.61
South Korea,Europe,High,134540437,18.97,25,30.73,2678,33282,9.44,24.62,13.11,68.03,47.42,69.09,44,69.26,89.9,Primary,66807149,144072,26811,215.65,40.13,18.61
South Africa,Europe,High,163415918,11.65,36,89.79,8408,29344,5.38,7.13,11.26,58.59,47.59,76.65,43,52.77,24.54,Secondary,81145504,174993,32565,215.65,40.13,18.61
Canada,Africa,Medium,88299011,16.81,23,25.95,6344,20328,33.73,34.06,14.16,42.93,10.04,39.76,57,76.38,47.01,Secondary,43845592,94554,17596,215.65,40.13,18.61
Turkey,Oceania,High,84321158,82.64,46,71.51,3014,29210,24.19,24.58,5.41,26.94,26.1,29.92,49,87.71,46.82,Primary,41870357,90295,16803,215.65,40.13,18.61
Saudi Arabia,Africa,High,170928677,81.7,49,89.22,5684,45823,14.02,35.78,12.86,63.86,11.69,19.3,58,57.89,88.05,Tertiary,84876026,183038,34062,215.65,40.13,18.61
Pakistan,South America,Medium,104727824,89.37,24,52.96,4432,31405,46.46,14.93,9.92,50.61,11.8,20.99,30,91.89,32.02,Primary,52003453,112147,20870,215.65,40.13,18.61
Turkey,South America,Low,193585226,55.26,46,24.37,4169,24116,38.34,18.35,7.4,39.67,29.03,10.93,36,59.4,22.72,Tertiary,96126319,207300,38577,215.65,40.13,18.61
Japan,Oceania,Medium,53334565,19.15,42,89.99,3847,8989,17.4,12.96,2.49,75.39,41.39,54.8,38,88.52,23.01,Secondary,26483712,57113,10628,215.65,40.13,18.61
Nigeria,Asia,Low,4884077,42.4,49,33.23,958,39301,7.83,8.29,14.24,32.39,14.77,69.83,42,78.87,50.13,Primary,2425228,5230,973,215.65,40.12,18.6
Italy,South America,Low,198522502,26.64,24,55.83,4423,25739,29.78,31.24,3.45,24.3,27.89,27.39,46,86.44,22.64,Tertiary,98577964,212587,39561,215.65,40.13,18.61
Italy,North America,Low,107594994,12.47,37,20.71,177,38863,31.07,6.01,4.82,27.83,33.4,47.56,59,60.54,42.64,Primary,53427170,115218,21441,215.65,40.13,18.61
Nigeria,Oceania,Medium,148000383,89.23,26,24.09,7159,32464,14.32,24.01,0.57,55.46,30.31,47.33,66,92.93,43.03,Primary,73490795,158486,29493,215.65,40.13,18.61
Canada,South America,Low,140547238,34.89,45,72.07,1602,16271,41.12,20.91,6.65,21.19,37.77,69.1,66,58.99,27.34,Primary,69789875,150504,28008,215.65,40.13,18.61
United Kingdom,Oceania,Medium,164330802,35.21,27,31.41,7971,40107,38.86,13.51,12.09,46.97,13.82,23.66,56,54.75,20.69,Secondary,81599797,175973,32747,215.65,40.13,18.61
China,Asia,Medium,99890841,55.5,27,74.07,3280,3343,5.5,16.74,14.69,39.73,31.82,67.44,48,78.53,55.47,Secondary,49601610,106968,19906,215.65,40.13,18.61
United States,North America,High,153465240,33.3,30,61.22,610,4580,32.24,32.59,10.82,64.59,41.43,30.04,41,83.44,56.41,Primary,76204414,164338,30582,215.65,40.13,18.61
Italy,South America,High,59646980,55.51,48,88.78,2719,11121,16.07,32.92,14.02,46.25,38.7,76.94,67,93.43,82.64,Tertiary,29618193,63872,11886,215.65,40.13,18.61
Russia,Africa,Medium,172826793,52.42,20,31.24,3254,26534,15.43,9.97,1.71,74.6,25.8,53.86,57,97.14,75.15,Primary,85818551,185071,34440,215.65,40.13,18.61
Italy,South America,High,174664809,49.63,42,74.07,4887,30259,12.14,25.06,14.88,68.44,41.34,23.42,56,77.84,63.75,Secondary,86731232,187039,34807,215.65,40.13,18.61
Turkey,Europe,Medium,125419965,29.41,43,40.8,6979,29286,41.1,8.04,4.88,79.1,46.87,43.46,35,75.88,64.63,Secondary,62278304,134305,24993,215.65,40.13,18.61
Italy,South America,High,14413116,49.47,23,28.16,1284,15326,16.75,18.67,8.12,40.56,15.83,63.79,35,88.43,35.21,Tertiary,7156950,15434,2872,215.65,40.13,18.61
Italy,South America,High,164165037,86.64,34,66.36,7360,26507,40.83,38.01,2.89,49.58,36.46,74.35,61,59.32,71.02,Primary,81517485,175796,32714,215.65,40.13,18.61
China,Oceania,Medium,51069737,87.33,40,89.31,5293,11499,11.56,36.33,6.46,58.86,37.97,70.42,33,63.14,80.06,Tertiary,25359093,54688,10177,215.65,40.13,18.61
China,Asia,Medium,11703274,69.91,27,46.78,2138,28784,12.17,5.19,13.35,56.81,45.37,83.14,64,81.32,30.59,Secondary,5811355,12532,2332,215.65,40.13,18.61
Pakistan,South America,High,89714867,42.57,31,52.5,9173,19233,48.24,30.08,10.2,40.5,31.27,45.31,41,62.86,69.38,Primary,44548647,96071,17878,215.65,40.13,18.61
Bangladesh,Asia,High,36365461,66.94,45,84.6,1959,49447,8.19,22.18,11.14,66.19,11.02,22.35,32,98.95,43.77,Tertiary,18057565,38941,7246,215.65,40.13,18.61
Russia,Africa,High,53685584,22.83,47,55.52,7837,24874,5.55,33.63,3.77,38.76,41.91,77.07,38,87.81,85.34,Tertiary,26658013,57489,10698,215.65,40.13,18.61
India,Oceania,Low,153025759,66.2,36,82.04,2024,38928,14.19,35.6,10.22,59.9,46.62,30.64,63,94.79,60.83,Secondary,75986186,163867,30494,215.65,40.13,18.61
India,Africa,High,5408579,40.83,26,53.69,8147,22142,35.21,33.33,6.12,53.29,43.04,66.51,40,60.79,48.13,Tertiary,2685673,5791,1077,215.63,40.1,18.6
South Korea,North America,Low,108283866,80.63,47,20.02,5817,44585,38.16,26.35,3.77,73.69,22.07,88.37,41,93.65,29.21,Secondary,53769235,115955,21578,215.65,40.13,18.61
China,North America,High,179685677,38.17,38,89.96,7150,14489,6.03,31.84,1.19,56.71,29.07,36.37,44,95,34.57,Secondary,89224385,192416,35807,215.65,40.13,18.61
Egypt,Europe,High,12947079,64.55,48,33.91,7823,4506,15.86,10.3,1.53,50.64,17.91,47.08,67,62.49,71.57,Tertiary,6428977,13864,2580,215.65,40.13,18.61
Canada,South America,High,191988509,84.52,47,88.75,1715,14331,16.48,34.69,4.63,29.36,24.08,35.11,55,84.42,49.68,Tertiary,95333457,205590,38259,215.65,40.13,18.61
Germany,North America,High,140214924,53.17,43,80.55,4918,27934,46.46,32.57,5.15,37.34,30.31,80.3,51,68.07,44.05,Primary,69624862,150149,27942,215.65,40.13,18.61
Bangladesh,South America,Low,5085235,69.89,36,26.79,1858,30316,18.16,25.42,9.89,24.79,42,70.95,58,71.85,22.99,Primary,2525114,5445,1013,215.63,40.12,18.6
Brazil,Africa,Low,186619888,60.19,24,69.41,7755,47376,15.44,35.15,7.87,50.54,11.51,50.38,62,78.51,72.83,Primary,92667624,199841,37189,215.65,40.13,18.61
Bangladesh,North America,High,136355080,63.46,30,82.52,1898,3050,41.52,20.88,10.7,40.18,27.82,29.93,48,88.44,41.14,Primary,67708225,146015,27172,215.65,40.13,18.61
Australia,North America,Medium,92688785,75.18,33,79.05,1228,21039,14.2,17.2,8.71,46.87,16.39,54.97,53,50.15,52.81,Tertiary,46025370,99255,18470,215.65,40.13,18.61
Turkey,Europe,Medium,134969568,86.08,31,38.09,4682,43525,42.79,31.28,14.87,69.42,34.44,19.91,35,67.41,60.83,Primary,67020237,144532,26896,215.65,40.13,18.61
Italy,South America,Medium,112267811,31.18,39,21.13,6207,34115,25.7,24.95,9.74,51.92,46.6,12.46,57,63.7,73.07,Secondary,55747495,120221,22372,215.65,40.13,18.61
Germany,South America,Medium,44779672,47.72,32,65.61,6035,28537,21.93,34.95,12.58,20.33,22.41,16.29,50,77.85,20.85,Primary,22235710,47952,8923,215.65,40.13,18.61
Turkey,South America,Medium,121418406,41.15,23,42.96,106,9510,5.44,22.04,2.7,63.53,24.61,20.51,57,63.42,89.44,Secondary,60291297,130020,24196,215.65,40.13,18.61
Russia,Africa,Low,123806675,36.78,45,20.64,8758,32429,20.2,37.48,0.94,74.76,43.75,50.24,49,62.09,25.82,Secondary,61477212,132578,24672,215.65,40.13,18.61
Nigeria,North America,High,73988934,75.12,32,35.89,6106,25973,27.88,8.1,12.41,56.57,14.21,15.92,52,67.45,49.61,Tertiary,36739807,79231,14744,215.65,40.13,18.61
China,Europe,Medium,86720919,83.6,24,89.24,5183,30808,12.3,8.03,9.87,66.38,36.76,73.62,53,89.62,66.11,Primary,43061978,92865,17281,215.65,40.13,18.61
Germany,South America,Low,143499662,43.74,48,37.54,2428,24287,25.72,14.7,10.93,78.43,24.21,42.2,59,51.6,66.83,Primary,71255925,153666,28596,215.65,40.13,18.61
Pakistan,Asia,Medium,145363111,48.77,45,58.59,1221,39122,6.9,7.52,13.85,43.44,11.91,49.24,48,90.74,45.63,Secondary,72181236,155662,28967,215.65,40.13,18.61
Australia,North America,Low,96986794,25.11,35,30.8,819,26044,34.43,30.58,11.31,40.65,21.22,26.37,52,52.83,28.95,Tertiary,48159582,103858,19327,215.65,40.13,18.61
Argentina,Africa,Medium,190129805,83.56,31,21.87,6690,6369,32.14,13.53,4.42,71.37,48.57,21.61,46,87.68,53.4,Secondary,94410502,203600,37889,215.65,40.13,18.61
Argentina,Europe,Low,41754290,68.55,39,83.5,6360,33899,43.08,7.67,4.92,66.24,20.48,62.8,60,54.67,40.93,Secondary,20733432,44712,8320,215.65,40.13,18.61
India,Europe,Low,94392926,28.69,31,70.5,4527,44599,29.16,6.03,9.97,77.14,38.66,79.08,33,87.05,68.16,Primary,46871575,101080,18810,215.65,40.13,18.61
Japan,Oceania,High,134076128,10.51,44,64.32,8013,36855,10.27,5.97,9.02,29.26,13.01,21.22,67,55.47,69.74,Tertiary,66576592,143575,26718,215.65,40.13,18.61
Germany,Oceania,High,42078829,64.02,41,66.48,1169,1557,6.53,7.39,1.81,70.16,42.47,35.83,57,54.49,83.16,Tertiary,20894585,45060,8385,215.65,40.13,18.61
Argentina,South America,High,111299429,85.86,49,67.53,7943,4231,7.02,14.28,2.7,49.75,17.87,31.98,36,67.82,31.38,Primary,55266637,119184,22179,215.65,40.13,18.61
United States,Europe,Medium,137193802,84.68,37,65.71,8917,43370,22.39,17.07,2.19,41.05,27.28,85.67,67,64.58,47.88,Tertiary,68124699,146913,27339,215.65,40.13,18.61
Nigeria,Africa,Low,190035954,41.52,33,76.68,1273,13441,41.66,38.12,11.13,71.45,20.23,37.45,40,65.55,83.14,Tertiary,94363900,203499,37870,215.65,40.13,18.61
Brazil,Africa,Low,1966357,22.64,33,47.95,383,12764,49.96,15.87,2.59,58.39,30.14,35.57,57,54.95,62,Primary,976410,2105,391,215.59,40.04,18.57
South Korea,Africa,Low,108786022,20.85,37,58.57,9961,21272,16.11,27.11,6.62,29.08,25.12,15.2,35,51.07,21.62,Primary,54018584,116493,21678,215.65,40.13,18.61
United States,Africa,Medium,158462024,61.29,47,37.75,192,47189,15.98,38.79,8.26,57.95,19.61,70.05,67,96.11,25.8,Primary,78685608,169689,31578,215.65,40.13,18.61
South Korea,North America,Low,36366301,21.42,31,75.17,9680,26162,33.82,13.09,10.86,30.53,30.68,66.31,50,82.8,87.35,Primary,18057982,38942,7246,215.65,40.13,18.61
Nigeria,Africa,Low,84088673,24.26,24,67.82,6550,11769,34.46,20.1,9.66,40.22,42.99,28.02,35,88.02,40.34,Primary,41754915,90046,16757,215.65,40.13,18.61
United Kingdom,North America,High,36711837,33.59,20,84.27,7582,21490,23.47,25.88,5.3,53.27,20.9,36.09,63,88.93,26.28,Tertiary,18229561,39312,7315,215.65,40.13,18.61
Nigeria,Asia,Medium,44859643,85.14,42,38.68,8720,42359,15.96,26.66,0.9,52.89,33.09,36.81,56,60.72,89.15,Primary,22275420,48037,8939,215.65,40.13,18.61
Japan,Africa,High,1635626,54.02,20,65.33,6581,12059,31.9,14.85,1.7,73.82,39.27,12.17,60,55.57,56.98,Secondary,812183,1751,325,215.59,40.02,18.56
India,Africa,Low,28833601,41.19,25,72.92,3423,24843,33.94,24.77,4.85,47.23,27.36,63.43,57,55.17,62.98,Tertiary,14317559,30876,5745,215.65,40.13,18.61
France,South America,Medium,23500062,29.34,34,32.7,9838,14426,17.26,31.83,4.71,38.65,48.58,68.43,54,84.48,28.67,Tertiary,11669147,25165,4683,215.65,40.13,18.61
United Kingdom,Europe,Medium,20991855,80.13,41,30.8,4825,26236,33.7,26.53,14.49,57.15,44.03,67.04,56,74.71,39.1,Tertiary,10423676,22479,4183,215.65,40.13,18.61
Spain,Oceania,Low,155625395,84.06,47,54.59,5603,31032,28.12,33.6,10.89,49.18,36.45,70.33,68,54.02,73.53,Primary,77277056,166651,31012,215.65,40.13,18.61
France,Europe,High,132015265,65.85,44,46.08,6724,31151,49.34,15.95,8.09,31.65,21.12,86.22,35,63.45,60.1,Tertiary,65553254,141368,26307,215.65,40.13,18.61
India,Europe,High,102852906,60.64,41,47.05,3028,27604,22.71,15.21,1.31,32.6,16.82,82.04,41,63.88,21.31,Secondary,51072447,110139,20496,215.65,40.13,18.61
Australia,Europe,Low,26041694,59.76,41,89.01,7014,6750,16.41,35.15,11.48,45.98,40.74,42.27,55,60.18,74.05,Primary,12931215,27886,5189,215.65,40.13,18.61
Vietnam,North America,Medium,140476455,28.79,33,86.82,4938,27193,14.66,39.71,2.46,69.15,21.84,19.94,59,59.95,47.19,Primary,69754727,150429,27994,215.65,40.13,18.61
Vietnam,Asia,High,47359484,42.3,47,48.76,7993,27701,36.11,16.18,10.55,34.14,32.09,48.97,37,89.22,40.25,Primary,23516737,50714,9437,215.65,40.13,18.61
Spain,Oceania,Low,130966834,31.52,28,59.61,753,14551,27.37,30.59,0.78,71.31,30.26,58.64,36,64.7,83.11,Tertiary,65032647,140245,26098,215.65,40.13,18.61
Bangladesh,North America,Low,185002123,53.31,26,51.4,7739,43272,11.52,7.92,10.19,59.15,43.55,51.63,66,72.73,36.41,Secondary,91864310,198109,36867,215.65,40.13,18.61
South Africa,Africa,High,120756082,10.8,36,57.58,4489,8694,41.93,36.94,8.19,61.24,10.24,72,57,71.18,83.55,Tertiary,59962415,129311,24064,215.65,40.13,18.61
United States,North America,High,155613998,21.91,21,51.01,8004,36058,29.95,13.36,0.78,34.16,10.24,19.94,67,78.42,86.52,Secondary,77271397,166639,31010,215.65,40.13,18.61
United Kingdom,Oceania,Low,53990586,11.71,27,71.83,9059,42367,37.35,37.02,7.4,69.14,39.6,40.42,34,75.06,73.96,Tertiary,26809465,57815,10759,215.65,40.13,18.61
Argentina,Europe,High,93001790,28.31,28,37.36,4752,43548,46.58,28.62,12.91,54.8,37.94,36.47,41,65.02,53,Primary,46180795,99590,18533,215.65,40.13,18.61
Argentina,South America,Low,115333237,70.3,34,63.82,3771,32143,6.45,33.61,2.75,29.76,36.76,63.76,33,89.45,55.83,Secondary,57269657,123504,22983,215.65,40.13,18.61
Vietnam,Asia,High,151963143,54.76,25,34.94,2001,36270,44.92,34.15,6.8,21.04,11.09,79.55,67,95.01,63.63,Primary,75458535,162729,30283,215.65,40.13,18.61
Nigeria,Asia,High,181611231,85.93,23,29.43,9273,29502,32.1,32.29,14.94,31.05,29.12,21.96,65,85.57,47.23,Tertiary,90180535,194478,36191,215.65,40.13,18.61
Italy,North America,High,115177966,64.41,26,76.8,6294,4254,8.35,8.19,4.3,33.42,20.28,68.03,48,91.84,35.62,Secondary,57192556,123338,22952,215.65,40.13,18.61
China,Africa,High,176443710,39.49,26,51.38,8519,40394,16.06,17.84,4.55,34.05,18.59,47.59,65,93.04,60.33,Tertiary,87614560,188944,35161,215.65,40.13,18.61
India,Asia,High,185122885,82.16,34,58.21,5404,35011,19.49,21.68,1.48,23.31,24.96,37.1,30,98.5,82.54,Secondary,91924275,198238,36891,215.65,40.13,18.61
Argentina,Africa,High,22851627,67.24,33,38.43,8116,37402,49.8,29.9,6.87,76.37,28.28,65.72,37,50.06,84.5,Tertiary,11347161,24470,4553,215.65,40.12,18.61
Canada,South America,Medium,121399078,66.37,29,51.33,166,18056,45.74,13.36,4.38,44.62,17.82,28.08,65,54.27,26.62,Secondary,60281700,130000,24192,215.65,40.13,18.61
Russia,Asia,Medium,156312351,84.31,35,33.12,1676,8278,31.79,15.48,11.58,49.94,38.16,60.2,51,96.76,52.81,Primary,77618170,167387,31149,215.65,40.13,18.61
Russia,Africa,Low,12839490,40.73,21,52.3,1975,8059,34.26,8.42,0.15,54.72,39.39,15.99,36,74.3,36.17,Secondary,6375553,13749,2558,215.65,40.12,18.6
Bangladesh,Africa,Medium,181042994,18.5,34,25.75,8546,48294,27.45,8.94,12.07,22.89,27.38,66.99,41,95.86,75.87,Secondary,89898372,193869,36078,215.65,40.13,18.61
Japan,Asia,Low,52052844,44,44,30.29,3086,2966,38.8,37.22,14.15,23.77,11.27,47.54,33,92.05,42.37,Tertiary,25847263,55740,10372,215.65,40.13,18.61
Japan,Asia,Medium,153000020,71.44,30,60.49,737,10380,6.05,13.26,14.38,56.7,46.78,36.3,52,51.91,74.06,Tertiary,75973405,163840,30489,215.65,40.13,18.61
United States,Europe,High,23064444,10.21,33,33.29,5113,27316,6.28,15.96,11.65,68.81,25.14,65.63,56,98.38,44.62,Primary,11452837,24698,4596,215.65,40.13,18.61
South Korea,North America,Medium,93623132,61.56,41,33.58,6912,5711,25.3,31.06,0.34,67.44,36.6,32.26,67,81.37,34.42,Secondary,46489328,100256,18657,215.65,40.13,18.61
Argentina,Asia,Low,60072875,76.65,22,29.94,972,42667,13.37,16.24,4.11,71.86,32.86,77.73,58,84.1,82.76,Primary,29829675,64329,11971,215.65,40.13,18.61
Argentina,Oceania,High,38810839,73.41,25,72.46,4034,14358,13.29,9.39,6.22,76.48,18.37,46.76,40,57.83,74.7,Primary,19271838,41560,7734,215.65,40.13,18.61
United States,Europe,Medium,110679708,31.25,35,70.87,9692,41955,19.17,39.09,11.76,45.42,41.96,49.44,56,98.69,70.3,Tertiary,54958910,118521,22056,215.65,40.13,18.61
Nigeria,Asia,High,93299779,38.75,46,44.08,3701,31030,35.76,25.54,5.75,30.54,33.89,50.37,68,53.29,86.95,Secondary,46328764,99910,18592,215.65,40.13,18.61
Turkey,Oceania,Medium,27595470,53.49,44,53.8,5812,5084,38.79,34.96,2.01,38.51,14.89,48.28,33,85.24,40.17,Primary,13702755,29550,5499,215.65,40.13,18.61
Pakistan,Africa,Medium,60898983,14.67,21,35.43,3648,2931,9.34,5.73,8.68,23.33,19.1,76.58,54,82.9,81.58,Primary,30239885,65213,12135,215.65,40.13,18.61
Turkey,South America,High,170451699,38.47,24,63,6333,8835,43.52,36.21,8.02,70.41,38.81,66.13,48,83.39,70.44,Tertiary,84639178,182528,33967,215.65,40.13,18.61
India,Europe,Low,16309405,18.6,23,79.16,3395,8801,25.86,20.97,8.77,54.1,37.27,36.66,54,63.97,77.45,Primary,8098567,17464,3249,215.64,40.12,18.6
Turkey,Asia,High,36100393,53.54,49,43.17,3418,5518,13.59,11.08,3.17,50.39,31.63,32.43,49,71.72,89.7,Tertiary,17925944,38658,7194,215.65,40.13,18.61
Nigeria,Africa,Medium,21083051,12.03,31,42.12,8878,49007,27.88,23.39,0.52,72.4,42.46,10.1,60,50.8,75.12,Secondary,10468960,22576,4201,215.65,40.13,18.61
Australia,Oceania,High,198144763,71.78,24,53.23,309,33307,33.81,17.63,11.25,66.47,29.63,30.34,64,94.98,26.77,Tertiary,98390395,212183,39486,215.65,40.13,18.61
Italy,South America,Low,142603744,14.69,37,84.42,2626,43500,38.28,13.65,14.65,53.83,16.37,49.62,60,54.06,65.59,Primary,70811050,152707,28418,215.65,40.13,18.61
France,Oceania,Medium,52569477,57.26,29,42.12,6751,33695,35.16,17.77,6.05,48.15,38.1,75.96,48,62.61,41.28,Secondary,26103801,56294,10476,215.65,40.13,18.61
Brazil,Europe,Medium,95667712,14.37,21,81.99,5773,20320,12.53,22.64,14.09,51.35,14.47,78.49,31,75.73,70.22,Primary,47504581,102445,19064,215.65,40.13,18.61
Germany,Oceania,High,74569443,59.53,27,88,783,39335,29.5,17.18,3.48,58.29,21.33,21.35,61,96.19,52.91,Secondary,37028064,79852,14860,215.65,40.13,18.61
France,Asia,High,159483406,82.57,36,26.42,1300,11906,7.14,18.36,6.98,32.53,12.35,51.7,65,92.81,44.16,Secondary,79192783,170782,31781,215.65,40.13,18.61
Nigeria,Asia,High,135007201,40.53,37,72.23,2768,28456,20.01,7.57,4.25,50.35,19.7,78.56,31,61.74,88.25,Secondary,67038924,144572,26904,215.65,40.13,18.61
United States,Africa,High,13591709,36.77,36,26.82,3473,35657,5.06,23.89,4.72,26.87,19.81,43.15,50,65.21,27.46,Primary,6749073,14554,2708,215.64,40.12,18.61
Argentina,Africa,Medium,6724623,41.42,34,83.81,7180,41481,17.6,18.56,3.27,67.94,22.3,78.64,47,58.11,76.22,Secondary,3339166,7201,1340,215.65,40.13,18.61
Vietnam,Africa,Medium,128874994,79.41,31,37.46,6763,29632,40.14,27.12,0.27,33.59,16.19,17.84,60,74.84,68.52,Secondary,63993927,138005,25682,215.65,40.13,18.61
United States,Oceania,Medium,10712395,67.38,49,20.84,1893,6500,35.12,12.86,14.7,78.88,11.1,41.72,66,66.54,29.09,Primary,5319326,11471,2134,215.65,40.12,18.6
Vietnam,Oceania,Medium,39596149,54.5,47,49.95,2645,44792,24.26,16.12,9.56,57.84,13.47,28.46,68,86.49,44.68,Secondary,19661790,42401,7890,215.65,40.13,18.61
Spain,Oceania,Medium,5306926,39.64,42,42.89,2039,24499,32.92,6.06,5.36,28.32,47.8,50.6,48,53.35,82.76,Tertiary,2635197,5682,1057,215.62,40.11,18.6
Indonesia,South America,High,1416995,23.61,40,83.74,1304,20182,23.99,35.11,0.11,30.57,20.54,66.43,36,91.23,45.42,Secondary,703620,1517,282,215.6,40.08,18.59
Spain,Europe,Medium,190402669,72.75,24,74.91,9880,33983,25.52,24.23,12.96,30.06,12.93,59.11,53,63.76,76.93,Tertiary,94545995,203892,37943,215.65,40.13,18.61
China,Asia,Medium,127936909,75.15,20,54.3,9268,40793,37.52,9.61,12.22,38.32,47.21,89.31,68,83.58,48.89,Primary,63528113,137001,25495,215.65,40.13,18.61
Pakistan,North America,Low,7588345,76.2,24,42.22,9934,38185,49.75,15.63,0.25,72.3,32.66,48.77,46,56.58,22.2,Secondary,3768054,8125,1512,215.63,40.13,18.61
United States,Oceania,Medium,5213027,33.76,26,49.38,7145,38264,43.69,26.47,5.7,30.75,31.3,46.41,50,56.54,59.35,Primary,2588570,5582,1038,215.64,40.1,18.6
Argentina,Asia,Medium,128765671,19.56,44,26.11,5144,10384,25.88,5.04,8.1,28.97,32.69,10.21,47,69.4,35.45,Tertiary,63939642,137888,25660,215.65,40.13,18.61
Japan,Asia,Medium,152547699,56.24,42,27.19,2566,3689,26.97,19.03,1.35,47.75,30.33,47.62,50,66.31,78.59,Primary,75748801,163355,30399,215.65,40.13,18.61
Brazil,South America,Low,189085409,89.96,27,20.09,9688,4882,35.59,39.52,2.07,73.04,23.25,85.92,38,69.18,74.41,Primary,93891899,202482,37680,215.65,40.13,18.61
India,South America,Medium,22873230,70.4,32,68.89,4794,8263,7.56,5.47,14.16,67.19,42.84,25.21,37,85.91,88.17,Tertiary,11357888,24493,4558,215.65,40.13,18.61
Brazil,Africa,Medium,42105433,11.16,40,42.73,977,46512,20.72,39.98,13.84,57.13,17.07,54.69,32,88.71,50.61,Secondary,20907795,45088,8390,215.65,40.13,18.61
India,North America,Low,176344356,66.65,31,60.74,3684,8477,42.05,38.44,12.6,40.53,39.84,20.35,40,85.81,48.31,Tertiary,87565225,188838,35141,215.65,40.13,18.61
Indonesia,Asia,Medium,193727502,83.42,39,57.27,4002,18632,23.16,30.26,8.84,32.5,31.51,82.31,34,89.06,63.27,Primary,96196968,207453,38606,215.65,40.13,18.61
Egypt,Africa,Low,99193768,76.65,47,50.88,7410,17636,20.62,26.93,12.18,32.06,28.49,32.61,50,66.66,31.71,Tertiary,49255473,106221,19767,215.65,40.13,18.61
Argentina,Oceania,Medium,184910419,89.71,26,60.58,1401,15724,44.45,22.3,8.46,40.5,21.27,69.37,63,94.91,25.77,Primary,91818773,198011,36848,215.65,40.13,18.61
Nigeria,Africa,Low,193985564,87.25,36,80.07,8223,9730,6.94,31.85,1.94,65.78,41.58,22.23,41,60.07,45.99,Tertiary,96325111,207729,38657,215.65,40.13,18.61
Turkey,South America,Medium,18535423,27.15,40,74.12,4542,49222,49.29,17.64,0.93,28.96,17.46,64.64,67,89.11,33.06,Tertiary,9203915,19848,3693,215.65,40.12,18.61
France,Oceania,Medium,58683499,73.97,38,50.33,8860,34846,26.73,16.18,11.69,47.07,46.69,75.09,67,62.15,25.24,Primary,29139769,62841,11694,215.65,40.13,18.61
United Kingdom,Africa,High,86309725,89.31,40,86.23,5502,29235,16.9,7.81,3.65,29.25,18.02,47.93,33,77.08,44.42,Primary,42857796,92424,17199,215.65,40.13,18.61
United States,North America,Low,122309093,59.5,37,39.57,7976,41504,12.14,13.99,8.58,61.49,19.33,24.47,48,69.65,78.32,Tertiary,60733575,130974,24373,215.65,40.13,18.61
Italy,Africa,Medium,51120057,68.79,31,62.4,9554,14679,40.4,8.14,0.9,75.01,31.91,30.04,39,57.7,76.24,Primary,25384080,54741,10187,215.65,40.13,18.61
India,South America,Low,135397964,47.11,43,54.36,1140,8792,44.07,6.49,14.8,46.27,45.61,47.14,45,64.83,27.57,Primary,67232961,144990,26981,215.65,40.13,18.61
Argentina,Europe,Low,153280668,55.74,37,22.51,9329,26138,20.52,15.66,2.78,79.91,15.79,40.6,54,97.1,30.05,Primary,76112763,164140,30545,215.65,40.13,18.61
Canada,Asia,Low,21952543,27.54,43,35.91,3470,5920,30.99,21.89,6.58,28.17,20.45,78.98,38,96.4,23.38,Primary,10900713,23507,4374,215.65,40.13,18.61
South Korea,South America,Medium,18344889,34.4,20,87.44,2718,3638,41.33,7.01,11.33,37.53,21.8,89.27,34,80.95,78.18,Secondary,9109303,19644,3655,215.65,40.12,18.61
Pakistan,Oceania,High,73206630,65.83,44,81.19,2722,18449,44.53,28.94,5.16,44.17,40.3,54.55,54,73.68,50.32,Secondary,36351348,78393,14588,215.65,40.13,18.61
Bangladesh,Oceania,Medium,89884720,46.46,46,48.6,6774,44746,46.46,32.14,14.42,30.12,16.41,10.31,61,82.61,22.8,Secondary,44632989,96253,17912,215.65,40.13,18.61
Pakistan,South America,High,106306915,18.61,27,76.9,9968,6224,13.52,20,6.12,77.07,25.76,66.14,32,50.02,54.5,Primary,52787564,113838,21184,215.65,40.13,18.61
Indonesia,Europe,High,38559597,15.28,36,47.07,6541,26054,16.78,30.55,2.23,73.7,28.89,63.97,64,53.47,46.32,Primary,19147081,41291,7684,215.65,40.13,18.61
Germany,Africa,Low,184456108,65.83,21,20.48,375,16591,43.45,28.91,14.21,23.59,41.63,68.13,42,83.59,69.54,Tertiary,91593182,197524,36758,215.65,40.13,18.61
Germany,Asia,Medium,80992128,23.86,25,46.52,8876,33102,17.13,26.88,7.36,48.6,28.68,80.56,53,62.88,33.05,Primary,40217300,86730,16140,215.65,40.13,18.61
Mexico,Asia,Low,119932427,65.86,27,49.76,7574,24561,34.3,12.09,5.65,39.2,31.66,82.62,42,86.53,45.63,Primary,59553423,128429,23900,215.65,40.13,18.61
South Korea,Asia,Low,78416396,74.92,41,45.81,9069,7753,41.63,10.45,0.56,67.49,30.56,76.03,33,73.2,75.34,Tertiary,38938299,83972,15626,215.65,40.13,18.61
Pakistan,Africa,Medium,71833656,70.89,34,20.95,9790,42173,36.51,39.06,10.42,75.24,12.05,23.47,49,73.66,29.25,Tertiary,35669586,76923,14315,215.65,40.13,18.61
France,Africa,High,180334155,23.79,40,52.55,9653,28890,35.29,31.87,3.68,48.66,20.9,35.62,30,76.24,44.86,Primary,89546392,193110,35936,215.65,40.13,18.61
China,North America,Low,99180026,30.69,34,52.22,6389,37990,31.09,19.7,9.46,70.1,30.09,73.84,43,91.89,49.14,Tertiary,49248649,106206,19764,215.65,40.13,18.61
Egypt,Europe,Medium,137306395,52.44,23,66.48,5685,9675,38.26,8.11,10.08,66.01,42.9,66.15,38,86.89,59.16,Tertiary,68180608,147034,27362,215.65,40.13,18.61
India,Asia,Medium,93655657,67.81,40,52.26,3366,31379,25.6,19.43,12.38,73.26,43.85,60.52,33,51.1,22.34,Tertiary,46505478,100291,18663,215.65,40.13,18.61
Saudi Arabia,Europe,High,189940627,25.5,29,42.67,6289,21988,31.19,31.54,2.29,24.96,45.71,19.4,36,68.93,76.38,Tertiary,94316564,203397,37851,215.65,40.13,18.61
India,South America,Medium,159028420,39.9,47,74.47,1334,2677,19.8,21.47,7.4,32.65,41.35,14.19,44,73.81,48.74,Secondary,78966856,170295,31691,215.65,40.13,18.61
Russia,Oceania,High,69212566,72.83,45,52.02,764,23792,26.13,37.84,4.54,77.49,34.37,84.66,67,50.49,41.45,Secondary,34368063,74116,13792,215.65,40.13,18.61
Argentina,South America,High,178240271,19.75,25,46.62,9510,18668,28.89,33.6,1.12,75.07,17.09,52.59,47,56.01,81.94,Primary,88506657,190868,35519,215.65,40.13,18.61
South Korea,North America,Low,109982064,51.99,37,66.18,542,42200,11.97,32.37,4.55,30.42,23.54,14.9,68,82.6,76.29,Tertiary,54612489,117774,21917,215.65,40.13,18.61
Brazil,Oceania,Medium,197039186,70.23,28,81.21,5461,12639,46.77,14.72,12.86,38.97,17.68,59.39,52,61.23,49.63,Secondary,97841411,210999,39265,215.65,40.13,18.61
United States,Africa,High,77712007,85.13,31,79.53,1057,45951,48.45,26.11,4.89,29.15,18.93,49.26,54,85.8,36.89,Tertiary,38588529,83217,15486,215.65,40.13,18.61
Italy,Europe,Medium,147831191,59.5,25,81.31,8011,40180,24.27,5.13,1.93,79.22,40.74,80.42,67,95.93,77.4,Tertiary,73406781,158304,29459,215.65,40.13,18.61
Italy,North America,Low,159080851,67.86,33,26.72,9916,11201,11.43,13.39,8.76,77.19,19.67,22.38,47,54.99,71.83,Tertiary,78992891,170351,31701,215.65,40.13,18.61
Canada,Africa,Low,70898600,87.58,27,38.76,152,19732,31.3,35.67,3.35,66.54,21.39,45.5,38,81.91,81.62,Primary,35205277,75921,14128,215.65,40.13,18.61
Indonesia,Africa,High,164751950,62.48,21,62.22,2194,36331,26.28,24.53,5.18,51.08,23.97,73.57,50,72.68,69.38,Secondary,81808922,176424,32831,215.65,40.13,18.61
Egypt,Africa,Low,178174916,21.28,37,50.41,822,23152,47.04,11.13,12.62,70.78,36.8,42.93,42,55.36,25.73,Secondary,88474205,190798,35506,215.65,40.13,18.61
Germany,Europe,Low,10283188,75,32,73.39,5285,42134,28.81,39.51,5.96,27.3,37,33.45,41,63.51,86.44,Primary,5106200,11011,2049,215.64,40.13,18.61
United States,South America,Low,17846479,48.78,45,35.31,9767,33094,22.86,9.5,2.84,41.73,41.12,47.48,64,81.29,68.76,Tertiary,8861814,19110,3556,215.64,40.13,18.61
Japan,Asia,Low,184382010,45.65,46,89.57,8459,45574,23.24,10.23,13.68,43.27,13.49,10.74,52,52.74,27.43,Secondary,91556388,197445,36743,215.65,40.13,18.61
Russia,Africa,Medium,149654002,68.42,49,49.51,9393,38360,9.24,10.94,8.81,70.24,11.75,40.34,43,66.76,86.28,Primary,74311913,160256,29822,215.65,40.13,18.61
Turkey,South America,Low,187679531,79.83,27,64.59,1683,11832,34.1,15.62,14.42,61,24.38,35.01,30,94.15,63.86,Tertiary,93193799,200976,37400,215.65,40.13,18.61
Italy,North America,Medium,15595213,77.04,44,56.09,3110,41289,12.24,36.14,3.04,63.28,39.29,57.77,51,65.21,86.43,Primary,7743929,16700,3107,215.65,40.12,18.6
Indonesia,Europe,Medium,29496675,14.96,37,39.12,7491,15989,17.42,38.25,12.92,32.23,36.11,46.74,33,61.77,47.95,Tertiary,14646814,31586,5878,215.65,40.13,18.61
Egypt,Africa,Medium,23458337,84.73,46,79.2,8172,21682,13.11,27.49,6.24,24.31,42.15,74.46,40,75.31,52.45,Secondary,11648428,25120,4674,215.65,40.13,18.61
United States,Europe,High,152888479,67.91,34,52.27,470,44471,11.97,17.5,11.47,64.49,42.83,10.39,54,51.38,88.09,Secondary,75918018,163720,30467,215.65,40.13,18.61
India,Asia,High,83319506,12.58,26,68.88,1295,41027,33.05,29.71,8.03,38.66,23.7,17.53,63,89.47,24.48,Secondary,41372979,89222,16603,215.65,40.13,18.61
Nigeria,Oceania,High,40491256,25.64,22,52.79,2053,41929,29.42,29.55,11.98,20.79,15.83,27.2,47,65.58,24.11,Tertiary,20106262,43360,8069,215.65,40.13,18.61
Egypt,Europe,High,70024898,81.46,21,67.43,6998,3778,41.03,14.38,8.91,59.01,32.75,83.71,59,93.15,73.42,Primary,34771433,74986,13954,215.65,40.13,18.61
Bangladesh,Asia,Medium,89266582,54.42,31,38.42,8595,8208,49.21,20.15,5.63,65.8,14.48,21.89,45,66.76,47.66,Secondary,44326048,95591,17789,215.65,40.13,18.61
India,Oceania,Medium,103139053,41.17,48,78.9,7256,32881,19.12,5.86,10.1,79.99,16.96,75.59,50,64.19,28.34,Secondary,51214536,110446,20553,215.65,40.13,18.61
United States,North America,High,195609879,17.25,48,58.38,7354,33752,37.62,8.21,8.67,61.82,29.56,21.24,55,87.16,68.06,Tertiary,97131677,209468,38981,215.65,40.13,18.61
Spain,Asia,Medium,65400561,35.86,36,26.01,4916,48611,33.69,17.66,2.4,43.85,28.44,71.18,47,50.22,23.8,Secondary,32475181,70034,13033,215.65,40.13,18.61
Vietnam,Europe,High,48732904,15.47,36,88,753,22705,24.62,11.15,6.83,36.59,41.35,52.12,58,95.66,81.75,Primary,24198720,52185,9711,215.65,40.13,18.61
South Africa,Africa,Medium,9218524,39.45,27,83.12,8769,4425,27.54,8.94,7.55,20.8,11.98,56.2,65,75.81,72.45,Primary,4577533,9871,1836,215.64,40.11,18.6
Pakistan,Africa,Low,43414406,72.3,42,49.01,9475,37876,6.81,23.46,2.29,60.74,49.46,50.2,32,52.12,38,Tertiary,21557776,46490,8651,215.65,40.13,18.61
United States,Asia,High,197026884,69.07,31,61.7,1089,30190,22.49,34.11,4.54,42.17,43.89,19.55,37,91.57,27.81,Primary,97835303,210986,39263,215.65,40.13,18.61
France,Asia,Medium,65727089,36.61,40,89.92,2349,25900,27.95,24.19,13.12,53.59,31.46,53.98,37,82.02,63.47,Secondary,32637321,70383,13097,215.65,40.13,18.61
Indonesia,Africa,Low,104648059,86.35,30,85.12,3837,26917,14.44,9.45,13.72,24.68,10.72,19.46,45,81.48,66.97,Primary,51963845,112062,20854,215.65,40.13,18.61
Turkey,Oceania,High,129459947,26.62,22,55.03,2323,43528,30.47,18.79,8.74,37.16,17.1,28.94,63,74.01,73.82,Tertiary,64284390,138632,25798,215.65,40.13,18.61
Spain,Africa,High,66023486,75.45,44,43.61,1082,12272,46.6,23.93,9.43,44.81,20.11,15.96,36,53.68,67.83,Primary,32784499,70701,13157,215.65,40.13,18.61
Saudi Arabia,Africa,Low,30711380,68.1,41,71.42,4995,35379,8.58,12.18,7.42,53.86,10.45,11.58,59,76.8,47.03,Secondary,15249985,32887,6120,215.65,40.13,18.61
Pakistan,Oceania,Medium,121490717,85.07,39,32.44,4643,14135,19.93,29.32,11.19,57.51,10.1,60.77,68,93.37,40.97,Tertiary,60327204,130098,24210,215.65,40.13,18.61
Bangladesh,Africa,Low,146634424,73.97,49,47.52,2800,10701,19.91,28.94,8.06,51.3,44.28,83.83,69,61.27,88.36,Tertiary,72812517,157023,29221,215.65,40.13,18.61
China,South America,Low,6478911,67.16,38,48.09,230,45633,30.12,21.98,0.76,76.18,41.83,83.32,53,95.61,47.9,Tertiary,3217156,6937,1290,215.63,40.1,18.6
South Africa,Europe,Low,85370293,71.92,38,21.84,6534,40464,48.93,21.69,5.86,57.5,27.01,22.08,59,83.39,68.38,Primary,42391314,91418,17012,215.65,40.13,18.61
China,Asia,Low,187757374,30.81,34,74.03,5215,45288,27.73,19.66,9.74,22.59,41.85,38.08,47,75.84,51.1,Tertiary,93232452,201059,37416,215.65,40.13,18.61
Italy,Africa,High,141543790,40.05,36,67.26,5330,30622,20.78,10.71,12.18,68.01,32.51,52.15,65,61.68,41.66,Tertiary,70284721,151572,28206,215.65,40.13,18.61
France,Africa,Low,117040696,67.93,27,80.63,2284,36248,21.43,24.58,5,38.88,15.94,13.24,66,84.64,71.72,Secondary,58117510,125332,23323,215.65,40.13,18.61
India,North America,Low,109868383,80.37,28,67.56,8300,36679,31.72,5.92,14.31,62.11,16.84,74.99,39,77.09,37.26,Tertiary,54556040,117652,21894,215.65,40.13,18.61
Japan,North America,Medium,129752317,64.09,48,67.59,777,35368,29.43,15.66,10.02,26.39,41.41,35.05,36,80.07,53.66,Tertiary,64429569,138945,25857,215.65,40.13,18.61
Australia,North America,High,195414817,85.37,25,59.81,726,20786,32.82,38.42,0.11,27.22,14.61,78.76,46,60.3,66.27,Tertiary,97034818,209259,38942,215.65,40.13,18.61
Pakistan,Europe,Medium,155701794,16.37,38,79.86,8659,32551,25.66,17.41,9.88,54.86,22.38,63.84,49,82.65,89.42,Secondary,77314993,166733,31028,215.65,40.13,18.61
Argentina,Oceania,Medium,52957113,63.02,22,68.89,5841,43324,35.58,23.55,1.67,71.29,18.59,86.23,66,84.95,86.28,Primary,26296285,56709,10553,215.65,40.13,18.61
United Kingdom,Africa,Low,6147057,68.68,40,75.95,167,36427,49.27,27.03,0.99,47.8,35.96,12.37,42,76.62,75.02,Primary,3052371,6582,1224,215.64,40.1,18.6
South Africa,Oceania,Low,10352545,81.39,22,77.2,7984,12001,45.67,28.82,14.05,62.69,46.16,11.74,50,84.45,34.95,Secondary,5140640,11086,2063,215.65,40.13,18.61
Bangladesh,North America,Low,38987245,70.66,48,26.95,8311,9367,39.47,27.92,11.6,34.08,23.61,45.99,68,55.53,83.59,Secondary,19359433,41749,7769,215.65,40.13,18.61
United States,South America,Medium,46098995,63.4,32,32.47,7103,41382,34.2,24.32,14.95,50.64,32.41,59.48,52,56.66,20.17,Tertiary,22890831,49365,9186,215.65,40.13,18.61
Spain,Oceania,Low,12547973,29.84,40,88.97,5684,15617,35.49,13.62,6.16,37.12,48.19,48.99,36,94.58,87.86,Primary,6230798,13436,2500,215.64,40.12,18.61
Vietnam,Europe,Medium,107431031,34.93,36,24.79,1274,10029,43.14,9.39,11.13,48.07,27.93,53.59,39,83.29,50.57,Primary,53345753,115042,21408,215.65,40.13,18.61
Turkey,Africa,High,62696514,16.81,29,64.74,9314,1335,46.6,37.24,9.71,75.11,42.26,14.4,52,79.81,61.63,Secondary,31132464,67138,12494,215.65,40.13,18.61
Mexico,Asia,Low,84005345,43.1,23,29.22,9161,45947,29.62,10.19,0.07,23.24,14.28,45.21,63,70.91,61.58,Secondary,41713537,89957,16740,215.65,40.13,18.61
United Kingdom,Oceania,Medium,112441284,58.33,33,74.8,8349,10844,9.08,32.57,13.14,61.67,46.16,35.04,51,59.22,84.21,Secondary,55833634,120407,22407,215.65,40.13,18.61
Vietnam,North America,Medium,147257127,67.19,25,56.67,6409,9813,20.78,12.41,2.47,46.11,16.96,85.26,46,93.94,67.59,Tertiary,73121725,157690,29345,215.65,40.13,18.61
Brazil,Africa,Medium,21652165,80.24,29,71.13,157,35291,40.19,31.8,7.84,21.68,22.16,40.26,37,73.05,23.36,Primary,10751558,23186,4314,215.65,40.12,18.61
Mexico,North America,High,176668122,36.11,34,52.78,1011,33561,33.56,36.55,3.33,71.78,20.46,67.18,47,97.85,35.54,Primary,87725994,189184,35206,215.65,40.13,18.61
Nigeria,Oceania,Medium,194383582,11.91,33,43.94,4726,23799,19.68,34.13,12.97,40.2,39.48,62.8,63,70.41,62.96,Secondary,96522750,208155,38736,215.65,40.13,18.61
India,Asia,Medium,67194564,44.54,43,83.44,5657,29040,43.84,24.98,5.1,45.62,29.68,18.77,41,92.69,34.42,Tertiary,33366007,71955,13390,215.65,40.13,18.61
France,Europe,High,83977310,48.42,35,84.12,6820,26479,49.56,33.87,10.96,32.87,16.26,23.74,43,90.89,66.93,Primary,41699616,89927,16735,215.65,40.13,18.61
Indonesia,Asia,Medium,175388050,15.44,39,42.42,1346,43387,24.87,12.63,4.21,74.07,46.08,61.35,52,80.02,37.02,Primary,87090364,187814,34951,215.65,40.13,18.61
Argentina,North America,Low,105620906,39.12,25,25.25,9141,1428,21.8,5.16,4.93,37.28,22.95,65.2,64,71.75,81.03,Secondary,52446920,113104,21048,215.65,40.13,18.61
Indonesia,Asia,Medium,190536813,87.52,27,35.78,2435,38624,40.47,31.45,9.05,25.88,20.08,15.02,60,87.49,73.36,Secondary,94612605,204036,37970,215.65,40.13,18.61
Canada,North America,High,96525938,85.36,37,72.53,2929,1205,40.72,21.41,10.72,53.27,45.84,23.4,51,78.09,89.68,Primary,47930740,103364,19235,215.65,40.13,18.61
South Korea,Oceania,Medium,137898359,65.39,27,71.61,8188,22718,38.82,24.85,5.45,55.58,19.5,25.22,30,62.31,63.95,Primary,68474552,147668,27480,215.65,40.13,18.61
Bangladesh,South America,Medium,47595817,35.74,22,41.95,1141,45059,8.5,14.91,12,53.16,25.91,65.4,32,61.93,60.19,Secondary,23634090,50967,9484,215.65,40.13,18.61
Saudi Arabia,North America,High,150316253,15.22,36,40.5,2521,35269,45.58,30.35,7.32,39.39,21.56,10.2,58,56.99,61.27,Tertiary,74640759,160966,29955,215.65,40.13,18.61
China,Oceania,Medium,59598591,20.56,45,84.2,1486,22622,47.62,16.55,6.39,25.91,49.32,59.02,36,79.65,56.88,Primary,29594165,63821,11876,215.65,40.13,18.61
China,South America,Low,161944480,57.79,32,81.64,9024,48746,6.37,35.32,2.33,48.02,12.49,26.07,36,90.72,52.12,Secondary,80414849,173418,32272,215.65,40.13,18.61
Bangladesh,Europe,Low,40151872,43.47,25,46.13,7922,14171,48.95,19.82,9.23,53.58,18.14,63.37,53,88.03,51.87,Secondary,19937738,42996,8001,215.65,40.13,18.61
Pakistan,Asia,Medium,49128447,40.19,45,35.89,4726,25078,23.86,37.67,1.75,69.29,20.87,56.47,49,70.29,41.35,Tertiary,24395130,52609,9790,215.65,40.13,18.61
South Korea,Asia,Low,23891358,50.49,31,44.63,7714,16572,20.88,35.8,8.94,75.08,43,47.79,66,53.34,35.45,Secondary,11863448,25584,4761,215.65,40.13,18.61
Vietnam,North America,Medium,105177262,69.26,45,37.13,9729,9142,44.97,33.89,5.67,27.78,12.86,78.14,44,96.17,45.22,Secondary,52226625,112629,20959,215.65,40.13,18.61
Pakistan,Europe,High,64665993,58.98,42,22.81,8995,33725,27.57,17.87,14.85,26.46,12.89,81.17,30,72.5,42.23,Primary,32110425,69247,12886,215.65,40.13,18.61
Pakistan,South America,Low,163491348,35.32,45,27.39,6178,45476,33.64,7.76,10.25,39.74,37.23,66.62,66,68.32,33.21,Primary,81182959,175074,32580,215.65,40.13,18.61
Italy,South America,Medium,130812015,73.06,21,37.99,7208,34220,38.14,34.34,9.39,64.06,35.99,22.79,44,54.67,54.84,Primary,64955771,140080,26068,215.65,40.13,18.61
Nigeria,North America,Low,66916743,37.32,33,81.37,3619,49243,5.66,29.02,11.41,42.24,11.34,64.81,35,62.73,28.42,Primary,33228053,71657,13335,215.65,40.13,18.61
South Africa,North America,Low,195068868,72.26,21,33.83,7308,8961,47.73,17.38,1.12,40.7,25.97,34.49,35,63.72,66.49,Secondary,96863034,208889,38873,215.65,40.13,18.61
Germany,Oceania,Low,13412890,36.37,49,38.25,2893,1290,47.39,27.54,12.59,50.14,15.13,60.99,45,87.89,80.72,Secondary,6660279,14363,2672,215.65,40.12,18.6
Saudi Arabia,South America,Low,62119782,12.86,36,61.93,9171,32094,11.03,26.65,2.3,53.84,13.75,47.4,60,94.57,84.49,Tertiary,30846083,66520,12379,215.65,40.13,18.61
Pakistan,Europe,Low,188239701,25.75,43,57.99,2258,31095,35.49,14.77,8.83,67.52,34.72,31.87,46,80.05,46.11,Secondary,93471956,201576,37512,215.65,40.13,18.61
Australia,North America,Medium,12943793,38.01,22,85.07,878,13320,7.34,35.82,2.74,30.53,37.76,20.18,57,82.8,37.62,Tertiary,6427345,13860,2579,215.64,40.13,18.61
Russia,Oceania,Low,86053449,57.04,37,85.94,3963,10476,23.23,8.39,0.74,70.09,11.25,23.69,54,85.24,38.1,Primary,42730540,92150,17148,215.65,40.13,18.61
India,Oceania,Medium,175751483,29.23,47,33.07,9167,3729,44.36,10.05,2.89,23.22,32.99,37.6,38,63.41,46.95,Primary,87270829,188203,35023,215.65,40.13,18.61
France,Europe,Medium,72773083,51.49,25,55.73,7226,44596,24.5,19.57,4.3,42.24,31.58,62.28,31,62.93,86.28,Primary,36136066,77929,14502,215.65,40.13,18.61
Egypt,Africa,High,130410056,13.21,42,87.62,2484,42884,41.53,19.36,12.52,36.15,48.61,56.62,48,74.97,83.31,Tertiary,64756175,139649,25988,215.65,40.13,18.61
Canada,Asia,Low,32333446,78.57,33,22.6,5527,46215,7.7,34.85,2.99,37.23,14.58,86.87,55,98.54,41.28,Tertiary,16055435,34624,6443,215.65,40.13,18.61
Canada,Africa,High,185831126,34.95,34,84.3,4206,37075,15.5,37.86,14.95,73.87,27.01,70.2,59,82.03,26.75,Tertiary,92275958,198997,37032,215.65,40.13,18.61
Russia,Asia,High,14946123,42.76,40,29.08,4052,44063,46.7,18.61,6.36,64.36,20.2,19.28,36,57.19,47.59,Tertiary,7421619,16005,2978,215.65,40.13,18.61
United Kingdom,North America,Low,71339107,55.28,41,81.6,6648,16268,11.9,12.68,5.25,36.36,23.02,53.62,61,98.75,76.18,Tertiary,35424014,76393,14216,215.65,40.13,18.61
Brazil,Europe,High,109754500,67.56,29,27.01,830,41519,32.6,11.84,8.07,50.51,48.13,69.69,55,74.8,31.95,Primary,54499490,117530,21871,215.65,40.13,18.61
Germany,South America,High,140173960,26.07,29,28.79,3284,49714,17.31,33.62,0.82,43.97,21.67,81.97,34,57.78,54.32,Tertiary,69604521,150105,27933,215.65,40.13,18.61
Mexico,Asia,High,13883482,21.3,29,54.65,3455,21422,16.85,19.08,8.09,72.6,24,40.65,65,53.84,21.6,Tertiary,6893956,14867,2766,215.65,40.12,18.6
Nigeria,South America,Low,1112274,64.42,20,27.24,7346,25625,44.76,17.15,8.58,38.78,30.59,65.09,32,98.07,81.85,Secondary,552308,1191,221,215.64,40.01,18.56
Saudi Arabia,Europe,High,193644670,68.64,27,61.87,3054,21239,25.5,36.37,14.63,79.06,14.36,37.08,50,69.94,49.28,Primary,96155837,207364,38589,215.65,40.13,18.61
United States,North America,High,112952036,71.8,40,61.84,5086,41775,16.17,25.71,3.13,42.65,31.71,69.93,69,90.31,39.81,Tertiary,56087253,120954,22508,215.65,40.13,18.61
Bangladesh,South America,Medium,76878105,29.71,44,37.86,3521,12764,24.63,22.25,6.94,60.78,46.66,84.61,42,83.28,25.92,Secondary,38174448,82324,15320,215.65,40.13,18.61
France,Oceania,Medium,62074033,84.19,41,78.2,4054,34464,34.79,39.98,8.92,62.11,24.16,43.19,35,90.71,42.2,Secondary,30823366,66471,12369,215.65,40.13,18.61
Nigeria,Africa,Medium,195149775,49.28,31,37.81,1127,42402,21.53,18.08,12.13,32.84,12.41,27.58,53,84.59,44.49,Primary,96903209,208976,38889,215.65,40.13,18.61
Argentina,Europe,Medium,169943219,14.55,40,52.67,6924,17567,43.91,11.36,14.04,73.41,16.18,27.56,59,88.58,76.03,Secondary,84386688,181983,33866,215.65,40.13,18.61
Mexico,Europe,High,46288509,25.39,25,37.56,8046,27076,22.29,10.28,5.02,67.2,39.91,63.08,36,80.67,73.97,Tertiary,22984935,49568,9224,215.65,40.13,18.61
Spain,South America,High,115263445,82.08,29,55.17,8053,16203,32.47,7.95,8.42,50.13,18.35,12,46,90.54,70.45,Secondary,57235001,123429,22969,215.65,40.13,18.61
South Africa,Asia,Low,116493159,62.76,32,37.44,9410,43775,38.92,7.79,11.29,22.93,17.41,24.2,51,76.27,80.9,Primary,57845626,124746,23214,215.65,40.13,18.61
South Korea,South America,Medium,62896491,31.29,34,78.12,4921,37994,25.37,18.91,5.69,21.51,40.58,80.52,42,55.74,74.15,Primary,31231764,67352,12533,215.65,40.13,18.61
Italy,North America,High,99260343,83.34,36,48.72,7385,31121,32.1,6.5,6.18,24.75,15.74,34.95,37,96.14,87.4,Tertiary,49288531,106292,19780,215.65,40.13,18.61
Turkey,South America,Low,86079309,12.16,45,38.18,7674,11793,33.08,17.66,6.94,30.61,29.85,75.56,37,58.41,59.79,Secondary,42743381,92177,17153,215.65,40.13,18.61
South Korea,Oceania,High,94086124,12.27,34,56.2,1922,47896,47.94,10.93,12.04,54.55,35.17,19.54,44,73.46,22.47,Tertiary,46719230,100752,18749,215.65,40.13,18.61
Bangladesh,Europe,Medium,76440566,34.14,27,30.52,2462,16367,22.7,8.79,2.46,33.51,36.37,13.92,37,60.33,49.89,Primary,37957185,81856,15233,215.65,40.13,18.61
Russia,Oceania,Low,84694966,21.28,49,65.74,3827,22164,8.61,38.6,1.79,33.08,32.55,39.04,48,73.21,41.01,Secondary,42055974,90695,16877,215.65,40.13,18.61
Egypt,Africa,High,170685634,11.83,44,81.57,6723,22558,12.9,23.74,9.29,42.09,47.04,64.53,50,70.13,42.12,Primary,84755341,182778,34014,215.65,40.13,18.61
Bangladesh,South America,High,108879669,64.4,31,80.4,5210,46957,14.67,23.27,5.54,44.09,23.34,80.66,64,85.44,62.54,Secondary,54065086,116593,21697,215.65,40.13,18.61
Japan,Africa,Medium,74604506,32.07,37,51.14,8426,27084,31.11,27.57,4.54,36.99,12.23,88.65,52,83.92,88.54,Primary,37045474,79890,14867,215.65,40.13,18.61
Canada,Europe,Medium,90306630,60.25,34,87.02,8332,35169,39.48,33.9,9.31,68.68,30.88,50.91,45,54.41,66.96,Primary,44842492,96704,17996,215.65,40.13,18.61
Egypt,South America,Medium,95046224,55.48,38,78.59,6632,49177,15.93,29.79,0.15,36.81,32.68,55.26,63,69.44,43.86,Secondary,47195976,101780,18940,215.65,40.13,18.61
India,Europe,High,176371215,80.27,27,54.87,7636,6249,19.74,36.25,0.47,53.92,36.91,17.54,30,57.08,79.21,Secondary,87578562,188867,35147,215.65,40.13,18.61
India,Europe,Medium,115072067,66,20,22.55,9578,27087,8.29,6.18,3.16,69.35,26.09,21.36,47,82.67,53.56,Primary,57139971,123224,22931,215.65,40.13,18.61
Saudi Arabia,Asia,High,182842458,26.4,31,43.74,6717,5131,17.4,35.3,6.7,23.07,42.17,32.94,33,55.46,70.5,Tertiary,90791911,195796,36436,215.65,40.13,18.61
China,Asia,Low,66820357,19.97,20,38.75,1988,47673,44.11,37.47,12.31,26.82,35.49,44.56,43,59.23,83.06,Secondary,33180192,71554,13315,215.65,40.13,18.61
Pakistan,Oceania,High,44919746,42.85,25,38.01,5923,18455,32.61,11.81,14.67,45.4,45.99,87.91,44,57.96,79.91,Tertiary,22305265,48102,8951,215.65,40.13,18.61
Argentina,Asia,Low,31595550,86.33,47,31.12,7231,38526,43.13,7.37,0.08,58.17,30.58,14.14,40,89.38,29.49,Secondary,15689027,33834,6296,215.65,40.13,18.61
Vietnam,North America,High,48188080,53.43,47,68.27,9862,47774,47.81,35.34,4.7,22.15,49.26,24.86,62,67.84,67.49,Primary,23928183,51602,9602,215.65,40.13,18.61
France,Europe,Low,155936605,21.67,25,36.84,7776,12410,35.83,36.36,12.64,71.5,25.71,87.26,64,96.61,78.47,Tertiary,77431590,166984,31074,215.65,40.13,18.61
Mexico,South America,High,36247794,32.7,33,75.85,8283,27721,34.59,13.83,7.61,56.81,48.78,82.72,38,56.26,55.19,Secondary,17999137,38815,7223,215.65,40.13,18.61
Egypt,Europe,Low,56814185,67.54,48,20.9,3361,28739,46.35,31.69,5.56,69.66,37.91,87.23,45,89.85,87.06,Primary,28211546,60839,11321,215.65,40.13,18.61
India,Europe,High,175989520,60.19,43,29.25,3107,46610,45.59,28.8,12.93,26.18,47.81,26.08,48,95.6,68.1,Secondary,87389028,188458,35071,215.65,40.13,18.61
Argentina,Africa,Medium,91119417,26.41,34,35.16,3595,10346,8.83,11.08,2.92,66.87,12.25,40.81,50,56.86,44.62,Primary,45246088,97575,18158,215.65,40.13,18.61
United Kingdom,Asia,Medium,55907327,75.2,29,51.92,5778,23172,44.37,6.1,10.51,67.27,32.79,71.66,47,53.88,31.65,Tertiary,27761238,59868,11141,215.65,40.13,18.61
Russia,Oceania,Medium,16896476,23.05,30,29.71,3967,13538,35.94,12.76,1.12,34.47,34.13,86.87,47,88.5,86.87,Tertiary,8390082,18093,3367,215.65,40.13,18.61
Pakistan,South America,Medium,52856203,16.94,41,41.78,9482,38325,10.88,34.09,10.64,56.69,13.55,59.64,37,54.82,45.21,Primary,26246177,56601,10533,215.65,40.13,18.61
Bangladesh,North America,High,141878008,88.89,22,23.26,8299,4410,9.15,6.92,9.48,59.92,21.11,40.13,53,52.94,75.51,Tertiary,70450679,151930,28273,215.65,40.13,18.61
United States,Asia,Medium,96387993,22.43,35,36.09,198,34590,27.31,25.93,9.15,34.52,28.84,41.61,66,74.19,40.14,Primary,47862242,103217,19208,215.65,40.13,18.61
Canada,Africa,High,66530246,27.42,41,47.34,4480,7176,28.24,14.26,9.02,22.16,32.57,69.37,34,93.62,67.15,Secondary,33036135,71243,13257,215.65,40.13,18.61
Argentina,South America,Low,73888053,56.69,40,46.95,5617,1742,17.22,25.31,1.6,50.49,31.58,48.9,45,59.39,42.66,Primary,36689714,79122,14724,215.65,40.13,18.61
South Korea,Europe,High,124298129,20.86,45,37.47,2244,45626,27.19,10.38,1.73,54.07,13.48,62.24,50,86.92,22.11,Secondary,61721247,133104,24770,215.65,40.13,18.61
Russia,North America,High,172156465,10.79,27,80.39,328,19801,30.68,35.51,11.26,34.4,39.7,55.68,55,73.21,29,Tertiary,85485694,184353,34307,215.65,40.13,18.61
Pakistan,Africa,High,18574614,67.52,34,72.25,1751,13687,24.06,16.41,3.46,60.19,41.37,71.94,40,52.02,21.4,Secondary,9223375,19890,3701,215.65,40.13,18.61
Vietnam,South America,Low,123112815,83.33,40,29.82,4723,47843,20.97,35.17,9.7,75.44,21.99,56.16,56,77.48,27.45,Tertiary,61132670,131835,24533,215.65,40.13,18.61
Indonesia,Oceania,High,124052260,58.2,39,33.58,8562,41381,43.37,24.76,0.96,42.23,25.54,63.29,42,80.72,79.58,Secondary,61599159,132841,24721,215.65,40.13,18.61
Russia,North America,High,176002114,86.79,21,86.88,4520,41703,44.16,16.17,13.59,74.99,41.5,14.01,38,84.65,27.03,Secondary,87395282,188471,35073,215.65,40.13,18.61
Saudi Arabia,Oceania,Medium,142594698,68.42,38,88.31,1488,26285,15.84,9.28,12.13,42.67,24.81,24.3,31,65.84,85.93,Secondary,70806558,152697,28416,215.65,40.13,18.61
Italy,North America,Low,6999039,83.41,35,26.76,883,49958,5.7,38.08,12.27,24.16,31.43,76.66,37,88.34,75.35,Tertiary,3475429,7494,1394,215.63,40.11,18.6
Indonesia,Europe,Medium,72734501,60.84,43,86.43,2832,19499,24.76,22.93,3.62,66.91,47.23,25.32,59,96.66,21.75,Secondary,36116908,77887,14494,215.65,40.13,18.61
Nigeria,South America,High,199810456,15.76,21,23.06,8568,49619,31.01,9.17,2.45,76.25,17.48,27.32,65,95.46,22.99,Tertiary,99217508,213966,39818,215.65,40.13,18.61
Russia,Europe,Low,108257990,87.22,40,38.94,8304,30969,42.95,24.8,8.46,59.58,31.16,85.76,37,66.57,66.59,Primary,53756386,115928,21573,215.65,40.13,18.61
Canada,Europe,High,46444584,49.39,27,53.22,8990,43892,28.98,36.3,0.35,66.89,22.68,29.51,40,58.05,74.94,Secondary,23062436,49735,9255,215.65,40.13,18.61
Argentina,Europe,Medium,60783445,85.05,48,49.07,5241,12979,21.63,27.37,7.82,74.03,38.99,70.34,64,80.19,22.13,Primary,30182514,65089,12112,215.65,40.13,18.61
Argentina,North America,High,89784564,89.88,40,79.2,6127,35553,19.57,33.05,8.25,74.37,21.08,58.59,34,65.18,78.29,Secondary,44583256,96145,17892,215.65,40.13,18.61
Egypt,Oceania,Low,134592541,60.61,48,28.07,954,17046,42.86,21,9.87,25.77,36.25,64.55,38,61.14,71.83,Primary,66833021,144128,26821,215.65,40.13,18.61
United Kingdom,South America,Medium,144851303,40.67,25,47.91,9157,9577,12.82,28.06,14.09,59.34,28.3,69.45,44,98.21,63.01,Tertiary,71927093,155113,28865,215.65,40.13,18.61
Brazil,Oceania,Low,27918238,51.38,41,60.22,4834,20883,44.86,7.6,4.84,54.77,20.78,44,36,87.74,55.85,Tertiary,13863028,29896,5563,215.65,40.13,18.61
India,Oceania,Low,119326763,54.56,37,85.56,9293,26244,21.81,38.19,5.19,30.05,11.09,15.15,61,75.08,46.2,Primary,59252675,127781,23779,215.65,40.13,18.61
Russia,Oceania,Medium,129070762,81.52,38,21.96,4526,36961,20.04,21.6,8.64,54.65,31.87,55.15,31,60.29,41.78,Primary,64091137,138215,25721,215.65,40.13,18.61
Bangladesh,Asia,High,198316605,34.98,29,56.58,1132,12958,19.61,18.03,11.54,44.09,41.38,50.45,54,65.26,63.87,Tertiary,98475724,212367,39520,215.65,40.13,18.61
South Africa,Asia,Medium,23906101,67.28,47,53.94,3351,16799,13.2,5,4.49,47.84,19.03,67.7,42,74.41,23.13,Tertiary,11870769,25599,4763,215.65,40.12,18.61
Pakistan,North America,High,14078541,47.8,43,77.11,1530,32947,40.36,9.38,3,43.09,45.68,51.91,43,69.46,52.03,Tertiary,6990814,15076,2805,215.65,40.12,18.61
Russia,Oceania,Medium,152161636,55.43,36,83.21,2889,13780,38.24,5.46,7.05,70.19,48.72,61.07,69,59.88,21.83,Primary,75557099,162942,30322,215.65,40.13,18.61
Brazil,Europe,High,139067596,13.5,28,55.66,2240,42642,8.21,27.06,14.52,74.3,30.83,38.44,31,74.81,58.41,Primary,69055146,148920,27713,215.65,40.13,18.61
China,North America,High,60505891,73.94,41,84.98,6424,3298,49.19,29.32,2.67,22.3,13.07,13.25,42,74.43,55.67,Tertiary,30044692,64792,12057,215.65,40.13,18.61
Nigeria,Europe,High,129596389,60.99,49,89.23,1794,34469,34,31.45,5.49,50.6,19.36,27.02,63,63.27,63.64,Tertiary,64352142,138778,25825,215.65,40.13,18.61
South Africa,South America,High,1200743,51.84,21,33.37,5889,2779,8.13,33.21,6.4,27.61,48.05,80.47,50,92.06,34.25,Primary,596238,1285,239,215.52,40.08,18.6
South Korea,Asia,High,189603166,65.02,43,42.59,6288,5065,17.99,6.23,12.7,35.11,33,49.68,33,66.53,79.06,Secondary,94148995,203036,37784,215.65,40.13,18.61
India,Africa,Medium,12922201,46.71,48,87.9,6999,20845,26.36,36.81,3.39,75.96,19.22,12.77,65,55.98,77.9,Primary,6416624,13837,2575,215.64,40.13,18.61
Turkey,Europe,Medium,170558088,29.39,47,85.98,8450,45094,34.37,11.04,1.92,64.38,32.81,63.15,36,66.01,43.44,Secondary,84692007,182642,33988,215.65,40.13,18.61
Russia,Asia,High,92856538,52.14,37,76.68,7501,41994,27.86,22.05,1.99,47.32,29,43.69,46,79.63,20.07,Tertiary,46108669,99435,18504,215.65,40.13,18.61
Mexico,North America,High,72250478,45.7,27,70.54,5114,18291,20.41,12.52,12.56,50.76,34.61,87.41,43,82.25,29.75,Tertiary,35876563,77369,14398,215.65,40.13,18.61
Brazil,Oceania,Low,84056391,72.97,49,25.17,9053,47660,24.21,32.83,0.1,28.35,46.22,19.77,40,71.62,84.42,Primary,41738885,90011,16750,215.65,40.13,18.61
Argentina,Africa,High,65701190,89.93,45,34.01,6302,23621,31.77,35.7,0.11,54.22,41.86,70.78,66,84.11,22.11,Primary,32624460,70356,13092,215.65,40.13,18.61
Turkey,North America,High,72820603,66.68,26,53.15,1461,19238,13.52,38.69,12.71,48.61,10,79.08,39,59.75,26.71,Secondary,36159663,77979,14511,215.65,40.13,18.61
Argentina,North America,Medium,183794007,55.92,44,66.38,3740,16058,42.94,39.5,4.85,76.84,23.29,29.08,44,61.61,59.24,Tertiary,91264410,196815,36626,215.65,40.13,18.61
Bangladesh,Africa,Medium,115352789,40.1,42,62.94,4586,3802,25.43,21.28,7.99,30.08,34.74,66.44,39,66.38,79.37,Tertiary,57279366,123525,22987,215.65,40.13,18.61
China,Oceania,Low,76746814,41.55,45,73.99,9851,1990,37.86,16.73,10.03,28.08,14.15,14.94,35,51.47,32.95,Secondary,38109255,82184,15294,215.65,40.13,18.61
Italy,South America,Medium,109285456,85.82,38,82.29,2282,30288,9.36,5.42,10.55,62.85,29.27,38.99,51,75.39,56.48,Secondary,54266582,117028,21778,215.65,40.13,18.61
Nigeria,Europe,High,115196147,83.67,40,49.83,3123,48347,25.53,10.66,4.03,29.36,10.15,40.46,55,94.84,25.83,Secondary,57201584,123357,22956,215.65,40.13,18.61
Turkey,South America,Medium,5797021,20.56,38,55.17,3305,29453,10.03,19.75,9.11,25.02,41.26,53.3,51,67.6,48.68,Tertiary,2878557,6207,1155,215.63,40.12,18.61
Canada,North America,Low,78106687,23.49,47,77.4,3594,41424,37.13,13.6,7.1,45.6,47.37,74.57,41,78.13,30.93,Tertiary,38784511,83640,15565,215.65,40.13,18.61
Spain,South America,Medium,91166546,70.18,26,40.92,6105,30170,34.13,10.01,11.29,22.74,44.19,49.87,62,68.58,64.17,Secondary,45269490,97625,18167,215.65,40.13,18.61
United States,Africa,High,36374946,41.48,36,44.63,3842,49619,30.77,6.18,2.94,69.02,26.4,83.32,56,91.65,72.16,Secondary,18062275,38952,7248,215.65,40.13,18.61
India,Oceania,Low,25271523,32.93,44,47.18,8434,37046,35.3,29.7,7.62,31.24,24.33,25.1,49,68.56,84.38,Primary,12548780,27062,5036,215.65,40.13,18.61
India,Europe,Medium,181853745,79.92,31,44.63,7873,36386,36.4,38.01,1.54,46.38,11.08,77.12,36,71.19,21.19,Tertiary,90300957,194738,36239,215.65,40.13,18.61
South Korea,Europe,Medium,98751180,86.68,49,23,258,20322,18.63,10.73,6.38,58.89,20.9,31.09,57,70.01,85.62,Tertiary,49035702,105747,19679,215.65,40.13,18.61
Australia,South America,Low,87442714,58.41,48,89.11,4971,31578,13.74,28.93,5.91,45.4,48.95,48.01,37,94.71,86.82,Primary,43420391,93637,17425,215.65,40.13,18.61
Russia,North America,High,121937445,39.33,32,39.87,1068,11698,37.69,16.84,9.79,73.39,16.28,83.33,36,85.74,86.28,Secondary,60549031,130576,24299,215.65,40.13,18.61
Canada,Oceania,High,96611738,10.73,22,35.07,638,43453,19.63,30.6,14.1,55.18,34.94,70.91,54,61.12,74.6,Secondary,47973345,103456,19252,215.65,40.13,18.61
United States,Africa,Low,83617881,69.99,25,89.37,8025,19991,32.08,25.65,2.61,52.97,31.58,24.8,65,56.57,66.67,Secondary,41521139,89542,16663,215.65,40.13,18.61
India,Oceania,Medium,39797481,54.33,26,45.08,9836,24588,8.14,38.08,5.52,64.51,24.39,40.26,43,63.11,64.85,Secondary,19761763,42617,7930,215.65,40.13,18.61
India,North America,Medium,158155367,86.74,37,37.01,8879,42659,37.64,7.86,8.51,38.15,42.74,38.78,65,96.05,53.88,Primary,78533335,169360,31517,215.65,40.13,18.61
France,Asia,High,141133480,63.92,27,81.92,5463,35432,34.81,37.01,5.4,62.46,17.11,73.81,37,56.97,84.42,Tertiary,70080978,151132,28124,215.65,40.13,18.61
South Africa,North America,Low,104022128,26.4,25,51.08,4557,43338,28.7,6.47,0.36,58.39,47.05,68.98,47,55.21,48.24,Tertiary,51653034,111392,20729,215.65,40.13,18.61
Australia,Europe,Low,25823286,44.7,33,74.9,3579,36453,7.83,25.18,4.51,57.95,43.96,43.35,53,54.15,69.12,Tertiary,12822762,27652,5145,215.65,40.12,18.61
Canada,Africa,Low,87714795,30.22,38,73.3,950,22561,34.06,17.09,10.63,77.43,37.84,69.7,46,68.31,59.76,Secondary,43555495,93929,17479,215.65,40.13,18.61
Mexico,Europe,High,180570704,64.24,30,51.5,2917,17677,28.53,15,9.86,55.36,44.42,58.55,55,81.48,89.86,Primary,89663853,193364,35984,215.65,40.13,18.61
Canada,Oceania,High,53416478,48.71,37,32.95,6496,39347,30.5,11.42,14.1,74.37,34.25,43.91,47,61.44,76.54,Primary,26524387,57201,10644,215.65,40.13,18.61
Indonesia,North America,High,16246566,87.06,22,22.01,6001,39786,35.9,30.51,2.27,26.66,14.03,32.1,61,89.8,46.84,Secondary,8067364,17397,3237,215.65,40.12,18.61
China,Africa,Medium,142724426,15.44,44,63.31,9171,15122,32.88,8.6,0.49,57.7,23.7,13.09,60,53.37,23.82,Tertiary,70870975,152836,28442,215.65,40.13,18.61
South Korea,Asia,Low,169703782,47.07,40,35.49,8709,24769,15.49,12.5,14.16,24.36,29.55,85.03,66,63.86,22.05,Primary,84267794,181727,33818,215.65,40.13,18.61
Spain,Europe,Low,186103309,47.65,34,22.86,7727,18735,20.37,31.27,9.03,72.36,23.22,37.19,35,85.84,30.65,Secondary,92411113,199288,37086,215.65,40.13,18.61
United States,North America,High,142120112,88.75,34,69.99,286,27713,49.59,36.17,10.9,44.32,12.99,20.44,62,58.16,64.59,Primary,70570898,152189,28321,215.65,40.13,18.61
Bangladesh,Oceania,Low,165080554,36.91,30,49.32,3582,38254,15.25,7.89,12.33,60.32,17.11,36.48,38,50.17,57.33,Tertiary,81972093,176776,32897,215.65,40.13,18.61
Italy,North America,High,183686969,60.35,35,50.47,408,35033,8.34,33.55,0.55,45.55,49.06,87.5,54,74.21,33.87,Primary,91211259,196701,36605,215.65,40.13,18.61
France,South America,Low,161375995,46.94,22,88.32,4700,12383,43.77,32.02,6.16,26.51,42.95,55.42,48,82.01,58.86,Secondary,80132564,172809,32158,215.65,40.13,18.61
South Africa,Africa,Medium,7260154,18.39,47,45.84,5133,12034,10.96,9.35,14.43,68.35,41.9,85.65,40,84.64,36.18,Primary,3605088,7774,1446,215.64,40.11,18.6
China,Oceania,High,67286149,16.52,43,55.52,6393,49155,23.54,32.54,5.91,27.49,43.26,69.88,60,95.91,80.88,Primary,33411485,72053,13408,215.65,40.13,18.61
South Korea,Asia,Medium,88053284,28.82,41,45.48,3905,36370,36.73,37.44,12.38,57.62,43.15,75.01,43,69.31,58.9,Secondary,43723575,94291,17547,215.65,40.13,18.61
Japan,South America,Medium,139646636,80.81,32,43.6,404,42519,11.04,33.14,0.43,65.94,47.79,62.38,35,88.54,27.45,Primary,69342673,149540,27828,215.65,40.13,18.61
United Kingdom,North America,Medium,47410418,69.02,20,21.79,8177,48083,23.95,21.67,3.59,34.36,24.16,36.19,33,67.27,76.33,Secondary,23542029,50769,9447,215.65,40.13,18.61
Brazil,South America,Medium,147682339,14.75,29,23.11,2606,42640,35.83,17.25,14.09,64.98,21.99,66.33,65,95.83,39.55,Tertiary,73332867,158145,29430,215.65,40.13,18.61
Egypt,South America,High,108166140,38.02,36,46.4,8582,3771,7.03,13.21,14.72,70.69,30.6,29.48,52,56.87,85.85,Secondary,53710777,115829,21555,215.65,40.13,18.61
Spain,South America,High,156457725,40.74,43,54.53,1407,5481,26.83,18.59,6.14,67.5,22.37,21.43,32,96,62.57,Secondary,77690357,167542,31178,215.65,40.13,18.61
Mexico,Europe,High,128314325,35.09,32,30.07,8276,13943,17.36,35.87,8.52,61.67,39.26,26.23,46,82.23,79.3,Secondary,63715522,137405,25570,215.65,40.13,18.61
Australia,Oceania,High,89962539,79.71,35,31.82,1937,3777,30.86,26.08,13.48,25.49,43.83,65.09,31,65.02,58.22,Primary,44671631,96336,17927,215.65,40.13,18.61
Turkey,Africa,High,101777696,32.43,37,41.4,8759,39941,31.41,10.99,0.79,62.58,25.7,29.81,43,74.39,77.4,Secondary,50538543,108988,20282,215.65,40.13,18.61
Brazil,South America,Low,57265370,42.2,42,42.01,9550,16348,34.07,31.75,2.53,46.09,48.54,75.28,45,63.85,75.77,Secondary,28435585,61322,11411,215.65,40.13,18.61
Vietnam,Europe,High,187651652,36.8,34,72.93,1688,21636,41.35,23.26,3.83,79.55,41,29.79,56,97.88,60.33,Secondary,93179955,200946,37395,215.65,40.13,18.61
Egypt,Europe,Medium,4494916,15.76,49,86.87,991,12254,14.9,31.57,3.53,59.53,18.93,39.92,30,80.77,27.33,Primary,2231987,4813,895,215.64,40.1,18.6
Vietnam,Africa,Low,93716962,75.01,35,67.89,3791,32858,14.75,6.37,6.32,22.62,24.54,71.06,67,65.33,63.51,Primary,46535920,100356,18675,215.65,40.13,18.61
Brazil,South America,Low,22687221,69.19,46,35.73,3936,4499,30.71,38.42,4.11,56.75,39.28,89.56,47,64.38,71.78,Secondary,11265524,24294,4521,215.65,40.13,18.61
South Africa,Europe,High,91132384,17.98,27,67.34,7068,13656,16.03,21.57,6.79,56.6,40.88,39.17,61,53.15,49.61,Secondary,45252527,97589,18160,215.65,40.13,18.61
Russia,North America,Medium,13879821,17.68,40,76.85,2032,47817,35.93,8.94,8.57,74.15,10.75,58.42,45,85.09,85.94,Secondary,6892138,14863,2765,215.65,40.12,18.6
Japan,South America,Medium,114849062,73.02,33,40.87,5686,47402,6.6,36.08,8.02,22.56,26.04,12.03,52,51.96,59.82,Tertiary,57029236,122986,22887,215.65,40.13,18.61
Turkey,Oceania,Medium,176238120,52.52,30,44.51,1855,38270,11.95,28.88,8.5,70.53,29.92,25.96,45,78.12,25.6,Tertiary,87512473,188724,35120,215.65,40.13,18.61
United States,Oceania,Medium,143084218,61.76,30,59.78,5467,49067,34.59,24.58,3.38,48.35,12.04,43.23,52,77.62,75.08,Secondary,71049633,153221,28513,215.65,40.13,18.61
Italy,Asia,Medium,115088237,87.79,31,59.77,4978,7364,37.81,32.64,1.61,26.72,25.61,23.42,53,68.48,73.42,Tertiary,57148001,123242,22934,215.65,40.13,18.61
United States,Africa,Low,198620310,30.09,47,69.61,6374,40579,35.47,25.77,4.4,63.54,30.15,71.82,54,96.37,66.09,Tertiary,98626531,212692,39581,215.65,40.13,18.61
Argentina,North America,Medium,172174756,44.17,40,75.47,3726,20387,9.29,19.78,14.68,76.07,17.77,21.69,46,97.26,71.56,Tertiary,85494776,184373,34310,215.65,40.13,18.61
Brazil,Europe,Low,125662665,22.24,46,79.87,6393,37880,30.33,15.37,9.52,75.22,27.94,82.63,53,55.8,51.29,Tertiary,62398819,134565,25041,215.65,40.13,18.61
Spain,South America,Medium,126775724,89.35,43,71.14,9913,18417,30.78,39.14,12.87,50.77,36.33,31.67,64,81.01,57.22,Tertiary,62951517,135757,25263,215.65,40.13,18.61
Italy,Oceania,Medium,65791436,52.7,49,36.66,1546,46292,24.72,19.53,5.12,48.17,26.81,37.3,44,69.27,21.8,Secondary,32669273,70452,13110,215.65,40.13,18.61
United Kingdom,Oceania,High,69811096,84.89,34,66.32,7858,42499,38.99,10.95,14.12,35.61,19.28,51.2,69,64.98,77.7,Primary,34665268,74757,13911,215.65,40.13,18.61
Turkey,South America,High,195033920,82.16,34,27.88,3546,6631,48.8,38.41,8.58,52.72,34.4,57.95,58,69.75,56.55,Secondary,96845680,208852,38866,215.65,40.13,18.61
Bangladesh,North America,Medium,112035980,72.49,47,24.83,4278,1186,42.39,19.31,2.52,35.78,33.16,18.58,51,74.4,50.99,Tertiary,55632377,119973,22326,215.65,40.13,18.61
Russia,South America,Medium,122606314,15.25,40,63.05,9186,26636,20.46,8.2,9.25,58.65,47.25,12.01,43,53.55,84.58,Primary,60881163,131292,24432,215.65,40.13,18.61
Canada,South America,Medium,59924919,82.54,23,33.39,2305,17801,22.55,36.44,2.45,65.43,17.65,49.11,36,94.43,22.76,Primary,29756206,64170,11941,215.65,40.13,18.61
Italy,Europe,High,125664547,72.56,26,58.1,6269,17409,29.24,8.1,6.99,66.79,44.38,26.98,37,75.1,50.46,Primary,62399753,134567,25042,215.65,40.13,18.61
Bangladesh,Asia,High,154594806,74.83,30,60.15,2338,14813,34.56,12.82,0.85,56.12,11.84,28.46,67,88.01,71.43,Secondary,76765309,165547,30807,215.65,40.13,18.61
Mexico,South America,Low,97559931,88.4,47,26.05,4884,47845,28.57,28.78,13.58,41.19,47.28,75.28,52,71.45,30.17,Secondary,48444177,104472,19441,215.65,40.13,18.61
Bangladesh,Oceania,High,23772461,60.38,44,66.03,8972,40368,21.75,20.79,8.86,57.34,26.67,54.73,48,85.97,28.88,Primary,11804409,25456,4737,215.65,40.13,18.61
Vietnam,Africa,High,83643074,62.77,31,23.92,4450,47176,30.06,18.38,4,21.73,19.68,55.94,47,63.72,40.05,Secondary,41533649,89569,16668,215.65,40.13,18.61
United States,Africa,Medium,165927751,18.83,23,40.1,6188,38261,42.42,28.07,0.63,53.37,16.27,68.7,48,63.23,80.84,Primary,82392775,177683,33065,215.65,40.13,18.61
Japan,Africa,High,12682544,43.19,39,50.95,8940,1615,31.85,23.73,4.9,20.18,12.19,57.5,43,86.23,73.22,Primary,6297620,13581,2527,215.65,40.13,18.61
Italy,Africa,Low,156418572,32.32,33,53.19,9109,32587,47.48,6.22,1.49,31.04,44.41,14.23,30,86,48.09,Primary,77670915,167500,31170,215.65,40.13,18.61
Italy,Asia,Medium,65816973,89.74,47,78.53,9435,3371,39.58,6.54,8.32,55.39,19.66,65.67,59,79.1,81.68,Tertiary,32681953,70480,13116,215.65,40.13,18.61
Nigeria,Asia,High,153556998,86.4,49,44.67,6726,24354,39.29,31.52,6.49,32.88,12.13,67.75,45,94.77,32.14,Tertiary,76249977,164436,30600,215.65,40.13,18.61
Argentina,Asia,Medium,16948531,71.56,31,22.58,1025,37262,35.1,21.4,7.25,69.78,25.69,43.92,58,56.91,75.34,Primary,8415931,18149,3377,215.65,40.13,18.61
Vietnam,Asia,High,168153689,49.36,28,76.91,5557,33652,25.94,39.69,10.03,50.3,49.06,38.75,42,95.39,42.12,Tertiary,83498083,180067,33509,215.65,40.13,18.61
Pakistan,Asia,Medium,186342528,72.49,49,57.67,8226,13517,49.27,6.16,0.46,47.03,46.56,46.78,63,98.88,48.96,Primary,92529899,199544,37134,215.65,40.13,18.61
Mexico,Oceania,Medium,39472123,50.77,43,79.05,8210,8212,5.02,32.55,3.55,26.22,23.47,41.86,55,76.92,34.7,Tertiary,19600204,42268,7865,215.65,40.13,18.61
South Korea,North America,Low,148804508,88.72,28,75.4,3780,19772,34.04,21.05,3.68,47.15,49.96,81.62,65,88.07,38.64,Tertiary,73890089,159347,29653,215.65,40.13,18.61
Italy,Oceania,Medium,106380741,41.06,44,25.85,4888,47303,46.01,17.12,10.7,24.18,24.41,63.37,30,85.62,67.71,Primary,52824223,113917,21199,215.65,40.13,18.61
Brazil,Asia,High,22358146,27.54,32,42.39,1239,5102,48.05,23.7,7.9,64.01,33.12,69.37,67,89.25,45.54,Tertiary,11102119,23942,4455,215.65,40.13,18.61
Canada,South America,Low,185720977,63.24,41,47,2994,4797,40.89,37.95,0.24,30.26,26.71,75.9,48,92.76,72.83,Tertiary,92221263,198879,37010,215.65,40.13,18.61
Japan,Oceania,Low,56873260,71,25,75.31,1979,2064,15.88,38.73,7.53,75.59,41.39,80.88,49,58.48,59.08,Tertiary,28240880,60902,11333,215.65,40.13,18.61
South Korea,South America,Medium,66429986,61.24,21,55.49,992,26703,37.88,5.35,11.72,65.12,42.66,59.1,68,86.11,81.58,Secondary,32986350,71136,13238,215.65,40.13,18.61
Canada,Oceania,Medium,177347478,48.61,30,67.01,5400,16683,34.9,7.06,4.65,51.96,27.69,17.4,32,91.7,71.04,Tertiary,88063334,189912,35341,215.65,40.13,18.61
Japan,North America,Medium,43377089,84.13,36,47.46,3525,8396,38.27,38.8,6.92,77.79,10.01,11.86,33,91.9,87.9,Primary,21539246,46450,8644,215.65,40.13,18.61
United Kingdom,Europe,Medium,168695633,38.59,26,52.5,438,10552,49.2,29.23,10.76,65.16,45.87,46.59,57,65.77,61.73,Primary,83767189,180647,33617,215.65,40.13,18.61
Indonesia,Asia,High,4128653,27.66,47,84.76,6161,12079,39.5,30.66,0.8,31.06,22.89,24.68,64,62.91,59.35,Tertiary,2050116,4421,822,215.65,40.1,18.59
Nigeria,North America,High,41671615,75.25,37,47.58,7134,24685,7.47,21.29,13.74,21.22,33.24,24.4,38,86.41,57.79,Primary,20692379,44624,8304,215.65,40.13,18.61
South Korea,Europe,Medium,78378964,74.89,49,89.58,3727,6815,37.52,13.58,9.97,22.94,11.91,67.78,56,86.35,70.47,Primary,38919712,83932,15619,215.65,40.13,18.61
Saudi Arabia,Europe,High,198269141,48.67,24,75.44,623,22347,25.09,29.22,12.93,53.57,42.63,68.73,58,96.75,78.91,Tertiary,98452156,212316,39511,215.65,40.13,18.61
Argentina,Europe,High,44060552,82.5,33,84.87,8908,16240,40.69,6.84,4.72,39.96,18.43,23.44,50,62.19,23.83,Primary,21878625,47182,8780,215.65,40.13,18.61
Egypt,South America,High,122691839,15.45,24,79.21,3411,12128,43.32,39.36,7.24,41.53,20.15,46.17,64,61.15,36.97,Primary,60923631,131384,24449,215.65,40.13,18.61
Russia,Asia,High,108136747,70.3,29,32.47,7508,40100,40.47,7.83,8.83,38.78,27.64,17.5,40,59.12,64.28,Tertiary,53696182,115798,21549,215.65,40.13,18.61
United States,Oceania,High,149322187,21.14,39,24.4,6856,22351,39.03,18.03,14.03,56.07,48.48,53.67,37,97.15,83.39,Secondary,74147147,159901,29756,215.65,40.13,18.61
Canada,South America,High,103156516,83.6,27,69.37,1648,17160,41.05,11.48,5.72,34,46.32,67.01,64,62.26,60.92,Primary,51223207,110465,20557,215.65,40.13,18.61
Vietnam,Africa,High,106949517,76.45,25,88.26,223,44463,8.04,11.75,5.72,23.77,43.39,56.76,44,66.33,56.91,Secondary,53106653,114526,21312,215.65,40.13,18.61
Nigeria,South America,Low,53499841,20.73,38,40.66,3850,35799,21.04,7.5,4.72,55.03,13.46,68.56,45,63.87,44.61,Tertiary,26565781,57290,10661,215.65,40.13,18.61
Egypt,Europe,Medium,38009603,15.3,44,20.25,7569,8128,30.48,7.41,13.11,54.67,47.33,68.42,42,71.95,29.13,Primary,18873977,40702,7574,215.65,40.13,18.61
Brazil,Asia,Medium,148869281,18.37,23,86.58,5998,27031,41.22,34.38,2.64,43.37,29.77,52.74,34,53.73,54.65,Secondary,73922253,159416,29666,215.65,40.13,18.61
Egypt,North America,Low,66971074,76.31,45,22.32,8001,31470,24.53,10.48,5.45,79.77,21.88,21.74,44,69.46,40.91,Tertiary,33255032,71715,13345,215.65,40.13,18.61
Bangladesh,Asia,Medium,17987981,11.39,28,40.59,5529,4459,16.84,26.59,9.35,43.99,22.07,57.74,64,79.17,87.87,Tertiary,8932078,19262,3584,215.65,40.13,18.61
Argentina,Europe,Medium,122172483,32.85,24,31.21,6400,21699,12.46,9.13,12.65,61.51,44.29,28.71,34,66.04,50.34,Tertiary,60665741,130828,24346,215.65,40.13,18.61
Vietnam,Africa,Medium,64157003,19.56,21,76.71,8292,27604,13.61,18.66,4.85,27.85,16.41,52.82,59,83.46,23.73,Secondary,31857682,68702,12785,215.65,40.13,18.61
United Kingdom,Africa,Low,55300699,41.3,46,52.18,7232,34134,47.09,6.85,4.11,41.73,49.18,48.08,53,67.9,41.69,Secondary,27460012,59218,11020,215.65,40.13,18.61
Mexico,Africa,Low,56418599,38.76,23,21.27,9053,8239,11.23,27.38,10.2,51.72,45.25,59.98,41,97.51,23.29,Secondary,28015114,60415,11242,215.65,40.13,18.61
Egypt,South America,High,171705276,66.86,44,88.98,9156,49204,22.03,35.91,5.22,35.82,22.92,37.52,66,59.68,85.11,Tertiary,85261652,183870,34217,215.65,40.13,18.61
South Africa,Oceania,Low,67265570,49.87,26,28.57,5253,10881,27.87,38.97,3.6,27.03,12.59,77.36,57,54.39,69.92,Secondary,33401266,72031,13404,215.65,40.13,18.61
United Kingdom,Asia,Medium,1410203,54.92,42,86.42,4870,7124,33.79,19.98,5.05,64.55,35.32,63.89,46,84.44,36.18,Primary,700247,1510,281,215.64,40.13,18.61
Indonesia,North America,High,135598100,35.33,34,78.65,9847,37699,16.13,5.31,1.37,69.93,30.13,52.23,35,92.31,23.2,Secondary,67332340,145205,27021,215.65,40.13,18.61
Russia,Africa,Low,69493822,24.13,36,84.01,5720,37608,13.92,6.73,2.75,66.28,43.21,22.56,45,54.56,60.49,Secondary,34507723,74417,13848,215.65,40.13,18.61
United States,North America,Low,84868290,87.09,45,46.39,6237,20142,39.85,38.92,13.63,54.76,29.4,72.7,38,56.18,82.02,Tertiary,42142040,90881,16912,215.65,40.13,18.61
Bangladesh,Oceania,High,46351388,44.44,30,79.94,4719,25176,10.76,25.69,13.87,74.07,19.71,85.24,31,94.21,63.46,Secondary,23016159,49635,9236,215.65,40.13,18.61
Australia,Europe,High,157766496,88.96,25,74.29,3739,19721,20.09,29.1,2.82,56.09,49.62,87.75,58,91.71,46.18,Tertiary,78340237,168944,31439,215.65,40.13,18.61
Australia,South America,High,93891045,43.06,22,63.28,4114,10290,49.54,23.84,9,40.83,11.15,62.93,31,50.2,35.5,Tertiary,46622362,100543,18710,215.65,40.13,18.61
Spain,Asia,Low,136922262,87.38,49,20.99,2148,42866,40.02,20.9,1.53,46.6,13.56,85.84,50,93.15,65.17,Tertiary,67989863,146623,27285,215.65,40.13,18.61
Saudi Arabia,Africa,Low,84441017,10.52,38,57.94,7998,31014,48.29,5.16,0.92,25.04,24.54,30.23,66,98.03,47.9,Primary,41929874,90423,16827,215.65,40.13,18.61
Canada,South America,Low,152075837,76.95,43,80.72,9524,12966,16.45,8.28,4.19,37.55,14.84,45.05,64,75.76,37.44,Primary,75514494,162850,30305,215.65,40.13,18.61
Japan,Asia,High,164446973,23.72,20,46.87,7048,39457,35.49,35.36,14.08,66.62,18.78,22.33,40,97.33,84.73,Secondary,81657483,176097,32770,215.65,40.13,18.61
South Africa,North America,High,188821924,81.75,22,70.93,595,36871,19.45,9.94,1.75,42.64,38.08,17.69,32,68.34,59.71,Secondary,93761063,202199,37628,215.65,40.13,18.61
Canada,Asia,Medium,78283770,33.49,21,50.05,914,22351,38.62,9.93,0.51,30.98,42.47,13.9,42,61.79,42.32,Primary,38872443,83830,15600,215.65,40.13,18.61
Italy,Europe,Low,12783388,13.17,27,57.04,4017,35164,6.55,12.95,10.53,54.32,29.3,38.63,41,73.27,75.99,Tertiary,6347695,13689,2547,215.65,40.12,18.61
Germany,Europe,Low,76012518,15.77,43,60.37,4270,24318,47.29,7.74,13.86,47.57,33.6,80.07,30,51.75,25.45,Secondary,37744634,81397,15147,215.65,40.13,18.61
United Kingdom,Africa,Low,95198729,32.68,32,42.29,7176,43872,20.5,24.59,1.21,56.19,31,14.98,49,70.22,83.25,Secondary,47271703,101943,18971,215.65,40.13,18.61
Indonesia,Oceania,Medium,7929737,70.19,20,28.67,2942,9390,28.99,24.11,13.52,65.62,38.32,11.27,57,61.71,53.21,Tertiary,3937575,8491,1580,215.64,40.13,18.61
Mexico,Europe,Medium,70532843,50.82,21,31.49,1381,41452,8.21,21.33,12.34,20.82,34,17.74,33,53.29,66.12,Tertiary,35023657,75530,14055,215.65,40.13,18.61
France,North America,Low,68493414,58.06,49,45.71,4677,18690,22.62,13.34,9.01,77.25,15.45,59.47,63,87.72,48.53,Secondary,34010962,73346,13649,215.65,40.13,18.61
South Africa,Europe,Medium,99123595,86.47,23,55.59,4897,13547,11.5,28.72,7.05,44.98,41.81,70.26,58,73.69,66.9,Tertiary,49220628,106146,19753,215.65,40.13,18.61
Japan,Oceania,Low,197292169,16.47,48,48.58,7381,28410,49.63,21.72,4.69,65.31,25.55,46.51,39,83.88,88.43,Primary,97967032,211270,39316,215.65,40.13,18.61
Spain,Asia,Medium,91012113,51.02,26,66.6,4421,13335,40.8,33.36,0.08,41.75,19.97,57.94,37,66.67,27.18,Primary,45192805,97460,18136,215.65,40.13,18.61
China,Europe,High,113223248,34.77,36,53.65,6993,17546,24.49,20.16,11.11,20.88,14.71,78.15,30,73.41,64.6,Secondary,56221925,121245,22563,215.65,40.13,18.61
Russia,North America,Low,121371447,49.94,46,85.7,7264,13904,10.89,29.47,13.46,49.63,32.63,58.69,39,96.5,80.73,Secondary,60267980,129970,24186,215.65,40.13,18.61
Russia,Europe,Medium,175374708,12.19,29,39.06,8905,34869,43.95,27.39,9.39,47.74,31.09,83.95,39,64.07,82.86,Primary,87083739,187799,34948,215.65,40.13,18.61
Germany,Oceania,Low,48470133,86.49,49,80.81,6492,8665,36.85,33.97,13.58,38.22,22.25,29.55,44,60.65,21.42,Tertiary,24068239,51904,9659,215.65,40.13,18.61
South Korea,Africa,High,123299531,24.47,43,72.72,7114,41032,43.3,39.91,7.13,40.81,33.06,64.39,42,54.38,76.93,Primary,61225385,132035,24571,215.65,40.13,18.61
France,South America,Low,74777605,30.83,49,63.37,7174,12799,36.71,32.74,14.61,40.57,23.56,61.28,38,74.13,89.73,Tertiary,37131428,80075,14901,215.65,40.13,18.61
Argentina,North America,Low,191094465,46.99,33,32.5,7646,2004,37.15,13.39,9.63,24.23,43.52,55.73,67,57.91,37.78,Secondary,94889512,204633,38081,215.65,40.13,18.61
Mexico,Asia,Low,23309821,46.21,32,63.15,5091,9822,29.21,37.24,7.34,71.91,29.66,74.1,30,59.1,67.43,Tertiary,11574681,24961,4645,215.65,40.13,18.61
India,Europe,Medium,109848410,41.59,38,59.83,4694,45610,29.45,35.5,8.31,70.33,16.62,47.25,51,51.2,37.3,Secondary,54546122,117631,21890,215.65,40.13,18.61
Pakistan,Africa,Low,129099780,60.4,24,20.74,8252,27044,23.8,16.66,5.71,56.78,42.56,79.4,30,97.13,77.78,Primary,64105546,138246,25726,215.65,40.13,18.61
Nigeria,Asia,Low,172572503,56.58,28,76.22,5152,8141,34.44,9.48,7.16,77.46,49.39,27.48,43,88.13,55.51,Primary,85692281,184799,34390,215.65,40.13,18.61
Italy,North America,Low,155591195,17.47,21,22.56,9650,8656,32.58,16.3,9.17,44.52,44.71,20.83,36,82.5,33.99,Tertiary,77260074,166614,31006,215.65,40.13,18.61
United Kingdom,Oceania,Medium,189207900,14.25,27,39.19,5652,40477,22.64,35.92,5.73,22.37,17.5,34.03,68,58.96,64.83,Primary,93952723,202613,37705,215.65,40.13,18.61
Vietnam,North America,High,31719373,70.06,21,71.48,4494,2487,28.11,16.55,9.31,44.89,20.19,24.37,47,70.37,62.11,Primary,15750512,33966,6320,215.65,40.13,18.61
Mexico,Europe,Low,30316460,31.52,41,65.53,3503,26703,26.16,15.29,9.56,55.1,35.54,60.84,64,90.01,53.03,Tertiary,15053885,32464,6041,215.65,40.13,18.61
Brazil,Europe,High,183364812,56.7,34,63.62,9999,28660,40.72,9.91,9.74,29.46,42.79,52.86,46,51.83,40.08,Secondary,91051290,196356,36540,215.65,40.13,18.61
Brazil,Oceania,Medium,43670831,39.34,44,81.32,1770,28450,20.26,28.28,11.23,48.36,10.99,44.81,47,89.71,55.31,Tertiary,21685106,46764,8702,215.65,40.13,18.61
Germany,Asia,Low,127521420,62.76,20,81.11,6422,28571,33.54,7.49,2.33,63.43,11.16,21.2,31,59.43,69.55,Primary,63321799,136556,25412,215.65,40.13,18.61
South Korea,Asia,Medium,163564315,70.99,23,31.01,2788,38911,33.68,36.35,14,52.01,13.22,55.94,45,81.97,75.65,Primary,81219192,175152,32594,215.65,40.13,18.61
Canada,South America,Low,82815395,30.52,21,89.97,9033,29607,41.17,6.24,0.5,56.76,39.02,83.06,33,64.85,74.83,Primary,41122658,88682,16503,215.65,40.13,18.61
Pakistan,North America,High,56795573,50.15,29,70.6,4441,39448,45.46,17.17,6.67,37.3,10.15,68.92,43,76.78,60.86,Secondary,28202304,60819,11318,215.65,40.13,18.61
United Kingdom,Europe,Low,50212383,56.87,25,85.43,8392,43180,14.24,17.16,3.85,38.05,31.73,35.2,60,58.69,46.56,Tertiary,24933367,53769,10006,215.65,40.13,18.61
South Africa,South America,Medium,25588454,68.55,31,31.36,4451,6854,26.04,31.77,14.38,24.29,23.29,37.74,51,69.11,74.08,Tertiary,12706155,27401,5099,215.65,40.13,18.61
South Korea,Europe,High,191203231,11.23,27,71.1,4394,34766,38.45,5.31,3.77,49.44,28.9,27.58,58,77.43,27.73,Tertiary,94943520,204749,38102,215.65,40.13,18.61
United Kingdom,South America,High,41994100,40.96,42,23.65,2252,37215,28.78,36.82,12.94,71.7,25.37,16.73,47,86.39,79.01,Secondary,20852512,44969,8368,215.65,40.13,18.61
United States,Africa,High,118438505,69.99,47,44.89,7258,3022,7.9,33.18,1.47,51.29,34.37,46.62,46,65.73,50.4,Primary,58811603,126829,23602,215.65,40.13,18.61
Mexico,Africa,Low,119455850,53.61,47,78.74,1023,49987,29.69,9.03,4.37,78.91,37.45,51.74,57,95.54,21.37,Tertiary,59316774,127919,23805,215.65,40.13,18.61
Mexico,Asia,Medium,41813831,86.58,26,45.57,3830,41338,24.61,27.85,2.21,79.25,26.15,71.66,46,52.42,27.13,Tertiary,20762998,44776,8332,215.65,40.13,18.61
Spain,South America,Low,9247185,84.53,48,28.04,3738,11143,41.03,17.57,5.73,75.78,34.69,33.45,46,85.05,55.02,Tertiary,4591764,9902,1842,215.65,40.12,18.6
Nigeria,South America,Medium,132874751,19.14,34,24.08,3420,9292,20.92,23.79,6.53,63.92,21.34,31.95,60,74.07,51.78,Primary,65980039,142288,26479,215.65,40.13,18.61
France,Africa,Low,146388596,55.38,20,30.79,2303,17992,31.77,25.4,3.36,20.87,14.52,58.43,44,75.05,88.13,Tertiary,72690449,156760,29172,215.65,40.13,18.61
Japan,South America,Medium,93443466,24.08,20,56.24,9632,6648,20.19,37.8,10.82,48.9,23.79,54.34,68,91.33,80.52,Primary,46400113,100063,18621,215.65,40.13,18.61
United Kingdom,South America,Medium,68926826,27.9,38,37.58,9028,7481,21.29,5.17,14.4,40.25,27.35,54.82,48,80.51,35.47,Tertiary,34226176,73810,13735,215.65,40.13,18.61
India,Africa,Low,20528949,38.15,47,76.36,101,4484,7.12,14.77,9.87,43.63,37.17,82.59,65,58.74,68.81,Secondary,10193816,21983,4090,215.65,40.12,18.61
United States,Africa,Medium,34293332,76.69,36,35.38,8599,16446,22.43,34.32,4.18,27.83,33.92,15.1,51,90.13,51.8,Primary,17028633,36723,6833,215.65,40.13,18.61
Mexico,Africa,Low,178007458,62.45,47,35,2838,26065,21.68,22.42,1.96,29.62,20.06,18.32,69,94.22,21.65,Secondary,88391052,190619,35473,215.65,40.13,18.61
Vietnam,Europe,High,95131285,69.92,27,83.65,8721,6461,8.88,30.66,3.49,33.42,17.45,57.16,43,86.05,24.54,Secondary,47238214,101871,18957,215.65,40.13,18.61
Italy,Asia,Low,185118036,28.03,49,54.02,9401,21523,33.73,6.27,8.09,65.82,16.1,76.03,52,69.23,76.64,Tertiary,91921867,198233,36890,215.65,40.13,18.61
Vietnam,Europe,Medium,135231343,69.97,37,86.63,9173,14621,34.42,11.69,12.74,72.24,39.47,50.14,68,74.88,89.74,Tertiary,67150224,144812,26948,215.65,40.13,18.61
Turkey,North America,Low,14433720,52.24,20,28.54,4687,30455,22.49,37.72,5.27,52.33,28.99,24.56,61,68.96,28.39,Primary,7167181,15456,2876,215.65,40.13,18.61
India,Asia,Low,143966065,29.8,39,27.35,991,16240,14.52,19.18,11.12,43.59,22.47,66.43,55,91.94,69.17,Secondary,71487521,154166,28689,215.65,40.13,18.61
Germany,Oceania,High,57151526,32.96,30,36.74,3452,36218,9.41,22.46,6.26,51.72,22.41,44.08,41,95.37,40.42,Secondary,28379055,61200,11389,215.65,40.13,18.61
Egypt,North America,Low,184736458,16.43,32,64.39,2720,31171,5.32,27.89,4.27,52.92,14.25,57.08,31,52.99,46.58,Primary,91732392,197824,36814,215.65,40.13,18.61
Germany,Africa,Low,59348076,85.88,24,40,3361,10384,21.51,14.45,11.64,33.22,10.25,29.17,37,69,44.98,Secondary,29469770,63552,11826,215.65,40.13,18.61
Canada,Europe,High,170563281,57.28,43,88.59,6065,18892,9.65,5.52,12.25,71.47,37.85,30.5,60,81.94,79.38,Tertiary,84694585,182647,33989,215.65,40.13,18.61
Mexico,Asia,High,123811981,46.63,23,56.51,8849,38184,43.14,9.49,9.68,62.14,28.55,39.17,47,94.34,63.41,Tertiary,61479847,132584,24673,215.65,40.13,18.61
Mexico,Oceania,Low,49822634,61.78,43,71.99,1884,23140,6.15,9.81,6.67,40.24,26.94,56.71,67,65.6,88.94,Tertiary,24739834,53352,9928,215.65,40.13,18.61
Saudi Arabia,Asia,Medium,101608569,34.27,35,69.25,4672,30493,37.2,30.92,9.98,57.11,48.33,87.28,43,61.25,29.37,Secondary,50454562,108807,20248,215.65,40.13,18.61
Egypt,Africa,Medium,77046122,28.31,44,35.16,8633,15218,47.21,7.09,3.31,60.12,45.57,25.02,35,85.56,23.2,Primary,38257879,82504,15353,215.65,40.13,18.61
Argentina,North America,Medium,58725553,24.44,36,75.22,772,23211,15.48,5.36,3.6,59.51,20.8,39.45,64,67.93,73.64,Tertiary,29160651,62886,11702,215.65,40.13,18.61
Pakistan,Asia,Low,170440108,85.09,32,30.31,5231,20544,20.14,23.74,4.26,30.94,35.13,15.86,52,50.27,72.54,Secondary,84633423,182515,33965,215.65,40.13,18.61
Egypt,North America,Low,44164442,18,24,66.64,5026,34418,22.77,13.14,8.73,40.85,33.11,39.34,68,53.71,39.05,Tertiary,21930213,47293,8801,215.65,40.13,18.61
Australia,Africa,Medium,76172043,40.45,21,28.44,5713,22681,49.17,18.76,6.36,65.93,10.99,85.93,53,88.37,86.74,Tertiary,37823848,81568,15179,215.65,40.13,18.61
Russia,South America,Medium,133545235,35.6,23,80.8,4677,17229,38.93,10.44,10.4,74.17,42.88,19.71,49,84.19,56.14,Tertiary,66312973,143006,26612,215.65,40.13,18.61
Brazil,South America,High,2193687,58.91,34,59.62,8992,11978,14.77,10.28,1.08,78.18,28.8,33.13,36,64.5,69.54,Primary,1089293,2349,437,215.64,40.12,18.6
United States,Oceania,High,133130185,45.72,35,45.41,8123,5872,35.85,20.37,6.39,26.58,33.78,49.53,48,80,41.57,Secondary,66106877,142562,26530,215.65,40.13,18.61
South Korea,Africa,High,152222480,85.75,46,51.13,7948,17535,19.45,21.45,1.58,76.75,42.3,59.66,30,58.52,41.27,Primary,75587311,163007,30334,215.65,40.13,18.61
Nigeria,South America,Low,185610903,45.13,46,85.16,5968,11547,47.73,39.42,5.71,57.79,19.31,52.44,39,52.1,71.89,Tertiary,92166604,198761,36988,215.65,40.13,18.61
Vietnam,Africa,High,134612476,18.35,20,21.51,940,33102,13.96,34.38,9.05,41.83,31.71,61.61,63,86.54,40.61,Primary,66842920,144149,26825,215.65,40.13,18.61
Spain,South America,Medium,26968533,48.53,41,64.26,9245,6287,5.93,21.16,9.3,44.46,16.37,42.98,52,87.1,86.18,Primary,13391444,28879,5374,215.65,40.13,18.61
Saudi Arabia,South America,Medium,49711495,24.94,37,33.78,7452,2313,31.38,33.78,0.02,50.64,48.91,89.1,68,89.94,42.16,Tertiary,24684647,53233,9906,215.65,40.13,18.61
Japan,Oceania,Low,178873210,25.42,35,61.68,5002,9122,46.42,30.7,9.89,63.94,19.15,58.59,47,63.38,81.17,Primary,88820948,191546,35645,215.65,40.13,18.61
Italy,South America,High,68310675,19.98,37,73.62,665,2471,18.48,31.76,13.37,61.77,33.14,45.49,64,67.27,70.93,Primary,33920221,73150,13612,215.65,40.13,18.61
Indonesia,Africa,High,104477267,45.95,21,66.16,3173,9960,6.91,22.02,2.8,61.77,15.65,73.97,51,70.15,48.39,Tertiary,51879037,111879,20820,215.65,40.13,18.61
Saudi Arabia,North America,Low,163573677,48.98,38,32.95,5744,47178,38.28,31.16,5.62,73.1,33.41,37.77,56,62.93,26.45,Primary,81223841,175162,32596,215.65,40.13,18.61
India,Oceania,Low,10751984,35.46,40,40,8452,2784,45.26,36.3,2.98,21.97,27.99,17.53,41,94.16,64.65,Secondary,5338985,11513,2142,215.64,40.12,18.61
Egypt,Europe,Medium,33424619,12.11,34,47.86,3009,22273,48.99,13.52,12.67,40.8,46.09,58.28,55,75.89,52.69,Tertiary,16597266,35792,6660,215.65,40.13,18.61
Pakistan,North America,Medium,150191917,39.75,38,78.32,5625,12356,31.11,10.37,12.22,20.22,28.13,19.54,54,51.43,87.63,Tertiary,74579019,160832,29930,215.65,40.13,18.61
Pakistan,Oceania,Medium,140327166,35.99,33,23.33,7075,16711,46.51,18.41,1.55,71.78,43.71,65,67,54.15,84.35,Tertiary,69680596,150269,27964,215.65,40.13,18.61
United States,Europe,High,128245739,57.51,20,30.12,3727,16132,5.78,38.1,14.01,66.43,43.7,28.93,66,61.72,45.16,Primary,63681465,137331,25556,215.65,40.13,18.61
Argentina,South America,Low,155870462,11.23,25,46.4,6025,33121,35.37,34.79,3.88,21.3,49.12,68.25,62,97.22,55.74,Secondary,77398746,166913,31061,215.65,40.13,18.61
Bangladesh,Oceania,High,123495695,65.52,43,51.67,4123,6835,12.45,12.31,1.69,27.73,47.07,66.41,40,84.13,56.15,Tertiary,61322792,132245,24610,215.65,40.13,18.61
Vietnam,Europe,High,55483904,35.37,27,39.11,5306,49730,21.95,27.36,6.1,56.88,10.04,35.83,42,77.63,43.34,Primary,27550984,59414,11056,215.65,40.13,18.61
Australia,Asia,Medium,43591304,75.69,38,34.11,7722,20626,41.75,33.91,3.13,32.57,16.54,48.47,54,68.16,52.97,Tertiary,21645616,46679,8686,215.65,40.13,18.61
Canada,Europe,Medium,100452598,72.73,30,51.28,9392,34451,28.52,6.8,10.25,46.63,32.45,26.26,57,55.31,80.25,Tertiary,49880555,107569,20018,215.65,40.13,18.61
South Africa,South America,Medium,173820216,66.52,39,63.03,1303,7485,47.01,5.47,9.59,34.41,24.94,79.53,56,92.53,35.6,Tertiary,86311843,186135,34638,215.65,40.13,18.61
Argentina,Africa,Low,67779203,87.68,43,27.01,2369,44054,26.03,26.48,7.5,30.38,27.01,48.19,54,72.65,21.17,Secondary,33656315,72581,13506,215.65,40.13,18.61
France,South America,High,159298059,55.03,43,28.19,943,36312,30.62,31.47,7.18,25.62,12.68,12.34,66,71.66,42.04,Primary,79100748,170584,31744,215.65,40.13,18.61
Germany,Europe,Low,168954825,59.78,31,49.83,9801,23010,47.03,29.63,11.48,50.26,46.97,44.62,42,91.91,24.73,Tertiary,83895893,180925,33669,215.65,40.13,18.61
Canada,North America,Medium,73285265,26.24,23,79.54,3388,47101,15.69,34.33,12.27,20.94,17.67,80.35,61,92.02,66.97,Tertiary,36390394,78477,14604,215.65,40.13,18.61
Turkey,Europe,Low,12225145,25.87,25,58.59,7168,39713,47.78,29.27,5.01,68.71,14.73,33.56,63,67.23,72.23,Secondary,6070495,13091,2436,215.65,40.13,18.61
Egypt,Oceania,Low,25704699,28.76,25,36.14,7612,23726,18.28,19.03,11.82,69.9,24.77,83.05,48,84.07,53.32,Tertiary,12763877,27525,5122,215.65,40.13,18.61
France,Africa,High,94346579,70.62,40,30.81,8309,4136,17.54,17.44,14.12,69.15,11.72,46.87,44,62.35,55.44,Tertiary,46848561,101030,18801,215.65,40.13,18.61
Brazil,Oceania,Medium,60702481,54.68,28,45.04,8954,36402,27.81,14.08,8.54,75.57,49.99,47.1,31,93.96,59.77,Secondary,30142311,65003,12096,215.65,40.13,18.61
France,Europe,Medium,178814989,43.15,31,61.35,4326,38115,25.3,19.72,10.13,38.92,29.35,13.58,44,68.07,40.08,Tertiary,88792038,191483,35634,215.65,40.13,18.61
Spain,South America,High,54479677,27.19,42,48.99,8550,34016,49.58,38.89,1.21,48.37,28.51,58.24,36,65.27,39.1,Secondary,27052327,58339,10856,215.65,40.13,18.61
Russia,Europe,Low,24284553,83.6,22,35.28,142,22256,9.74,24.25,8.1,27.93,19.03,59.19,52,80.16,71.63,Tertiary,12058692,26005,4839,215.65,40.13,18.61
Japan,South America,Low,177691575,63.29,38,23.02,635,20408,40.07,29.05,5.83,39.03,23.89,88.15,51,61.61,64.11,Primary,88234198,190280,35410,215.65,40.13,18.61
Brazil,Asia,Low,37861974,65.27,31,62.85,3210,45232,34.1,13.42,2.09,26.99,18.75,60.19,48,55.66,35.33,Secondary,18800671,40544,7545,215.65,40.13,18.61
Pakistan,Europe,Medium,143165524,57.72,31,24.08,1462,39148,6.78,35.09,14.87,27.07,21.25,74.28,41,66.81,80.76,Secondary,71090006,153308,28529,215.65,40.13,18.61
Italy,Oceania,High,44756673,20.12,38,65.15,6573,24089,45.99,17.28,8.78,41.91,47.37,78.26,64,60.31,46.26,Secondary,22224290,47927,8918,215.65,40.13,18.61
Japan,South America,High,180018511,15.79,40,20.68,586,27081,5.94,5.48,6.42,76.85,10.03,58.77,55,66.51,25.11,Tertiary,89389657,192772,35873,215.65,40.13,18.61
India,Oceania,Medium,128709165,25.22,27,37.83,4656,40677,47.77,7.09,9.11,68.45,18.97,60.57,58,89.35,69.79,Primary,63911583,137828,25649,215.65,40.13,18.61
Egypt,Oceania,High,153963053,74.51,29,31.73,2900,7574,22.43,14.26,2.29,21.71,19.35,35.28,31,63.48,72.39,Secondary,76451607,164871,30681,215.65,40.13,18.61
Nigeria,Europe,Low,19476949,73.01,27,65.52,2500,29404,27.33,36.54,4.14,25.76,19.54,64.6,53,63.74,29.12,Secondary,9671437,20856,3881,215.65,40.13,18.61
Mexico,South America,Medium,161238607,81.79,40,42.01,6234,35951,9.61,39.43,5.08,43.05,36.65,85.91,40,61.18,24.63,Tertiary,80064342,172662,32131,215.65,40.13,18.61
Argentina,North America,Low,191743320,64.46,39,73.65,6463,24270,44.27,22.97,12.5,59.99,29.03,43.96,60,57.33,29.03,Tertiary,95211706,205328,38210,215.65,40.13,18.61
Mexico,South America,Medium,132365589,73.35,47,71.18,6141,26054,37.27,30.17,9.02,75.7,35.64,26.39,44,71.15,27.84,Tertiary,65727210,141743,26377,215.65,40.13,18.61
Indonesia,North America,High,88048941,84.35,37,32.83,2998,32695,30.14,26.34,10.29,22.24,32.63,35.99,69,62.84,72.66,Primary,43721418,94287,17546,215.65,40.13,18.61
United States,Asia,Low,138207392,79.35,20,64.55,480,37187,32.84,33.24,8.69,64.2,42.79,60.61,48,67.96,78.17,Primary,68628005,147999,27541,215.65,40.13,18.61
Germany,North America,Low,51251014,39.93,46,51.69,1945,39189,39.31,18.39,5.92,68.61,33.23,77.71,68,62.51,68.43,Tertiary,25449108,54882,10213,215.65,40.13,18.61
Spain,Oceania,High,177262220,39.83,21,74.22,7708,32243,28.83,38.52,9.1,66.35,15.16,70.78,67,64.67,43.45,Tertiary,88020998,189821,35324,215.65,40.13,18.61
South Korea,South America,High,77700225,77.2,20,22.38,2921,22130,28.2,18.69,5.15,27,34.04,61.77,39,70.75,59.95,Tertiary,38582679,83205,15484,215.65,40.13,18.61
Russia,Africa,High,104077379,51.98,22,82.44,6298,13267,40.35,20.08,5.65,61.33,46.09,37.47,60,54.87,44.29,Primary,51680469,111451,20740,215.65,40.13,18.61
Saudi Arabia,Oceania,Low,42852552,35.32,39,88.99,5205,42949,31.1,28.02,2.4,38.1,22.59,47.16,68,68.17,64.6,Secondary,21278783,45888,8539,215.65,40.13,18.61
Vietnam,Oceania,High,7155577,30.12,49,65.99,4761,19608,8.07,20.16,4.06,57.12,45.8,45.43,56,93.02,31.22,Primary,3553160,7662,1425,215.64,40.11,18.6
China,South America,High,122371100,26.07,20,84.04,9479,4218,47.75,23.49,8.84,38.46,30.56,85.29,69,55.86,71.01,Primary,60764365,131041,24386,215.65,40.13,18.61
South Africa,Europe,High,77745739,41.31,45,88.15,7988,6446,28.52,23.26,6.79,67.46,45.08,29.09,63,61.49,84.66,Tertiary,38605279,83253,15493,215.65,40.13,18.61
Turkey,Asia,Medium,31447612,80.72,41,52.31,277,1471,11.39,13.39,1.13,75.41,12.23,55.79,36,61.93,47.28,Tertiary,15615567,33675,6266,215.65,40.13,18.61
Spain,Africa,Medium,125833562,28.49,39,30.17,5931,19025,39.33,28.2,5.28,67.57,45.51,41.57,34,51.36,57.61,Tertiary,62483679,134748,25075,215.65,40.13,18.61
Mexico,Oceania,Medium,77271550,84.39,32,64.29,8315,12688,30.19,9.22,2.74,66.16,41.73,17.97,53,95.54,21.48,Tertiary,38369817,82746,15398,215.65,40.13,18.61
Russia,Europe,Medium,134374784,78.72,26,74.25,9726,46677,29.96,11.39,4.27,36.11,33.46,61.8,47,64.13,54.75,Primary,66724892,143895,26778,215.65,40.13,18.61
Bangladesh,South America,Medium,88815689,74.39,36,47.88,5509,23736,35.23,27.61,1.43,70.35,32,33.75,30,52.2,51.31,Secondary,44102153,95108,17699,215.65,40.13,18.61
Turkey,Europe,Medium,44690875,24.33,37,24.18,4109,34637,36.62,21.85,0.11,20.42,15.38,70.91,59,98.11,20.73,Secondary,22191617,47857,8905,215.65,40.13,18.61
India,Africa,Medium,196347491,56.67,36,89.46,9043,4194,32.07,30.74,9.1,53.29,14.28,15.77,48,79.33,71.07,Tertiary,97497945,210258,39128,215.65,40.13,18.61
Pakistan,North America,Medium,36939187,16.08,27,81.75,3919,18634,28.54,30.49,13.85,63.84,29.94,42.23,62,82.46,69.55,Secondary,18342454,39556,7361,215.65,40.13,18.61
India,Asia,High,163712956,72.1,30,36.83,3704,41329,44.41,19.41,14.3,24.62,44.91,65.06,63,82.03,36.57,Tertiary,81293001,175311,32624,215.65,40.13,18.61
Spain,Oceania,Low,115555321,54.66,34,28.5,5490,25492,48.47,11.61,9.94,60.69,23.43,88.56,35,79.23,57.41,Primary,57379935,123742,23027,215.65,40.13,18.61
Saudi Arabia,Oceania,Medium,69218219,48.99,26,20.37,1123,34567,45.41,6.75,10.06,24.46,11.82,54.7,60,71.35,74.27,Secondary,34370870,74122,13793,215.65,40.13,18.61
Italy,Asia,High,5664541,45.07,39,25,8325,7467,41.34,9.37,13.96,31.28,32.51,24.52,30,56.46,89.25,Secondary,2812773,6065,1128,215.62,40.1,18.6
Australia,Africa,Medium,177074102,57.68,44,45.14,3331,49928,39.39,13.25,11.24,30.91,25.52,77.01,38,72.77,82.65,Tertiary,87927586,189619,35287,215.65,40.13,18.61
Egypt,Oceania,Low,194597856,54.11,26,88.91,642,14688,39.4,14.67,5,50.17,37.05,78.94,60,58.84,54.22,Primary,96629149,208385,38779,215.65,40.13,18.61
Vietnam,Africa,Low,41654285,41.9,48,82.29,542,1973,13.49,11.02,2.84,38.92,45.18,33.34,47,92.32,75.4,Tertiary,20683774,44605,8300,215.65,40.13,18.61
Pakistan,Europe,High,185871705,45.59,41,59.98,3046,43824,20.21,38.86,7.2,28.5,37.79,46.59,42,80.52,82.3,Primary,92296108,199040,37040,215.65,40.13,18.61
Italy,Africa,High,84937996,10.27,40,69.57,9782,10811,39.84,19.27,6.65,48.59,10.47,65.85,63,50.65,65.8,Primary,42176653,90955,16926,215.65,40.13,18.61
Mexico,Africa,Low,130691141,78.13,30,81.74,174,27772,35.49,6.58,8.2,30.5,35.54,25.54,52,67.54,79.32,Tertiary,64895750,139950,26044,215.65,40.13,18.61
India,North America,Low,59894676,62.86,46,78.08,3153,35946,40.64,16.22,8.95,76.18,44.83,72.38,57,95.74,58.11,Primary,29741188,64138,11935,215.65,40.13,18.61
China,Europe,High,148157023,72.69,37,42.2,2857,38829,15.37,13.82,12.57,72.87,32.03,35.93,32,84.39,28.3,Tertiary,73568575,158653,29524,215.65,40.13,18.61
Japan,Asia,Medium,73301821,26.92,42,84.65,1072,43254,22.52,26.42,1.73,56.84,38.81,43.07,60,97.19,20.4,Primary,36398615,78495,14607,215.65,40.13,18.61
United States,Europe,Medium,174066856,17.75,25,27.24,5502,35157,35.83,25.26,12.12,33.68,30.75,84.8,56,92.18,45.42,Tertiary,86434314,186399,34688,215.65,40.13,18.61
India,Oceania,High,76441537,84.41,47,34.3,2918,17953,41.24,25.58,3.18,25.32,18.87,22.78,30,52.3,56.17,Tertiary,37957667,81857,15233,215.65,40.13,18.61
Egypt,Asia,Low,30808814,35.88,31,52.58,4395,22189,22.84,34.7,10.89,50.83,41.54,52.72,43,71.94,41.76,Secondary,15298367,32991,6139,215.65,40.13,18.61
Argentina,Asia,High,58559425,75.15,49,88.6,9220,23055,49.71,27.68,5.52,47.5,45.7,10.23,65,88.52,48.99,Secondary,29078159,62708,11669,215.65,40.13,18.61
Bangladesh,South America,Medium,195365097,12.23,35,33.07,4527,46013,46.46,15.54,14.4,76.82,32.52,30.11,55,97.82,37.11,Primary,97010129,209206,38932,215.65,40.13,18.61
Germany,Oceania,High,162824274,84.55,27,48.43,7884,5942,31.97,20.91,0.63,43.16,28.42,12.02,58,60.49,88.72,Secondary,80851718,174360,32447,215.65,40.13,18.61
Italy,Europe,Medium,124294530,88.69,46,42.51,155,1573,25.32,14.17,2.37,37.82,40.65,27.98,65,81.58,52.25,Secondary,61719460,133100,24769,215.65,40.13,18.61
Russia,South America,High,90441240,77.65,29,89.87,2926,17027,27.57,19.85,13.77,71.21,11.89,37.38,68,55.39,87.82,Secondary,44909334,96848,18022,215.65,40.13,18.61
Russia,Africa,High,86330287,70.57,47,27.71,8670,27718,27.63,25.58,5.63,57.97,20.73,85.5,34,80.7,79.57,Primary,42868006,92446,17203,215.65,40.13,18.61
Germany,North America,Low,93589353,24.67,29,87.98,5777,6682,36.69,34.03,6.55,72.19,44.37,49.51,34,64.57,57.38,Tertiary,46472555,100220,18650,215.65,40.13,18.61
United States,Asia,Medium,7844170,75.79,33,81.65,7496,10728,18.82,19.76,12.59,73.62,49.62,72.24,57,50.82,42.74,Primary,3895086,8399,1563,215.63,40.13,18.61
Egypt,Africa,Low,100549386,84.24,41,73.94,4207,10549,6.42,19.06,5.99,62.62,24.32,45.77,56,74.18,86.92,Tertiary,49928616,107673,20037,215.65,40.13,18.61
Bangladesh,Africa,Low,41164480,46.59,38,55.29,9274,28601,46.9,36.45,14.9,60.02,27.4,84.69,33,67.94,69.03,Secondary,20440557,44080,8203,215.65,40.13,18.61
Russia,Oceania,Medium,24241807,34.41,40,28.17,2024,8786,28.83,15.96,11.3,60.67,18,82.41,51,56.41,51.7,Secondary,12037466,25959,4830,215.65,40.12,18.61
Egypt,South America,Medium,177841857,61.97,32,84.29,4891,5456,25.44,37.15,14.69,45.3,41.3,11.27,68,64.88,42.87,Tertiary,88308821,190441,35440,215.65,40.13,18.61
Russia,Oceania,Medium,12247468,68.85,22,84.02,2331,7234,24.11,11.27,5.05,33.53,25.12,61.08,69,75.09,66.77,Secondary,6081579,13115,2440,215.65,40.12,18.6
South Africa,Asia,Low,172314093,36.01,28,33.01,764,22524,22.3,36.09,4.49,47.46,37.08,84.2,67,73.75,87.83,Primary,85563965,184522,34338,215.65,40.13,18.61
South Africa,Europe,Medium,16976471,28.54,38,52.21,9660,38719,49.52,13.47,2.89,24.04,24.13,24.69,47,68.51,21.71,Primary,8429804,18179,3383,215.65,40.13,18.61
South Korea,Africa,Low,119870340,19.17,30,73.46,7686,15399,21.76,26.82,8.63,25.38,35.9,22.21,37,88.4,44.98,Primary,59522593,128363,23887,215.65,40.13,18.61
Italy,South America,Medium,105463131,12.65,43,48.44,2469,16749,27.19,7.44,10.51,52.53,12.59,31.1,35,79.25,68.89,Secondary,52368576,112935,21016,215.65,40.13,18.61
Egypt,Oceania,Medium,129313489,77.21,33,55.82,4210,20001,28.93,7.74,6.71,57.46,15.65,70.21,43,50.14,59.78,Primary,64211665,138475,25769,215.65,40.13,18.61
Indonesia,Europe,Low,153331529,42.3,24,69.01,1475,43488,14.04,24.39,5.33,62.34,14.93,74.54,44,75.84,50.74,Secondary,76138019,164195,30555,215.65,40.13,18.61
Japan,Asia,Low,185192907,65.43,26,87.72,2319,24034,23.57,8.52,8.65,75.51,45.99,53.83,53,89.03,43,Primary,91959045,198313,36905,215.65,40.13,18.61
Indonesia,North America,High,80765816,87.91,24,84.96,943,32336,48.79,36.37,4.33,58.75,38.64,60.44,50,94.34,52.34,Primary,40104923,86488,16095,215.65,40.13,18.61
India,Asia,High,193872421,18.45,31,75.15,2020,20133,23.26,32.93,1.77,78.7,20.28,50.68,30,73.02,29.2,Primary,96268929,207608,38634,215.65,40.13,18.61
South Korea,South America,Medium,180964460,38.28,46,30.76,2244,14413,34.84,17.47,1.18,23.59,39.65,16.41,60,76.19,57.05,Primary,89859375,193785,36062,215.65,40.13,18.61
Mexico,North America,Medium,76054843,27.89,30,73.41,8456,4832,49.57,33.31,6.12,25.19,13.09,43.36,65,62.51,58.31,Secondary,37765651,81443,15156,215.65,40.13,18.61
Mexico,Europe,Medium,76579787,71.65,49,74.81,9317,8281,7.22,25.3,7.68,29.72,24.81,69,53,79.56,33.3,Secondary,38026316,82005,15260,215.65,40.13,18.61
Brazil,Oceania,Medium,15411593,12.19,41,51.99,9038,17837,28.24,39.79,2.77,49.79,14.81,87.43,31,66.7,28.79,Primary,7652751,16503,3071,215.65,40.13,18.61
India,Africa,Low,52109774,70.74,36,83.24,1415,33236,42.77,23.27,0.76,78.09,32.76,22.3,54,82.89,79.82,Secondary,25875532,55801,10384,215.65,40.13,18.61
Italy,Africa,High,162263217,83.88,34,71.94,5666,13588,45.7,33.05,2.07,56.1,39.99,52.42,56,50.11,71.79,Primary,80573121,173759,32335,215.65,40.13,18.61
France,Asia,Low,115862635,47.02,35,38.16,2575,36892,47.6,23.6,1.59,74.54,30.72,85.82,30,86.63,58.45,Tertiary,57532534,124071,23089,215.65,40.13,18.61
China,North America,High,66763301,53.97,49,41.07,8002,27532,32.37,9.4,4.26,32.97,42.05,58.21,38,78.93,63.02,Secondary,33151860,71493,13304,215.65,40.13,18.61
France,South America,Low,128478718,43.81,44,78.2,3066,22375,45.63,30.76,5.06,66.03,45.79,17.92,55,50.42,75.56,Primary,63797153,137581,25603,215.65,40.13,18.61
United Kingdom,South America,Low,78556348,80.09,36,31.74,7537,45076,18.31,34.8,1.12,61.27,35.66,86.64,38,59.99,31.3,Primary,39007794,84122,15654,215.65,40.13,18.61
China,Europe,Medium,114596397,69.19,47,47.81,310,21893,34.27,11.1,9.9,50.16,38.91,31.59,66,98.23,61.74,Tertiary,56903773,122715,22836,215.65,40.13,18.61
Pakistan,Asia,Medium,133388920,71.26,23,51.86,7554,7164,7.96,37.77,14.41,29.45,46.5,41.79,54,86.8,65.7,Primary,66235354,142839,26581,215.65,40.13,18.61
Pakistan,Oceania,High,106492168,10.82,25,38.18,1329,28070,44.82,31.69,2.57,62.15,41.49,16.89,38,88.69,36.54,Primary,52879552,114037,21221,215.65,40.13,18.61
United States,Europe,High,11502471,41.18,23,69.53,7461,18927,43.94,32.86,13.03,33.72,11.38,35.95,36,61.57,20.78,Secondary,5711645,12317,2292,215.65,40.13,18.61
Spain,South America,Low,160651696,63.66,39,61.8,732,18752,19.42,9.57,13.66,71.04,49.27,28.48,52,95.4,27.36,Primary,79772907,172033,32014,215.65,40.13,18.61
Canada,Asia,Low,160719275,89.88,41,24.68,6260,49624,40.05,34.07,14.87,31.95,12.34,46,32,51.85,77.97,Secondary,79806464,172106,32028,215.65,40.13,18.61
India,Oceania,High,129341059,14.17,32,66.98,3110,12343,41.14,36.42,2.81,58.51,29.37,85.67,42,87.99,48.67,Primary,64225355,138504,25774,215.65,40.13,18.61
Pakistan,Asia,High,11572895,27.64,30,69.08,8387,17235,45.19,30.51,8.01,38.4,13.86,61.74,64,59.14,68.75,Secondary,5746615,12392,2306,215.64,40.13,18.61
Canada,Asia,High,195030730,28.34,39,86.59,5628,45631,30.24,13.73,4.74,71.75,41.23,28.1,32,72.68,82.47,Primary,96844096,208848,38865,215.65,40.13,18.61
Russia,North America,Low,59196960,49.75,30,54.4,4832,39910,40.08,31.7,2.41,28,34.42,30.49,68,65.6,82.36,Tertiary,29394732,63391,11796,215.65,40.13,18.61
Vietnam,Oceania,Medium,181759038,35.65,49,32.23,2302,26302,12.5,29.81,4.42,31.19,36.96,74.03,56,67.95,36.68,Primary,90253930,194636,36220,215.65,40.13,18.61
Italy,Asia,Low,168737637,16.22,44,56.86,850,14899,23.93,29.68,14.93,63.26,14.96,77.36,33,98.4,55.98,Secondary,83788047,180692,33625,215.65,40.13,18.61
Argentina,North America,Medium,169826296,71.51,38,61,9464,3577,24.8,8.95,1.17,46.68,25.08,55.6,68,59.78,36.16,Primary,84328629,181858,33842,215.65,40.13,18.61
Saudi Arabia,North America,High,163697854,80.26,43,53.08,6035,15860,7.05,26.98,5.08,68.72,41.39,12.86,49,85.73,78.1,Tertiary,81285502,175295,32621,215.65,40.13,18.61
Bangladesh,Africa,Low,120054113,17.25,46,82.57,9292,31842,47.19,34.78,1.82,60.17,46.99,62.32,53,56.99,61.67,Tertiary,59613847,128559,23924,215.65,40.13,18.61
Saudi Arabia,South America,Low,141421299,77.5,31,81.08,1987,29946,43.96,31.54,12.54,79.2,49.06,39.96,63,91.18,25.32,Secondary,70223897,151440,28182,215.65,40.13,18.61
Russia,South America,Low,174075188,57.3,37,54.49,1439,39520,29.81,16.56,12.2,46.11,26.56,39.11,47,71.2,35.6,Secondary,86438451,186408,34689,215.65,40.13,18.61
Egypt,Europe,High,6756700,74.71,37,30.35,8640,30566,45.84,25.44,0.13,69.66,14.83,17.85,37,69.53,78.06,Primary,3355094,7235,1346,215.64,40.12,18.6
Indonesia,Asia,Low,143840600,64.4,44,53.62,4522,1808,10.73,29.51,6.63,67.31,21.74,77.34,59,59.43,80.04,Tertiary,71425220,154031,28664,215.65,40.13,18.61
China,South America,Medium,83671348,76.65,48,29.88,5031,22685,36.39,34.79,4.09,32.55,49.51,54.93,31,93.98,33.16,Primary,41547689,89599,16673,215.65,40.13,18.61
Australia,South America,Medium,166113940,30.44,44,74.5,5219,12291,31.27,5.93,5.23,52.14,26.99,25.99,65,51.62,72.84,Secondary,82485229,177883,33103,215.65,40.13,18.61
South Korea,Europe,Low,16233393,47.08,22,27.05,8200,46375,33.3,23.11,9.02,20.84,44.84,15.37,50,94.45,32.32,Tertiary,8060823,17383,3234,215.65,40.12,18.6
United Kingdom,North America,High,53520437,56.02,49,20.45,3031,44274,39.78,16.3,14.39,26.8,23.72,17.53,56,91.25,76.48,Primary,26576008,57312,10665,215.65,40.13,18.61
Germany,North America,High,3505936,85.11,43,84.54,7530,24772,45.44,10.78,6.7,63.62,39.95,66.77,54,84.54,60.23,Secondary,1740901,3754,698,215.64,40.09,18.59
China,Asia,Low,98278603,47.16,47,88.64,7402,3406,40.49,20.18,13.77,41.96,16.02,69,47,54.92,83.82,Secondary,48801040,105241,19584,215.65,40.13,18.61
Germany,Africa,Medium,187661753,69.56,39,66.33,7447,26637,21.28,13.18,5.29,73.14,45.76,28.74,31,64.98,83.94,Secondary,93184971,200957,37397,215.65,40.13,18.61
Spain,Asia,Medium,145963921,40.13,39,28.28,5067,36374,44.69,22.64,5.54,58.67,17.56,52.96,35,91.81,72,Primary,72479573,156305,29087,215.65,40.13,18.61
China,Asia,Low,176937626,72.74,33,61.29,7914,45746,23.05,16.83,14.66,20.69,15.72,54.81,45,70.77,35.01,Secondary,87859818,189473,35260,215.65,40.13,18.61
Spain,South America,Medium,5063059,18.58,26,30.28,9378,24229,27.98,7.81,12.72,21.38,10.81,59.59,38,68.83,25.41,Tertiary,2514103,5421,1008,215.62,40.09,18.59
Saudi Arabia,Oceania,Low,133257593,89.35,21,24.91,5584,1179,15.85,28.25,2.43,58.48,30.41,36.05,62,57.21,37.31,Tertiary,66170142,142698,26555,215.65,40.13,18.61
South Korea,Europe,High,110551916,78.15,25,52.39,7046,24505,29.85,38.23,5.52,32.05,17.92,87.71,57,51.8,64.53,Tertiary,54895453,118384,22030,215.65,40.13,18.61
China,Asia,Low,152416306,45,39,66.87,7355,46887,13.65,38.1,2.42,54.81,28.29,47.18,54,82.62,42.14,Secondary,75683557,163214,30373,215.65,40.13,18.61
Nigeria,Asia,High,163804727,42.61,31,43.58,3166,8388,33.7,33.2,9.15,31.9,25.03,26.85,40,78.95,35.49,Tertiary,81338570,175410,32643,215.65,40.13,18.61
Vietnam,Oceania,Medium,7331476,88.3,36,65.11,5156,14524,43.41,10.98,14.54,55.18,38.94,43.75,60,78.49,52.53,Secondary,3640504,7850,1460,215.63,40.1,18.6
Germany,Asia,Low,89449276,26.48,43,68.34,9314,22117,47.16,22.89,7.9,39.04,49.27,40.01,55,96.03,33.42,Primary,44416766,95786,17825,215.65,40.13,18.61
India,Africa,Low,78274286,16.75,44,29.2,7198,45425,43.31,34.58,11.49,30.95,14.7,21.76,53,95.69,30.76,Secondary,38867733,83819,15598,215.65,40.13,18.61
Turkey,Europe,High,64224776,49.13,26,75.83,5529,38423,45.8,9.78,5.87,50.57,33.32,33.59,45,67.76,64.28,Secondary,31891335,68775,12798,215.65,40.13,18.61
Saudi Arabia,South America,Medium,196229234,39.66,23,75.56,660,49373,23.14,29.77,11.49,78.61,39.16,65.6,52,65.79,24.07,Secondary,97439223,210132,39104,215.65,40.13,18.61
Bangladesh,South America,High,69415864,17.23,44,26.97,5122,49106,5.35,33.92,4.71,76.36,42.37,71.79,42,61.93,60.15,Primary,34469012,74333,13833,215.65,40.13,18.61
South Africa,South America,High,145529584,48.83,34,20.66,4262,13562,16.53,37.34,10.92,47.52,25.92,53.83,52,70.83,40.36,Primary,72263899,155840,29001,215.65,40.13,18.61
South Korea,Africa,High,120231778,75.36,45,44.64,3317,4766,21.16,20.39,4.56,56.48,30.91,46.31,63,53.33,49.75,Tertiary,59702068,128750,23959,215.65,40.13,18.61
Italy,Europe,High,171424383,74.39,31,29.14,9574,13495,49.33,26.57,13.41,32.83,30.04,10.72,53,51.06,75.1,Primary,85122172,183569,34161,215.65,40.13,18.61
Russia,Europe,High,5803651,47.89,41,34.64,6526,2009,21.97,6.03,12.86,33.44,48.3,15.63,49,54.01,59.09,Primary,2881850,6214,1156,215.63,40.11,18.6
Brazil,Oceania,High,96368293,12.82,46,80.33,8995,36599,32.11,24.81,0.14,71.33,36.04,44.12,37,64.79,71.01,Secondary,47852460,103195,19204,215.65,40.13,18.61
South Africa,Oceania,High,136776819,60.65,27,77.18,9278,9664,18.03,19.7,6.71,20.54,17.53,17.16,30,64.21,27.62,Secondary,67917643,146467,27256,215.65,40.13,18.61
Turkey,Oceania,Medium,108656465,38.74,48,35.34,6091,22353,21.27,6.5,0.1,64.52,33.37,71.03,48,72.42,28.95,Secondary,53954252,116354,21652,215.65,40.13,18.61
Italy,North America,Low,47364505,35.97,25,61.53,6113,17925,18.26,17.11,1.01,71.32,30.07,65.96,48,75.71,70.39,Primary,23519230,50720,9438,215.65,40.13,18.61
South Africa,South America,Low,9741543,23.93,23,21.38,789,11623,29.55,11.68,3.82,44.18,12.94,46.86,33,51.81,21.47,Secondary,4837242,10431,1941,215.64,40.13,18.61
Italy,Europe,High,153608725,62.91,24,75.51,2905,43145,29.25,8.66,7.29,35.56,10.57,53.59,64,86.23,79.51,Secondary,76275662,164491,30611,215.65,40.13,18.61
Nigeria,South America,High,86330601,21.7,43,40.06,3997,15142,28.83,38.64,1.88,78.73,23.41,80.28,52,93.04,31.04,Secondary,42868162,92447,17203,215.65,40.13,18.61
Turkey,North America,Medium,59963064,69.57,22,84.6,3072,33625,38.19,25.7,8.81,79.13,46.33,17.25,48,80.18,77.64,Tertiary,29775147,64211,11949,215.65,40.13,18.61
Russia,South America,Low,78311627,59.95,23,21.51,1468,1258,25.47,32.45,13.28,50.95,40.71,25.25,55,60.39,31.91,Primary,38886275,83859,15605,215.65,40.13,18.61
China,South America,High,152079688,60.68,24,45.83,3391,49194,23.88,8.76,11.62,41.01,11.86,17.06,40,87.61,23.73,Tertiary,75516407,162854,30306,215.65,40.13,18.61
Germany,Europe,High,104413067,75.79,43,58.51,6706,44939,17,28.49,12.09,38.77,43.29,50.29,63,85.61,69.7,Secondary,51847158,111810,20807,215.65,40.13,18.61
Egypt,Oceania,High,196821515,54.78,38,48.77,3532,13042,36.4,31.64,13.33,20.45,27.41,83.24,61,79.12,36.73,Tertiary,97733325,210766,39222,215.65,40.13,18.61
China,North America,High,54150914,84.24,21,58.56,8612,48609,26.39,19.14,6.24,32.44,36.54,40.22,51,64.34,51.59,Primary,26889077,57987,10791,215.65,40.13,18.61
Mexico,Africa,Low,74634620,81.94,49,41.1,9386,38599,46.03,30.64,9.2,51.33,43.69,67.72,51,56.92,70.63,Primary,37060428,79922,14873,215.65,40.13,18.61
Australia,North America,High,6469044,48.9,47,37.93,9107,7678,37.44,9.22,14.08,26.44,47.02,49.48,67,92.62,72.18,Primary,3212256,6927,1289,215.64,40.13,18.61
Australia,Europe,Low,84797187,31.44,26,68.22,4291,47884,41.3,23.49,5.48,73.67,44.9,70.7,56,56.55,30.02,Primary,42106733,90805,16898,215.65,40.13,18.61
Argentina,Europe,Low,65927952,51.88,22,32.54,7337,45705,22.21,39.47,13.63,43.45,31.84,85.18,40,75.82,39.75,Primary,32737061,70598,13137,215.65,40.13,18.61
Australia,Asia,Medium,137497001,29.6,47,83.11,8017,45722,27.16,26.33,14.57,21.04,36.22,74.9,50,75.16,64.46,Tertiary,68275255,147238,27400,215.65,40.13,18.61
South Korea,North America,Medium,29308976,58.5,47,30.48,5474,36977,38.87,32.82,11.64,55.4,25.32,17.87,46,51,77.79,Secondary,14553610,31385,5840,215.65,40.13,18.61
Saudi Arabia,Asia,High,56057436,43.73,25,24.5,9743,4107,21.34,39.96,3.1,38.39,41.2,28.82,51,90.42,45.99,Secondary,27835776,60029,11171,215.65,40.13,18.61
Vietnam,Oceania,High,45818560,22.56,22,56.72,6034,41152,32.35,36.28,14.74,53.03,34.28,12.94,61,89.54,50.15,Tertiary,22751578,49064,9130,215.65,40.13,18.61
Bangladesh,North America,Medium,40789737,52.26,37,26.91,9451,22808,34,14.07,11.74,44.58,26.41,63.49,62,62.58,89.89,Primary,20254475,43679,8128,215.65,40.13,18.61
Bangladesh,Africa,Low,118197032,56.01,34,87.22,5896,38791,20.26,7.08,3.37,52.71,18.74,70.69,42,57.85,22.84,Secondary,58691698,126571,23554,215.65,40.13,18.61
Argentina,Asia,Low,127147832,38.5,40,42.87,1483,5515,20.55,31.84,4.77,22.78,39.86,86.68,66,73.61,33.48,Secondary,63136291,136156,25338,215.65,40.13,18.61
Australia,Oceania,Low,135956772,81.97,20,52.51,5793,31676,16.48,34.9,2.27,61.81,43.03,15.13,56,95.64,84.09,Tertiary,67510441,145589,27093,215.65,40.13,18.61
Pakistan,South America,Medium,46745516,81.28,27,35.26,3083,9799,33.39,10.57,8.02,24.24,41.98,15.05,44,57.16,42.48,Secondary,23211866,50057,9315,215.65,40.13,18.61
Argentina,Europe,Low,77050555,26.49,33,20.84,4475,38542,35.98,9.38,2.86,70.71,43.03,44.75,36,58.17,43.49,Tertiary,38260080,82509,15354,215.65,40.13,18.61
France,Africa,Medium,23937437,10.3,27,54.93,3277,23498,23.32,14.28,7.21,49.95,10.59,49.27,43,65.29,57.02,Secondary,11886329,25633,4770,215.65,40.13,18.61
Brazil,Asia,Medium,144704640,24.72,31,35.92,578,1701,16.88,20.24,9.5,74.21,47.76,65.99,67,82.87,40.65,Primary,71854267,154956,28836,215.65,40.13,18.61
France,Asia,Medium,158196994,25.27,49,56.42,2675,19579,46.62,19.91,9.45,67.35,10.08,28.65,47,74.62,80.38,Tertiary,78554005,169405,31525,215.65,40.13,18.61
Brazil,North America,Low,108331745,87.88,26,75.11,6880,12232,31.2,5.4,10.31,46.03,43.52,41.56,47,73.63,27.57,Secondary,53793009,116007,21588,215.65,40.13,18.61
Turkey,Asia,Medium,175024485,60.47,43,56.06,8032,11963,38.02,36.35,0.08,70.48,21.74,67.77,48,80.52,67.93,Tertiary,86909832,187424,34878,215.65,40.13,18.61
Vietnam,Africa,Medium,167098203,26.35,22,27.6,427,11097,34.23,17.63,1.16,61.3,34.23,58.07,65,64.36,51.02,Secondary,82973973,178937,33299,215.65,40.13,18.61
United States,Europe,Medium,95189531,83.53,49,64.5,1580,20375,44.47,29.5,2.04,20.24,43.37,10.76,31,58.71,73.39,Tertiary,47267136,101933,18969,215.65,40.13,18.61
United States,North America,High,81597414,79.81,30,74.46,669,13142,40.03,35.66,6.99,58.23,17.43,14,60,82.48,35.61,Secondary,40517860,87378,16260,215.65,40.13,18.61
Spain,Oceania,High,156975648,74.3,48,84.1,5087,41769,26.94,25.7,0.93,72.04,15.74,42.33,54,95.16,35.18,Primary,77947535,168097,31282,215.65,40.13,18.61
South Korea,South America,Medium,48165497,40.74,43,50.75,5041,44488,34.15,24.73,13.19,54,28.81,29.43,66,59.53,59.91,Primary,23916969,51578,9598,215.65,40.13,18.61
South Korea,South America,Low,191235461,89.05,43,77.57,4204,1144,33.74,11.18,12.89,37.56,16.89,82.92,52,50.49,62.54,Secondary,94959525,204784,38109,215.65,40.13,18.61
Egypt,Europe,Medium,175722941,48.56,31,85.98,8451,38668,43.3,39.66,8,64.11,12.24,67.58,39,55.38,59.42,Secondary,87256656,188172,35017,215.65,40.13,18.61
Russia,Oceania,High,197661385,40.36,34,86.63,3303,21797,5.77,27.73,8.76,31.16,27.75,13.04,60,84.13,68.7,Primary,98150369,211665,39389,215.65,40.13,18.61
Spain,North America,Low,132835989,85.61,21,43.77,165,2366,49.3,18.04,13.53,51.13,38.07,62.46,66,62.81,79.97,Primary,65960791,142247,26471,215.65,40.13,18.61
South Africa,Europe,High,45384934,40.63,33,56.68,3871,47079,9.57,34.75,6.13,53.17,36.43,32.67,47,54.51,27.93,Tertiary,22536258,48600,9044,215.65,40.13,18.61
Pakistan,South America,Low,121028967,51.15,36,69.61,8094,14788,42.54,39.75,0.89,29.62,40.73,51.54,51,71.6,37.24,Secondary,60097918,129603,24118,215.65,40.13,18.61
Egypt,Africa,Medium,166534005,17.22,37,41.46,7757,27499,29.56,39.31,12.03,71.31,20.95,70.48,55,92.85,77.58,Primary,82693815,178332,33186,215.65,40.13,18.61
Germany,Oceania,Low,38296187,22.75,30,58.24,5136,40831,8.13,31.75,4.23,69.81,47.72,82.36,59,96.55,71.8,Secondary,19016283,41009,7631,215.65,40.13,18.61
India,Asia,Medium,31135749,13.75,28,25.77,8078,20402,26.93,25.26,6,57.52,42.19,68.65,53,64.28,41.56,Tertiary,15460709,33341,6204,215.65,40.13,18.61
Russia,North America,Medium,174055027,69.36,36,28.16,1635,5199,6.7,15.5,6.05,33.92,15.88,83.58,53,67.94,68.85,Secondary,86428440,186386,34685,215.65,40.13,18.61
Japan,Africa,Low,136502488,22.42,40,33.99,1560,7903,37.18,30.2,9.2,38.33,49.04,18.06,66,89.76,45,Secondary,67781421,146173,27202,215.65,40.13,18.61
Canada,Oceania,Low,187783488,75.97,33,64.24,1528,18354,11.32,21.95,10.45,72.87,11.75,38.21,53,83.42,41.96,Tertiary,93245419,201087,37421,215.65,40.13,18.61
Indonesia,Europe,High,170097857,18.18,38,40.66,8121,2608,7.83,30.04,14.77,36.99,21.32,58.77,61,59.71,26.68,Primary,84463475,182149,33897,215.65,40.13,18.61
China,Africa,High,91028463,42.43,40,51.76,6428,15846,7.38,12.86,1.29,53.17,43.66,85.22,48,56.71,81.22,Tertiary,45200924,97477,18140,215.65,40.13,18.61
Italy,North America,Low,39975170,35.68,22,69.71,1511,13344,46.65,23.42,2.03,38.11,37.56,44.69,33,52.56,72.25,Tertiary,19849996,42807,7966,215.65,40.13,18.61
Indonesia,Oceania,Medium,169990242,74.62,40,79.3,5446,22463,41.01,8.93,9.15,22.6,38.79,53.04,45,90.87,45.7,Secondary,84410038,182033,33875,215.65,40.13,18.61
Mexico,Oceania,Low,49991138,66.28,30,33.26,9893,36870,12.51,15.74,11.57,50.95,38.89,26.2,41,67.07,64.15,Tertiary,24823506,53532,9962,215.65,40.13,18.61
Japan,North America,High,175736505,38.85,41,55.4,586,23121,15.1,18.89,7.8,66.21,24.59,72.96,59,72.67,81.9,Secondary,87263392,188187,35020,215.65,40.13,18.61
Vietnam,South America,Low,167570241,77.41,34,78.48,8811,5940,47.28,39.17,3.47,31.76,37.25,54.64,51,75.45,40.23,Primary,83208367,179442,33393,215.65,40.13,18.61
Saudi Arabia,North America,High,171516386,66.88,38,31.95,2162,42360,5.15,37.09,12.03,54.31,18.43,46.04,47,96.55,54.21,Primary,85167857,183668,34179,215.65,40.13,18.61
Vietnam,Oceania,High,12832351,64.47,32,25.23,5316,39785,41.8,37.51,5.66,47.92,34.61,32.4,58,90.06,42.19,Secondary,6372008,13741,2557,215.65,40.13,18.61
Pakistan,Asia,Medium,27012715,73.61,25,20.49,9793,2637,30.23,37.62,14.19,38.52,15.62,27.05,48,67.26,66.04,Secondary,13413383,28926,5382,215.65,40.12,18.61
Saudi Arabia,Oceania,High,98768203,45.2,41,60.42,3041,9797,44.53,29.37,13.04,72.8,33.66,60.7,63,79.17,78.84,Primary,49044155,105765,19682,215.65,40.13,18.61
Turkey,Europe,High,83414865,14.67,35,51.81,6157,1012,9.48,13.27,11.48,38.45,24.19,48.35,64,79.48,48.26,Tertiary,41420330,89324,16622,215.65,40.13,18.61
Australia,Europe,Low,146638035,47.12,23,30.56,4581,19622,43.34,38.71,14.16,50.91,24.41,17.55,64,55.89,42.23,Tertiary,72814310,157027,29222,215.65,40.13,18.61
Argentina,Asia,High,164099109,57.88,49,38.35,6979,47860,44.55,14.67,1.87,48.47,29.12,21.45,57,59.31,49.56,Tertiary,81484748,175725,32701,215.65,40.13,18.61
Italy,North America,Low,96514354,24.33,38,57.18,1838,29486,16.53,32.74,4.36,24.8,14.61,58.98,33,78.16,64.71,Primary,47924988,103352,19233,215.65,40.13,18.61
Brazil,Africa,High,76790735,29.44,36,42.72,7813,21044,37.65,31.7,0.18,57.97,39.57,34.47,41,72.05,50.53,Primary,38131064,82231,15302,215.65,40.13,18.61
India,Asia,Medium,91387981,24.15,45,82.06,5603,48616,10.24,28.41,10.11,38.08,39.9,50.49,67,96.81,40.22,Secondary,45379445,97862,18211,215.65,40.13,18.61
France,Africa,Low,172739969,34.65,41,66.59,4296,38608,16.78,31.98,12.3,41.18,23,60.12,62,78.34,86.41,Tertiary,85775437,184978,34423,215.65,40.13,18.61
Italy,Asia,Medium,133198794,49.08,37,30.78,7220,9895,25.42,7.2,1.09,20.33,27.54,60.33,30,95.35,85.39,Tertiary,66140945,142635,26543,215.65,40.13,18.61
United States,Asia,High,144911984,37.36,47,41.39,2874,40449,45.48,39.34,14.66,25.24,35.79,10.31,37,70.48,31.88,Tertiary,71957225,155178,28877,215.65,40.13,18.61
Nigeria,North America,High,27798798,48.32,41,54.79,1671,29182,27.54,20.09,5.14,77.24,21.61,53.54,64,97.55,66.41,Primary,13803719,29768,5539,215.65,40.13,18.61
Saudi Arabia,Asia,High,10907826,52.59,23,36.95,5177,8396,16.89,34.32,2.38,63.33,43.01,53.58,52,79.99,78.84,Primary,5416369,11680,2173,215.64,40.12,18.6
Saudi Arabia,Asia,Medium,63805677,38.2,20,33.21,6252,22283,6.89,12.14,11.58,45.28,19.77,36.19,31,73.29,57.52,Tertiary,31683228,68326,12715,215.65,40.13,18.61
Turkey,Oceania,High,42754790,87.79,39,39.7,5393,39494,17.86,19.79,13.99,63.11,26.35,35.57,40,86.52,24.53,Primary,21230239,45783,8520,215.65,40.13,18.61
Pakistan,South America,High,93738874,53.98,30,54.94,7744,27908,18.05,14.83,4.13,72.72,40.72,22.89,43,96.47,74.48,Primary,46546801,100380,18680,215.65,40.13,18.61
Indonesia,Europe,Low,198897805,77.07,48,27.89,4754,47017,48.33,17.64,13.45,25.96,39.04,87.56,51,93.39,54.58,Primary,98764324,212989,39636,215.65,40.13,18.61
Bangladesh,South America,Medium,166896402,69.57,41,79.47,5356,45703,30.96,16.17,11.56,28.43,11.99,67.87,42,54.3,43.54,Tertiary,82873767,178720,33258,215.65,40.13,18.61
Indonesia,South America,Medium,153408485,66.97,21,77.68,2477,6121,43.46,11.24,2.46,59.13,13.61,65.15,56,53.87,73.94,Primary,76176232,164277,30571,215.65,40.13,18.61
Turkey,Africa,High,153632917,87.79,21,58.96,9619,21408,46.7,21.62,7.41,32.3,48.21,10.92,45,87.76,22.33,Secondary,76287675,164517,30615,215.65,40.13,18.61
China,Europe,Medium,78998133,59.25,22,33.99,4367,33968,29.78,24.2,5.4,26.15,33.68,48.58,69,97.17,24.49,Primary,39227166,84595,15742,215.65,40.13,18.61
Mexico,Africa,Medium,9323667,62.91,44,56.58,3812,31745,20.72,37.54,1.61,77.12,30.77,81.58,42,87.55,23.77,Tertiary,4629742,9984,1857,215.65,40.11,18.6
Indonesia,North America,Medium,172390412,23.13,23,88.56,9379,48059,30.47,9.79,0.46,60.32,11,81.51,37,56.74,34.88,Primary,85601862,184604,34353,215.65,40.13,18.61
Turkey,South America,Low,26920472,32.38,42,34.3,2922,31481,19.14,6.8,14.3,67.12,35.52,43.95,48,97.24,29.93,Primary,13367579,28827,5364,215.65,40.13,18.61
South Korea,Asia,Medium,118188706,63.84,32,50.73,2151,35965,25.72,25.42,1.65,68.18,43.87,51.49,50,53.08,60.54,Tertiary,58687564,126562,23552,215.65,40.13,18.61
United Kingdom,Africa,Low,21449933,51.41,42,58.97,219,1317,23.62,5.56,4.38,66.9,21.56,77.49,42,56.5,58.57,Primary,10651138,22969,4274,215.65,40.13,18.61
United States,South America,High,64063174,84.15,26,56.03,3421,21347,25.38,8.83,11.98,26.08,44.79,30.42,37,65.58,56.63,Tertiary,31811090,68602,12766,215.65,40.13,18.61
Saudi Arabia,Asia,High,110831174,88.83,41,74.66,9305,40218,40.77,38.25,9.45,65.81,49.29,69.16,42,85.17,41.61,Tertiary,55034121,118683,22086,215.65,40.13,18.61
Bangladesh,Africa,Low,133913183,19.96,21,24.06,4900,35234,44.8,31.69,4.93,25.27,11.19,41.65,59,85.03,34.92,Primary,66495681,143400,26686,215.65,40.13,18.61
Indonesia,Europe,Medium,128868346,54.47,20,32.95,6690,2770,24.29,25.93,13.83,71.49,21.97,31.3,52,68.51,71.73,Secondary,63990626,137998,25680,215.65,40.13,18.61
Australia,North America,Low,36002075,72.41,43,83.12,8389,41309,13.6,16.65,0.26,30.74,45.88,63.73,55,81.37,60.2,Primary,17877123,38552,7174,215.65,40.13,18.61
Saudi Arabia,Africa,Medium,188851284,66.56,32,72.76,4421,42635,43.41,12.6,2.35,42.31,48.14,60.44,68,71.12,67.87,Tertiary,93775642,202231,37634,215.65,40.13,18.61
Mexico,Europe,High,102917189,34.29,46,87.33,9409,37401,20.05,6.73,5.13,52.51,46.22,38.39,50,88.34,34.95,Tertiary,51104368,110208,20509,215.65,40.13,18.61
Spain,South America,Low,76048340,53.29,29,48.65,4575,9070,28.44,16.99,2.51,63.13,42.09,68.34,56,73.53,39.61,Tertiary,37762422,81436,15154,215.65,40.13,18.61
Germany,Europe,Low,127759272,72.38,35,24.32,5861,41826,17.54,22.5,9.53,68.5,49.79,27.01,45,53.84,35.64,Primary,63439906,136810,25459,215.65,40.13,18.61
United States,Oceania,High,152445295,44.49,20,39.81,167,45314,38.57,32.88,7.25,24.05,24.57,83.42,47,62.84,46.7,Tertiary,75697952,163245,30379,215.65,40.13,18.61
South Korea,Europe,Low,60969318,37.87,28,69.9,8256,41732,26.28,38.7,2.67,33.24,35.48,26.83,65,90.29,85.1,Secondary,30274811,65288,12149,215.65,40.13,18.61
Saudi Arabia,Asia,Medium,177680904,74.42,25,85.87,3187,9205,39.55,34.06,9.43,41.1,36.26,50.62,57,92.09,58.16,Tertiary,88228899,190269,35408,215.65,40.13,18.61
Vietnam,South America,High,101900107,89.93,39,49.24,5438,18324,37.36,34.49,0.95,38.5,10.78,31.26,37,81.49,64.37,Tertiary,50599327,109119,20306,215.65,40.13,18.61
Bangladesh,Asia,Medium,79045628,10.2,21,77.79,8784,3225,38.08,17.5,0.71,64.23,20.99,37.57,51,96.63,67.59,Primary,39250750,84645,15752,215.65,40.13,18.61
Russia,North America,High,152869201,54.93,21,86.18,7787,10904,10.76,10.13,4.89,48.71,29.42,54.68,43,90.35,72.47,Primary,75908446,163699,30463,215.65,40.13,18.61
South Africa,North America,High,2408356,67.24,25,54.39,4614,31990,41.47,31.79,0.6,36.54,18.14,43.9,33,66.68,78.47,Secondary,1195888,2578,479,215.57,40.05,18.58
United Kingdom,South America,Medium,20274989,37.57,40,60.05,9688,47087,11.03,37.33,5.13,46.75,48.05,18.48,38,89.17,74.06,Secondary,10067710,21711,4040,215.65,40.13,18.61
Vietnam,Oceania,Low,181315280,63.82,46,77.1,9622,21743,30.87,30.87,5.08,56.34,41.46,37.74,58,51.83,41.93,Secondary,90033578,194161,36132,215.65,40.13,18.61
Italy,Europe,Medium,165036661,63.27,30,77.21,6107,1009,48.61,16.54,14.2,42.03,24.62,50.94,54,61.8,88.3,Tertiary,81950297,176729,32888,215.65,40.13,18.61
United Kingdom,Europe,High,38822170,89.83,25,32.29,7362,47537,29.56,9.61,14.12,76.62,16.81,21.49,30,96.9,38.06,Primary,19277464,41572,7736,215.65,40.13,18.61
Pakistan,North America,Medium,152586871,15.12,26,80.11,1664,7553,31.96,32.41,8.41,79.05,23.61,85.15,51,70.05,45.82,Tertiary,75768253,163397,30407,215.65,40.13,18.61
Canada,North America,High,179371359,44.52,42,36.86,7356,17689,46.91,7.2,14.98,75.67,46.07,84.97,50,96.82,34.73,Primary,89068308,192079,35745,215.65,40.13,18.61
Vietnam,South America,Low,121964153,44.59,42,32.23,7638,35689,43.82,20.13,3.88,53.19,29.26,32.96,51,59.85,59.74,Tertiary,60562293,130605,24304,215.65,40.13,18.61
Italy,Oceania,Low,112598561,70.71,41,76.01,9981,33267,37.6,26.65,10.77,33.93,15.14,36.21,62,51.88,21.63,Tertiary,55911732,120576,22438,215.65,40.13,18.61
Mexico,Asia,High,137370852,30.07,38,47.11,5400,12627,18.42,34.24,0.56,76.47,49.44,89.31,62,55.34,35.03,Primary,68212614,147103,27375,215.65,40.13,18.61
Nigeria,Oceania,Medium,30103370,71.76,30,43.46,2471,15240,14.45,10.54,2.55,35.33,47.73,85.69,69,83.22,74.24,Tertiary,14948073,32236,5998,215.65,40.13,18.61
Vietnam,South America,Low,195386351,19.42,45,81.76,8820,49382,47.65,35.13,11.28,41.66,12.27,76.87,40,59.31,83.01,Primary,97020683,209229,38936,215.65,40.13,18.61
Brazil,North America,High,49590610,43.78,29,46.66,753,6329,21.79,12.59,9.66,60.25,47.79,48.69,35,57.86,56.85,Primary,24624621,53104,9882,215.65,40.13,18.61
South Africa,North America,Medium,110874476,52.29,21,71.27,2255,9110,7.28,37.09,6,52.86,37.35,55.66,57,68.86,25.67,Tertiary,55055623,118729,22094,215.65,40.13,18.61
United States,Africa,Medium,50870775,66.87,45,78.45,2785,20204,35.61,28.8,14.62,70.32,39.04,50.06,54,76.67,67.57,Secondary,25260297,54474,10137,215.65,40.13,18.61
Japan,North America,Medium,179955341,71.57,25,81.65,638,4632,44.74,24.25,3.84,31.32,43.35,23.08,59,95.96,23.91,Tertiary,89358289,192705,35861,215.65,40.13,18.61
Mexico,North America,Medium,139461917,31.4,29,77.52,9290,2397,6.96,15.52,12.93,54.84,12.62,26.92,69,98.23,60.56,Tertiary,69250950,149342,27791,215.65,40.13,18.61
Spain,Africa,High,168864773,82.81,34,88.05,2147,47455,35.96,36.91,2.79,26.47,11.15,35.67,58,52.31,77.53,Tertiary,83851177,180828,33651,215.65,40.13,18.61
Saudi Arabia,Oceania,High,64548035,53.12,44,20.17,4055,25621,23.29,8.57,12.08,43.95,39.76,38.44,46,80.67,25.71,Primary,32051852,69121,12863,215.65,40.13,18.61
Brazil,Asia,High,54832099,11.41,31,55.55,4563,39827,6.46,38.93,13.25,28.03,46.36,55.17,69,74.61,88.64,Secondary,27227325,58716,10926,215.65,40.13,18.61
Saudi Arabia,South America,Medium,155145680,74.22,27,52.27,370,20125,44.73,6.17,4.36,46.35,11.32,10.72,39,55.8,22.99,Primary,77038850,166137,30917,215.65,40.13,18.61
Pakistan,Oceania,Medium,103753013,58.58,43,69.43,9481,48327,36.93,18.94,5.93,59.57,41.29,74.08,36,87.57,30.75,Secondary,51519403,111103,20675,215.65,40.13,18.61
China,Europe,High,125916644,86.34,41,57.6,8241,25489,43.44,28.88,7.06,57.37,19.95,78.5,32,50.51,82.18,Tertiary,62524934,134837,25092,215.65,40.13,18.61
Saudi Arabia,Asia,High,9936499,49,23,42.27,9771,30489,33.66,23.35,13.04,40.72,14.97,40.25,52,73.57,60.06,Secondary,4934049,10640,1980,215.64,40.13,18.61
France,Africa,Low,82155978,20.87,45,86.91,9678,33296,23.05,25.53,5.43,43.23,35.42,45.38,34,78.64,73.72,Secondary,40795219,87976,16371,215.65,40.13,18.61
France,North America,High,75164092,32.26,28,59.18,4982,27930,37.3,10.44,9.33,35.77,31.97,46.46,58,50.28,29.07,Primary,37323341,80489,14978,215.65,40.13,18.61
Italy,Africa,Medium,52395141,27.41,49,44.72,766,48144,42.21,10.08,10.95,70.95,38.54,87.12,50,76.13,79.59,Secondary,26017233,56107,10441,215.65,40.13,18.61
Canada,Europe,Low,51143009,48.22,34,22.76,6962,45881,47.77,21.41,11.59,50.97,47.92,73.67,31,86.87,72.32,Primary,25395477,54766,10191,215.65,40.13,18.61
South Korea,Europe,High,172379302,27.91,25,65.66,6593,49557,48.82,13.53,0.12,32.56,30.2,34.78,62,59.81,31.8,Tertiary,85596345,184592,34351,215.65,40.13,18.61
South Africa,South America,Medium,128013530,31.87,34,21.28,7897,19520,14.97,13.6,4.85,33.21,26.21,46.78,48,81.11,30.89,Secondary,63566160,137083,25510,215.65,40.13,18.61
Japan,South America,Medium,38025740,36.11,37,71.98,8302,38527,28.87,28.72,9.15,43.85,43.44,28.02,47,59.8,27.79,Primary,18881990,40719,7577,215.65,40.13,18.61
Russia,Oceania,High,32994237,34.46,35,66.41,8409,14615,42.73,38.74,12.62,64.41,41.32,38.8,39,81.88,85.82,Secondary,16383556,35331,6574,215.65,40.13,18.61
Germany,Oceania,Low,129029446,88.26,34,33.91,7784,36607,46.38,36.27,9.73,44.89,33.82,61.37,64,98.41,54.56,Secondary,64070621,138171,25712,215.65,40.13,18.61
Nigeria,Europe,Medium,139107972,32.3,31,78.62,5311,10601,28.71,23.71,6.23,79.41,10.56,50.27,51,59.83,41.24,Primary,69075196,148963,27721,215.65,40.13,18.61
China,Africa,Medium,120903344,51.82,20,83.44,1665,26306,32.04,21.19,5.79,66.71,13.83,51.19,41,54.19,30.35,Primary,60035539,129469,24093,215.65,40.13,18.61
Turkey,Asia,Low,133803375,57.54,39,34.26,1716,7329,31.26,28.38,9.9,75.39,37.9,15.94,38,90.2,76.79,Primary,66441155,143283,26664,215.65,40.13,18.61
Mexico,Oceania,High,72953558,64.85,39,77.08,2562,12967,45.17,8.27,7.2,29.3,29.94,49.32,31,58.56,72.56,Tertiary,36225683,78122,14538,215.65,40.13,18.61
Germany,Oceania,High,131386410,75.17,25,89.21,4900,14100,22.7,25.66,10.7,55.92,48.35,11.33,65,82.35,20.62,Primary,65240991,140695,26182,215.65,40.13,18.61
Russia,North America,Low,110168531,10.98,31,84.65,6535,19723,38.59,16.46,6.61,57.42,46.55,84.75,59,68.59,64.16,Primary,54705080,117973,21954,215.65,40.13,18.61
Vietnam,South America,High,40491683,72.67,34,57.5,4403,48944,33.82,20.68,5.81,44.73,29.23,20.7,49,81.26,80.07,Tertiary,20106474,43360,8069,215.65,40.13,18.61
India,Oceania,Low,188222668,76.45,28,74.62,9079,41961,7.73,17.61,11.32,25.35,16.01,29.02,56,64.54,73.62,Tertiary,93463498,201558,37509,215.65,40.13,18.61
Egypt,South America,Medium,41055868,57.9,39,69.83,6919,14805,31.38,21.47,3.36,67.94,34.68,16.6,58,61.37,71.98,Tertiary,20386625,43964,8181,215.65,40.13,18.61
Pakistan,Oceania,Low,143214533,39.42,46,31.21,8597,43741,33.84,23.77,8.58,24.05,47.39,38.19,66,87.56,39.97,Primary,71114342,153361,28539,215.65,40.13,18.61
Egypt,South America,Medium,75216769,54.62,23,73.45,5764,28693,17.74,8.44,3.72,49.07,31.99,34.31,58,91.24,70.31,Tertiary,37349499,80545,14989,215.65,40.13,18.61
Germany,Africa,High,65739174,75.9,37,60.82,824,19097,22.93,36.65,14.18,20.01,27.44,75.12,56,96.9,71.87,Primary,32643322,70396,13100,215.65,40.13,18.61
Germany,North America,High,184369921,74.69,34,45.41,9998,33925,38.27,6.09,2.76,73.99,35.73,86.55,63,84.32,63.51,Secondary,91550385,197432,36741,215.65,40.13,18.61
Bangladesh,Oceania,Medium,161463537,79.87,23,29.13,4392,27343,36.79,37.39,10.21,56.05,28.55,28.96,32,55.63,39.08,Tertiary,80176033,172903,32176,215.65,40.13,18.61
Argentina,Africa,High,51318831,13.49,41,69.89,6998,40034,25.81,11.64,7.14,76.7,17.43,21.74,46,88.04,33.75,Secondary,25482783,54954,10226,215.65,40.13,18.61
Brazil,North America,High,43487080,48.8,44,21.8,1528,15271,10.54,6.64,6.45,23.64,43.64,62.19,39,65.02,29.71,Secondary,21593863,46568,8666,215.65,40.13,18.61
Australia,Africa,High,21875844,40.66,24,73.09,7648,23224,25.69,34.63,8.52,47.68,46.92,17.95,65,77.93,63.22,Tertiary,10862628,23425,4359,215.65,40.13,18.61
Turkey,Europe,High,189426519,41.28,46,28.9,1783,3637,22.21,29.35,6.32,78.93,43.8,85.82,51,82.39,78.71,Secondary,94061280,202847,37748,215.65,40.13,18.61
Bangladesh,Asia,High,93353592,70.89,42,81.18,8813,9378,30.27,19.36,2.45,74.64,27.43,26.94,38,76.06,61.81,Primary,46355486,99967,18603,215.65,40.13,18.61
Japan,Africa,Medium,198218807,70.16,28,60.29,3045,16507,16.87,5.23,14.75,66.69,41.52,68.4,65,72.82,55.9,Primary,98427162,212262,39500,215.65,40.13,18.61
Bangladesh,North America,High,81982892,67.82,41,72.02,825,5925,15.71,12.26,12.31,79.04,31.31,61.1,34,62.53,58.75,Secondary,40709272,87791,16337,215.65,40.13,18.61
United States,North America,Medium,49393117,62.94,21,49.38,8155,18274,35.14,16.56,1.9,32.13,46.87,69.09,69,66.94,46.97,Secondary,24526554,52892,9842,215.65,40.13,18.61
South Korea,Asia,Medium,51657877,44.67,27,44.68,7555,15779,33.38,5.81,14.46,76.63,34.28,75.2,32,54.33,29.78,Tertiary,25651139,55317,10294,215.65,40.13,18.61
France,Africa,Low,57551559,79.33,29,67.55,2807,47532,10.61,37.04,12.29,48.31,10.18,30.73,55,72.62,80.49,Primary,28577695,61629,11468,215.65,40.13,18.61
Russia,South America,Low,50013720,31.35,22,86.46,2433,27821,41.5,35.13,14.43,20.42,18.54,88.29,65,70.31,71.42,Primary,24834719,53557,9966,215.65,40.13,18.61
Brazil,Oceania,Medium,32259275,65.91,33,56.51,7998,35185,17.39,32.87,8.27,68.61,32.41,46.52,51,80.4,22.63,Secondary,16018605,34544,6428,215.65,40.13,18.61
Turkey,Asia,Medium,16146841,37.63,47,38.72,2976,19878,24.69,29.81,2.79,31.55,11.9,57.14,36,70.73,72.23,Primary,8017845,17290,3217,215.64,40.12,18.61
Germany,Oceania,High,124090065,25.53,49,71.73,4826,26912,45.01,33.99,3.42,63.88,32.79,33.65,37,92.97,84.37,Tertiary,61617932,132881,24728,215.65,40.13,18.61
China,Africa,Low,144632541,74.74,26,53.21,9229,34116,38.33,10.31,6.13,66.04,25.48,64.12,39,67.65,22.88,Tertiary,71818465,154879,28822,215.65,40.13,18.61
Nigeria,Asia,High,157646374,86.63,35,85.75,590,2084,30.58,31.89,6.3,68.2,32.54,13.08,47,80.44,20.72,Tertiary,78280590,168815,31415,215.65,40.13,18.61
Australia,Oceania,High,26821597,60.88,26,75.32,7494,19590,18.6,26.89,4.92,32,28.93,15.16,39,72.79,51.06,Tertiary,13318482,28721,5344,215.65,40.12,18.61
Brazil,Europe,Low,198237277,28.37,37,38.95,7388,26630,14.57,26.34,7.03,72.67,13.11,34.56,39,73.84,34.1,Tertiary,98436333,212282,39504,215.65,40.13,18.61
Saudi Arabia,Asia,High,127749380,68.1,25,30.82,9020,1867,10.48,17.78,1.41,37.91,31.26,15.54,31,82,46.04,Secondary,63434994,136800,25457,215.65,40.13,18.61
Germany,Europe,Medium,167950037,37.89,21,36.57,731,39665,27.95,13.14,9.32,43.78,19.66,54.29,39,72.85,32.51,Tertiary,83396958,179849,33469,215.65,40.13,18.61
Pakistan,Europe,Low,156628806,21.97,25,76.24,2119,4202,19.31,6.22,9.5,31.1,41.24,62.44,54,59.1,31.28,Secondary,77775308,167725,31212,215.65,40.13,18.61
Italy,Africa,Medium,7384439,56.24,21,25.33,5787,42674,32.6,8.88,9.31,67.66,44.48,14.72,58,62.04,71.24,Tertiary,3666803,7907,1471,215.64,40.12,18.6
Turkey,Oceania,Low,9827569,29.83,30,88.57,859,20378,33.52,17.25,14.07,31.49,24.51,50.4,45,86.35,25.67,Primary,4879959,10523,1958,215.64,40.12,18.61
Germany,South America,High,63623452,50.34,49,30.67,758,44460,33.72,20.51,1.86,53.2,16.1,48.94,32,80.2,72.34,Secondary,31592743,68131,12678,215.65,40.13,18.61
South Korea,South America,Low,43022978,75.56,42,80.66,6587,12470,12.37,24.94,4.15,42.49,13.99,73.32,34,78.58,72.18,Primary,21363409,46071,8573,215.65,40.13,18.61
Vietnam,Africa,Low,68127495,68.3,20,23.71,1652,3179,37.31,7.94,13.45,24.53,14.21,35.48,47,98.9,27.31,Secondary,33829262,72954,13576,215.65,40.13,18.61
China,Africa,Medium,108863042,86.89,36,23.34,5401,25582,32.67,32.75,9.75,60.08,25.49,29.34,66,87.56,31.19,Tertiary,54056829,116575,21694,215.65,40.13,18.61
Saudi Arabia,Africa,High,2844033,53.31,25,56.32,3680,7397,13.18,12.07,11.06,50.8,15.3,87.66,33,70.83,86.86,Secondary,1412227,3045,566,215.62,40.08,18.59
Australia,Africa,Low,119151483,86.77,43,70.64,110,49450,38.87,20.1,5.27,61.49,14.73,79.6,42,69.68,69.42,Primary,59165638,127593,23744,215.65,40.13,18.61
France,South America,High,83922740,67.02,29,71.41,9962,16851,33.26,8.09,8.23,51.72,14.93,11.43,44,69.24,43.93,Primary,41672519,89868,16724,215.65,40.13,18.61
South Korea,Asia,Medium,40196575,46.79,28,24.24,8050,22005,22.27,9.7,11.09,40.56,19.8,80.68,58,94.08,58.25,Tertiary,19959936,43044,8010,215.65,40.13,18.61
Mexico,Oceania,Low,120592850,74.9,23,20.56,2232,3347,23.47,17.59,8.63,67.87,37.66,33.29,64,91.86,57.54,Tertiary,59881361,129136,24031,215.65,40.13,18.61
Canada,Oceania,High,43684107,37.46,24,75.25,8919,31027,43.39,18.8,0.69,24.93,31.58,74.71,67,96.54,66.44,Primary,21691698,46779,8705,215.65,40.13,18.61
Russia,Oceania,High,44171090,42.85,28,70,9625,40101,5.4,17.69,10.3,47.21,31.01,69.85,55,64.88,64.63,Primary,21933514,47300,8802,215.65,40.13,18.61
Germany,Oceania,High,68207681,83.77,48,68.32,5419,13949,39.73,24.72,13,68.09,11.51,34.82,60,83.5,38.67,Primary,33869079,73040,13592,215.65,40.13,18.61
Pakistan,North America,Medium,1194392,66.83,45,58.39,8157,10407,26.62,10.83,6.66,48.78,46.21,89.01,59,96.34,67.89,Tertiary,593085,1279,238,215.65,40.13,18.61
Brazil,Europe,Low,148390921,43.12,26,68.12,8720,38629,39.63,13.97,4.48,35.68,46.3,52.7,63,57.24,50.38,Tertiary,73684719,158904,29571,215.65,40.13,18.61
South Korea,Europe,Low,29604956,27.31,29,53.46,9138,30762,27.88,26.08,9.4,73.44,26.87,55.89,30,62.18,60.58,Primary,14700581,31702,5899,215.65,40.13,18.61
Nigeria,South America,Low,12570904,60.92,25,23.87,9164,36052,23.41,37.26,4.78,61.64,34.58,56.43,36,65.11,63.56,Secondary,6242184,13461,2505,215.65,40.13,18.61
India,South America,Low,161044812,80.85,31,86.33,3670,24048,10.63,18.22,3.21,40.45,32.65,79.24,47,83.54,73.45,Secondary,79968112,172454,32092,215.65,40.13,18.61
Nigeria,Oceania,Medium,7901525,83.1,34,48.73,270,10525,32.28,10.02,7.78,38.76,49.5,72.67,40,75.95,52.12,Secondary,3923566,8461,1574,215.65,40.12,18.6
Italy,Oceania,Medium,82697913,52.07,48,59.09,3167,34289,38.08,22.17,11.15,26.83,37.53,60.43,44,80.73,88.08,Tertiary,41064321,88557,16480,215.65,40.13,18.61
Canada,Africa,Low,72183348,82.71,22,22.44,4796,35308,6.78,10.79,7.13,66.46,34.28,27.14,62,78.47,45.57,Tertiary,35843229,77297,14384,215.65,40.13,18.61
Saudi Arabia,South America,Low,109950696,23.18,43,88.31,6261,15417,12.97,19.36,4.18,26.82,16.06,73.18,47,84.23,46.19,Secondary,54596913,117740,21910,215.65,40.13,18.61
India,South America,Low,91572759,86.32,37,50.77,2607,29267,12.17,20.09,4.03,48.18,24.91,57.04,54,75.46,57.03,Primary,45471198,98060,18248,215.65,40.13,18.61
Indonesia,South America,Medium,198981054,30.4,49,60.61,3322,4134,29.76,34.49,9.95,55.27,40.18,73.35,61,55.58,22.24,Tertiary,98805662,213078,39652,215.65,40.13,18.61
Germany,Oceania,High,12432673,70.65,26,60.76,7819,4482,24.77,8.07,14.97,20.21,49.79,85.72,56,94.26,70.08,Tertiary,6173544,13313,2477,215.65,40.12,18.61
Russia,Asia,Low,72418475,53.87,26,39.74,7543,26069,10.36,27,10,71.93,14.1,60.59,45,58.33,63.93,Secondary,35959983,77549,14431,215.65,40.13,18.61
Australia,North America,Medium,117040209,58.88,48,39.09,1907,10558,17.28,13.63,4.32,47.55,29.6,68.82,60,74.02,29.13,Secondary,58117268,125332,23323,215.65,40.13,18.61
Brazil,South America,High,139906038,88.81,28,23.58,2959,39961,33.52,38.6,9.54,77.2,15.2,34.91,54,71.03,59.09,Secondary,69471482,149818,27880,215.65,40.13,18.61
Mexico,Asia,Medium,71524129,29.57,32,27.64,7452,18397,39.97,6.43,5.43,76.27,48.72,18.33,54,58.14,59.36,Primary,35515888,76591,14253,215.65,40.13,18.61
Australia,North America,Medium,192125077,48.45,23,79.53,5451,4567,8.44,31.58,2.33,67.93,23.89,68.79,63,78.88,86.8,Secondary,95401271,205737,38286,215.65,40.13,18.61
United States,Asia,High,196046454,41.88,42,20.92,7844,36678,27.03,14.83,1.84,28.9,49.89,69.79,42,59.45,69.95,Primary,97348462,209936,39068,215.65,40.13,18.61
India,Asia,High,134759884,41,41,54.71,7467,16563,42.85,9.6,11.75,64.11,31.39,39.74,53,79.77,32.62,Primary,66916117,144307,26854,215.65,40.13,18.61
Germany,North America,High,40580643,15.26,27,86.48,4295,1250,9.48,9.11,12.48,56.25,42.92,76.02,57,66.3,79.24,Tertiary,20150648,43455,8086,215.65,40.13,18.61
Spain,Africa,High,174360449,55.37,21,55.7,5989,24104,45.59,7.32,11.71,55.68,48.16,81.24,40,95.34,73.63,Primary,86580100,186713,34746,215.65,40.13,18.61
Turkey,Europe,Low,41187671,71.54,27,64.99,4527,21079,18.88,33.48,3.12,61.1,12.28,47.61,47,75.01,42.99,Tertiary,20452073,44105,8207,215.65,40.13,18.61
South Africa,Asia,Medium,98573535,60.94,42,83.19,5605,42062,22.03,32.53,9.68,75.42,30.76,37.07,40,96.26,86.73,Tertiary,48947491,105557,19643,215.65,40.13,18.61
Russia,North America,Medium,146251433,32.6,40,61.94,3021,45342,34.78,10.46,7.32,55.98,32.78,13.25,37,61.07,22.87,Secondary,72622339,156613,29144,215.65,40.13,18.61
Bangladesh,Europe,Medium,113524285,51.06,29,37.36,1212,11015,27.53,37.08,9.45,56.56,38.27,43.91,48,64.81,86.2,Primary,56371407,121567,22623,215.65,40.13,18.61
South Africa,Africa,Low,171204169,65.62,30,45.02,5034,23899,12.18,8.89,3.2,60.89,15.51,46.45,49,59.79,89.72,Primary,85012823,183333,34117,215.65,40.13,18.61
Canada,South America,Medium,78966203,72.86,49,42.01,5139,20286,10.08,35.01,8.71,51.56,40.4,78.85,33,78.55,38.98,Tertiary,39211310,84560,15736,215.65,40.13,18.61
China,Europe,Medium,160136241,30.38,29,73.65,1912,47446,14.68,10.66,9.38,57.3,34.57,56.02,56,89.58,21.88,Primary,79516954,171481,31911,215.65,40.13,18.61
Mexico,North America,Medium,174500681,34.53,49,46.02,5849,28496,7.57,21.37,14.41,21.62,48.18,34.77,39,57.71,47.31,Tertiary,86649733,186863,34774,215.65,40.13,18.61
France,Africa,Low,58532240,34.97,21,60.47,4968,11968,46.11,18.72,4.94,44.01,39.11,71.05,52,69.62,23.85,Secondary,29064660,62679,11664,215.65,40.13,18.61
China,Europe,High,69608971,12.27,37,76.65,656,49718,37.84,24.39,4.13,42.16,45.92,11.93,58,63.35,33.06,Primary,34564901,74540,13871,215.65,40.13,18.61
Nigeria,Africa,Low,71241665,38.85,49,83.33,2655,22960,31.36,19.82,9.23,39.89,16.1,26.55,59,82.37,47.95,Tertiary,35375628,76289,14197,215.65,40.13,18.61
India,North America,Medium,13158107,18.21,36,87.05,9547,10393,24.63,14.63,11.54,68.9,32.6,40.52,32,71.87,37.22,Secondary,6533765,14090,2622,215.65,40.13,18.61
Russia,Oceania,Low,113719141,74.94,35,34.62,1019,37614,26.68,26.38,5.29,44.91,37.42,58.62,47,65.17,34.65,Secondary,56468165,121776,22661,215.65,40.13,18.61
Japan,Oceania,Low,180152479,77.02,42,37.02,1439,48558,30.08,24.15,4.39,39.42,26.08,87.35,56,71.67,24.64,Primary,89456180,192916,35900,215.65,40.13,18.61
Italy,Africa,Medium,195289433,10.72,35,39.48,3556,47017,26.48,5.46,4.48,74.07,40.13,23.28,66,52.9,53.43,Primary,96972557,209125,38917,215.65,40.13,18.61
Japan,Europe,Low,12079145,33.68,25,28.56,8310,38331,32.34,5.69,11.83,42.19,32.56,58.67,47,93.94,53.82,Primary,5997997,12934,2406,215.64,40.11,18.6
Australia,Oceania,High,4377142,48.45,34,53.66,6486,6901,27.89,35.06,8.93,44.61,48.59,19.03,46,88.82,67.85,Tertiary,2173505,4687,872,215.64,40.12,18.6
Saudi Arabia,South America,Low,128057188,44.56,44,85.7,5396,38473,19.93,13.13,1.33,65.13,43.76,50.83,56,58.35,30.89,Tertiary,63587839,137129,25519,215.65,40.13,18.61
Turkey,Asia,High,146655981,37.11,33,36.64,377,20269,8.19,28.81,11.21,35.73,24.05,70.06,45,97.25,87.11,Tertiary,72823221,157046,29225,215.65,40.13,18.61
Germany,Europe,Medium,138572322,41.78,20,65.87,8084,1800,25.9,25.49,7.67,45.51,33.7,59.35,50,97.11,55.75,Primary,68809214,148390,27614,215.65,40.13,18.61
Bangladesh,Asia,High,129218676,88.45,30,81.53,3398,17670,34.98,6.26,7.17,59.37,34,73.07,51,71.48,53.65,Tertiary,64164585,138373,25750,215.65,40.13,18.61
United States,Africa,Medium,191905497,42.12,32,26.33,721,44306,11.49,30.99,14.19,70.81,39.57,29.04,38,56.24,72.89,Tertiary,95292236,205501,38242,215.65,40.13,18.61
Italy,Asia,Low,97949037,34.67,24,73.98,5062,16669,17.44,25.47,0.08,68.41,11.91,58.8,66,77,23.61,Primary,48637391,104888,19519,215.65,40.13,18.61
Russia,Africa,Low,30032825,48.21,34,29.9,3879,2938,41.28,18.1,9.7,58.34,34.01,54.57,47,75,50.88,Primary,14913043,32160,5984,215.65,40.13,18.61
Canada,Africa,Medium,71461845,19.01,37,34.99,9913,7753,30.82,19.61,6.46,46.3,20.3,83.16,38,57.09,42.12,Tertiary,35484960,76524,14240,215.65,40.13,18.61
Spain,Oceania,Low,39720856,15.65,30,80.49,6031,32396,12.79,24.91,3.66,61.7,36.43,68.8,30,66.89,64.71,Primary,19723714,42535,7915,215.65,40.13,18.61
Indonesia,North America,Low,19588555,88.23,42,84.85,6202,43496,34.98,20.37,4.37,71.91,35.97,74.63,41,68.92,88.2,Tertiary,9726856,20976,3903,215.65,40.13,18.61
Egypt,Europe,Medium,51050500,25.25,36,36.31,7907,5932,27.99,26.41,2.74,48.56,37.69,35.46,64,62.8,67.22,Primary,25349541,54667,10173,215.65,40.13,18.61
Turkey,North America,Low,27468448,42.96,46,66.01,4395,27782,42.3,30,2.88,31.52,36.12,27.59,59,95.75,37.68,Secondary,13639681,29414,5473,215.65,40.13,18.61
Australia,Europe,Medium,111130437,56.26,48,21.92,3410,43178,22.38,14.86,1.22,28.01,35.79,84.04,52,97.91,32.58,Primary,55182723,119003,22145,215.65,40.13,18.61
Japan,Asia,Medium,14420541,15.12,47,46.86,3450,17393,17.49,13.28,8.4,39.52,24.99,71.41,61,67.37,50.61,Primary,7160637,15442,2873,215.65,40.12,18.61
China,Africa,Medium,12355809,53.73,35,49.28,8267,32025,36.14,37.9,8.41,32.46,33.17,41.09,65,96.51,82.64,Tertiary,6135377,13231,2462,215.65,40.13,18.61
Canada,Oceania,High,49586207,63.45,43,28.53,1044,20575,38.31,16.18,14.93,56.89,46.17,55.27,33,60.69,48.44,Secondary,24622434,53099,9881,215.65,40.13,18.61
United States,Asia,Low,147318188,60.12,49,73.16,9008,25474,44.48,15.13,4.94,43.18,14.71,65.76,42,62.24,83.76,Tertiary,73152045,157755,29357,215.65,40.13,18.61
United States,Oceania,Medium,36010810,41.04,46,51.55,8599,10387,25.85,29.73,11.74,36.33,11.23,53.58,41,58.07,58.19,Tertiary,17881460,38562,7176,215.65,40.13,18.61
India,Europe,Low,41598146,27.67,39,23.36,4913,29744,22.84,18.48,5.13,33.47,37.97,81.09,44,89.4,34.96,Secondary,20655898,44545,8289,215.65,40.13,18.61
France,Oceania,Medium,131618842,11.91,22,28.38,4829,47631,41.83,17.62,13.27,75.84,21.28,86.93,42,98.77,40.79,Primary,65356407,140943,26228,215.65,40.13,18.61
Pakistan,Africa,Low,174281605,45.62,20,26.47,3242,22982,17.46,33.37,13.25,33.01,45.39,21.34,38,80.41,75.16,Primary,86540949,186629,34730,215.65,40.13,18.61
France,Africa,Low,93293286,14.07,45,75.38,3463,27264,19.53,27.88,8.18,26.03,20.67,56.47,32,61.37,59.82,Secondary,46325540,99903,18591,215.65,40.13,18.61
Australia,Oceania,Medium,147068117,63.73,48,76.3,3989,46438,5.52,18.06,9.53,21.89,36.63,13.92,33,72.86,62.71,Tertiary,73027870,157487,29307,215.65,40.13,18.61
Japan,Oceania,Medium,72084509,58.23,27,71.2,300,6802,36.85,10.42,13.15,38.83,47.46,61.57,52,94.69,85.4,Primary,35794149,77191,14364,215.65,40.13,18.61
Russia,Oceania,High,62348383,75.73,28,28.21,9377,14912,49.07,7.6,12.47,58.4,46.17,55.52,57,74.98,64.38,Primary,30959597,66765,12424,215.65,40.13,18.61
Indonesia,South America,High,188802165,45.55,36,30.03,4868,29838,43.19,25.51,12.26,54.74,28.93,34.55,48,95.95,69.02,Primary,93751252,202178,37624,215.65,40.13,18.61
United States,South America,High,22549584,73.61,29,76.49,9827,11157,5.52,21.82,12.69,70.9,45.36,37.47,30,85.7,67.3,Secondary,11197179,24147,4493,215.65,40.13,18.61
Egypt,Africa,High,42969123,86.48,26,46.45,5996,24757,13.35,12.81,7.1,72.89,35,68.94,46,59.57,81.99,Secondary,21336667,46013,8562,215.65,40.13,18.61
Russia,Oceania,High,178894065,26.51,44,34.92,4797,26904,47.92,21.69,13.1,72.34,45.05,46.07,52,52.67,62.52,Primary,88831304,191568,35649,215.65,40.13,18.61
Russia,Oceania,High,68575414,21.22,47,30.67,5871,18604,23.54,9.29,2.04,59.54,40.94,86.46,59,67.39,50.25,Tertiary,34051680,73433,13665,215.65,40.13,18.61
South Korea,Europe,Low,119846370,31.56,33,75.67,9064,38626,27.35,14.39,4,37.54,16.43,12.12,39,80.08,42.23,Secondary,59510690,128337,23882,215.65,40.13,18.61
Indonesia,Africa,Low,99161222,59.61,32,52.46,378,18591,9.96,37.69,10.81,76.22,41.38,84.4,52,94.99,64.86,Secondary,49239312,106186,19760,215.65,40.13,18.61
Brazil,North America,High,26914465,79.12,47,77.55,7144,45545,36.94,38.85,14.09,32.81,42.53,30.42,45,97.94,60.4,Tertiary,13364596,28821,5363,215.65,40.13,18.61
Vietnam,Africa,Medium,77223103,85.02,38,55.51,1272,16920,24.71,26.68,1.58,33.64,49.92,38.82,56,81.12,32.73,Secondary,38345760,82694,15388,215.65,40.13,18.61
Mexico,Africa,Medium,191912345,74.19,21,24.49,7712,37917,15.98,26.93,12.85,21.81,15.03,52.25,47,50.27,59.46,Primary,95295637,205509,38244,215.65,40.13,18.61
South Africa,Asia,Medium,56537597,66.97,48,37.37,3937,43898,10.65,18.65,2.89,28.6,23.71,48.65,31,92.28,77.6,Secondary,28074204,60543,11266,215.65,40.13,18.61
Vietnam,North America,High,53899366,36.93,36,21.6,8079,17487,16.06,7.13,8.68,63.5,20.33,13.87,47,82.37,52.26,Tertiary,26764168,57718,10741,215.65,40.13,18.61
Spain,South America,Low,15051101,67.53,43,30.46,4208,41748,33.96,21.29,9.6,66.93,38.09,35.61,52,78.58,33.34,Tertiary,7473746,16117,2999,215.65,40.13,18.61
France,South America,Low,11241933,30.61,26,87.51,5251,4033,43.59,12.54,14.37,55.68,28.89,13.53,60,64.72,34.16,Primary,5582273,12038,2240,215.65,40.13,18.61
France,Asia,Low,143712218,41.1,24,71.45,706,49112,25.68,16.75,10.18,62.13,30.05,66.57,55,98.22,43.02,Secondary,71361471,153894,28638,215.65,40.13,18.61
United Kingdom,Oceania,High,82260978,24.72,30,40.32,1814,46821,24.99,8.55,13.08,27.82,34.73,48.21,56,58.94,44.14,Primary,40847358,88089,16392,215.65,40.13,18.61
France,Europe,Medium,60668903,18.37,24,46.92,6243,28517,47.28,29.84,0.82,69.56,43.39,63.09,68,96.78,42.57,Tertiary,30125637,64967,12090,215.65,40.13,18.61
Indonesia,South America,Low,37517194,71.65,24,60.68,9931,21494,35.12,26.13,11.06,66.62,41.83,66.52,65,85.6,84.1,Secondary,18629468,40175,7476,215.65,40.13,18.61
South Korea,Oceania,Medium,2867117,79.59,32,61.62,3122,46820,27.12,6.77,1.33,76.39,30.58,89.01,59,61.82,38.47,Tertiary,1423690,3070,571,215.64,40.11,18.6
Germany,Europe,High,53695220,44.45,29,84.76,4190,8713,49.61,25.86,1.62,58.37,10.48,70.96,42,68.69,27.74,Primary,26662798,57499,10700,215.65,40.13,18.61
India,Asia,Low,76318702,23.09,35,20.29,982,5399,47.01,10.23,3.78,61.04,44.39,69.84,67,91.11,88.98,Primary,37896672,81725,15208,215.65,40.13,18.61
Bangladesh,Oceania,Low,106222709,66.85,21,23.54,871,25824,48.23,35.13,4.33,77.37,39.97,76.27,31,54.35,71.93,Secondary,52745750,113748,21167,215.65,40.13,18.61
Saudi Arabia,South America,High,136516506,59.03,35,86.94,340,47506,40.31,37.63,1.06,29.6,14.98,70.03,60,98.7,40.93,Tertiary,67788382,146188,27204,215.65,40.13,18.61
India,Oceania,Low,160860954,70.34,32,22.12,2291,34058,45.08,21.74,14.56,23.63,36.25,59.71,41,64.18,41.05,Primary,79876816,172257,32056,215.65,40.13,18.61
Vietnam,Africa,High,27320449,59.37,22,81.68,6076,23146,31.9,27.38,14.93,42.94,42.91,18.87,37,81.18,64.38,Tertiary,13566191,29256,5444,215.65,40.13,18.61
Italy,Africa,Medium,27396444,75.59,24,89.13,2084,40471,31.59,37.51,9.03,75.73,40.28,51.41,53,87.78,66.46,Secondary,13603927,29337,5459,215.65,40.13,18.61
India,Asia,Low,67981317,58.88,37,46.21,1010,4919,8.26,23.89,11.41,49.85,18.45,59.33,56,95.33,80.53,Tertiary,33756676,72797,13547,215.65,40.13,18.61
Saudi Arabia,South America,High,159691921,42.25,28,65.25,160,34450,10.66,14.06,3.96,38.05,12.27,14.34,66,73.53,23.87,Tertiary,79296323,171006,31823,215.65,40.13,18.61
Bangladesh,Asia,Medium,6482216,72.27,27,84.24,3456,19474,21.76,29.1,2.9,42.35,30.93,78.36,57,73.43,52.4,Primary,3218797,6941,1291,215.64,40.11,18.6
China,North America,Low,69743863,40.16,28,23.25,822,39969,26.46,18.75,2.01,46.89,39.04,43.46,51,66.6,66.34,Primary,34631882,74685,13898,215.65,40.13,18.61
Indonesia,Europe,High,33167560,10.42,42,48.07,6386,5062,14.61,20.21,4.13,61.62,22.56,21.74,62,92.06,26.2,Secondary,16469621,35517,6609,215.65,40.13,18.61
Egypt,North America,Low,37663366,36.71,24,33.94,4304,39095,42.89,13.19,8.92,61.89,46.36,76.59,64,66.44,64.34,Secondary,18702051,40331,7505,215.65,40.13,18.61
France,Europe,High,102100323,43.52,25,59.52,1591,28549,44.47,36.55,5.43,54.25,10.12,49.73,45,89.48,45.65,Primary,50698746,109334,20346,215.65,40.13,18.61
France,North America,Low,68656058,21.88,40,52.89,5641,2751,48.65,36.35,9.36,58.65,10.02,62.35,31,79.84,68.43,Secondary,34091724,73520,13681,215.65,40.13,18.61
South Korea,Asia,Low,197725027,34.21,28,31.81,6424,6058,20.3,10.88,11.35,68.8,36.48,68.62,69,63.5,81.71,Primary,98181971,211733,39402,215.65,40.13,18.61
United Kingdom,North America,Low,30615570,49.18,20,29.03,637,13623,38.63,32.34,13.45,69.48,34.25,73.51,67,91.86,55.32,Secondary,15202410,32784,6100,215.65,40.13,18.61
South Korea,Oceania,Low,94069705,37.96,26,69.34,1331,6540,38.39,25.91,14.16,63.86,24.74,75.12,37,59.67,65.92,Secondary,46711077,100734,18746,215.65,40.13,18.61
Germany,Europe,Medium,102283085,86.21,36,55.55,8490,7507,26.45,12.6,6.04,46.2,16.75,11.44,68,52.8,27.13,Tertiary,50789498,109529,20382,215.65,40.13,18.61
Germany,North America,Medium,122042017,35.05,21,87.25,2676,44973,38.68,30.54,8.12,38.31,23.77,76.44,32,58.01,48.89,Primary,60600957,130688,24320,215.65,40.13,18.61
United States,Africa,Low,2288974,33.38,28,45.11,7079,25479,27.55,32.54,10.14,26.01,36.81,71.43,64,95.42,61.44,Secondary,1136608,2451,456,215.64,40.12,18.6
United Kingdom,Asia,High,159533421,23.61,32,84.38,8643,9882,10.95,8.98,12.87,62.77,24.88,15.36,65,90.46,61.72,Tertiary,79217618,170836,31791,215.65,40.13,18.61
South Korea,Europe,Low,98217473,52.35,37,33.49,1453,31002,39.09,19.15,2.44,22.77,45.47,71.73,56,52.2,53.73,Primary,48770685,105176,19572,215.65,40.13,18.61
France,North America,High,128654226,22.95,49,67.95,5758,12469,44.2,31.77,5.24,47,36.87,80.53,68,70.59,63.02,Primary,63884303,137769,25638,215.65,40.13,18.61
South Africa,North America,High,98397330,20.51,48,63.04,3052,47529,24.31,19.38,14.17,31.8,41.32,41.83,40,97.69,70.03,Tertiary,48859995,105368,19608,215.65,40.13,18.61
Nigeria,South America,High,147039391,56.04,28,35.18,1832,20440,14.9,33.83,14.79,74.6,18.46,33.96,34,76.06,48.55,Secondary,73013606,157457,29302,215.65,40.13,18.61
Saudi Arabia,Oceania,Medium,132154840,17.51,25,78.89,6908,45167,20.2,7.16,0.17,55.58,16.86,30.8,48,84.11,53.62,Tertiary,65622561,141517,26335,215.65,40.13,18.61
Saudi Arabia,North America,Low,93014146,36.16,47,43.52,4279,39084,7.02,36.96,1.72,23.65,25.29,70.3,51,85.67,72.89,Primary,46186931,99604,18535,215.65,40.13,18.61
India,Africa,Medium,199467608,89.35,35,48.55,3777,44439,22.36,6.71,10.19,64.7,13.58,72.59,66,68.75,60.96,Primary,99047264,213599,39749,215.65,40.13,18.61
Nigeria,Oceania,Low,125291182,81.26,27,42.41,9238,3519,44.04,27.01,11.91,50.4,37.81,31.35,43,74.11,31.87,Primary,62214356,134168,24968,215.65,40.13,18.61
United Kingdom,North America,Low,185523595,53.24,47,61.52,2992,44849,33.46,15.15,11.03,47.96,27.2,33.19,53,58.43,30.36,Secondary,92123251,198667,36971,215.65,40.13,18.61
Brazil,Africa,High,30896538,88.98,38,26.46,3274,1924,38.65,39.4,12.23,54.95,28.9,10.08,54,71.71,27.04,Tertiary,15341927,33085,6156,215.65,40.13,18.61
Germany,Europe,Medium,141516465,48.15,27,59.81,4711,41080,24.3,27.64,2.53,76.12,21.91,25.36,52,66.67,80.34,Secondary,70271152,151542,28201,215.65,40.13,18.61
Vietnam,North America,High,51024842,17.59,35,68.68,8303,23663,46.58,25.85,2.29,49.94,48.52,18.58,53,94.74,56.09,Secondary,25336800,54639,10168,215.65,40.13,18.61
India,Asia,High,196870410,71.62,26,22.93,6915,10051,36.91,24.5,4.2,34.92,45.01,77.17,31,87.47,58.38,Primary,97757604,210818,39232,215.65,40.13,18.61
Russia,Africa,Medium,48170766,42.08,20,68.62,2373,35410,10.12,11.7,14.33,55.89,27.99,15.54,65,53.01,57.95,Secondary,23919586,51583,9599,215.65,40.13,18.61
Bangladesh,Europe,Low,177030151,27.41,29,27.59,7762,44682,47.72,36.4,9.79,22.55,21.67,32.19,58,74.49,37.58,Primary,87905762,189572,35278,215.65,40.13,18.61
India,Africa,Low,95810980,23.51,40,66.67,1721,35990,35.96,23.13,4.02,21.11,41.62,33.64,47,67.75,66.16,Tertiary,47575722,102599,19093,215.65,40.13,18.61
Brazil,Oceania,High,60242743,33.05,35,44.07,6555,2542,6.47,34.44,6.92,57.87,21,26.2,48,58.42,23.56,Tertiary,29914024,64510,12005,215.65,40.13,18.61
Pakistan,Asia,High,64475426,58.34,27,36.53,1937,46629,12.61,27.66,0.42,21.36,46.21,69.98,41,93.06,24.82,Secondary,32015797,69043,12848,215.65,40.13,18.61
China,Asia,High,61525314,84.43,48,25.61,2624,3304,24.22,38.19,13.18,60.09,38.85,57.97,53,84.12,74.73,Primary,30550895,65884,12260,215.65,40.13,18.61
South Africa,Oceania,High,17498107,10.14,27,76.14,586,47716,29.04,11.46,2.24,33.45,41.19,62.34,39,90.38,53.8,Tertiary,8688827,18737,3486,215.64,40.12,18.6
Russia,Asia,Medium,160727032,71.59,32,46.82,2834,18160,35.26,39.86,7.04,33.4,12.01,13.29,66,79.12,77.9,Secondary,79810316,172114,32029,215.65,40.13,18.61
South Africa,Oceania,High,41848490,62.05,37,44.73,3297,30547,18.94,9.97,13.13,52.63,49.8,78.52,52,91.63,75.63,Tertiary,20780208,44813,8339,215.65,40.13,18.61
India,South America,Low,56537353,74.62,23,77.94,7322,23955,49.96,29.85,11.68,39.64,39.06,40.37,37,83.41,24.8,Secondary,28074082,60543,11266,215.65,40.13,18.61
Pakistan,North America,Medium,159731674,32.81,32,59.22,7519,46802,26.61,31.23,0.87,39.03,26.74,76.32,58,93.64,85.83,Tertiary,79316063,171048,31831,215.65,40.13,18.61
Germany,South America,Low,84191216,36.1,29,85.48,9118,18476,6.12,10.3,9.21,58.48,34.36,53.07,58,87.61,71.07,Secondary,41805833,90156,16777,215.65,40.13,18.61
Mexico,South America,Medium,161438163,53.77,30,75.69,2114,8794,28.74,8.53,5.63,34.3,19.29,64.42,49,75.04,77.59,Tertiary,80163434,172876,32171,215.65,40.13,18.61
Saudi Arabia,South America,Medium,17723472,50.46,36,23,8753,13337,27.27,39.03,6.45,44.79,17.07,15.73,45,86,20.43,Tertiary,8800734,18979,3531,215.65,40.12,18.6
Brazil,North America,Low,19050329,76.02,22,52.09,4750,20169,41.91,17.44,2.52,54.82,40.87,22.69,54,62.49,42.21,Primary,9459595,20400,3796,215.65,40.13,18.61
Mexico,South America,High,35914984,53.88,26,31.16,175,46478,19.33,36.41,9.07,48.12,48.61,80.37,46,90.94,48.54,Tertiary,17833877,38459,7157,215.65,40.13,18.61
Turkey,Africa,High,20741786,62.47,49,23.28,2304,13385,6.8,8.82,11.82,68.38,46.02,77.26,60,91.34,79.69,Secondary,10299502,22211,4133,215.65,40.13,18.61
Nigeria,Europe,High,76689307,15.92,20,21.71,8133,27433,34.17,16.89,7.18,59.13,48.05,86.87,64,70.9,38.23,Secondary,38080699,82122,15282,215.65,40.13,18.61
Turkey,South America,Low,10226713,22.31,49,23.96,4133,48139,45.45,37.65,0.05,25.93,39.29,12.82,51,79.79,65.11,Secondary,5078157,10951,2037,215.65,40.11,18.6
Saudi Arabia,Europe,Low,65218520,86.94,29,77.21,693,4818,9.82,33.4,6.34,79.32,25.23,83.39,45,52.59,78.88,Tertiary,32384787,69839,12996,215.65,40.13,18.61
France,North America,Medium,112081773,52.66,35,35.3,2406,20660,28.06,36.98,13.33,46.59,23.59,83.81,53,53.88,24.12,Tertiary,55655116,120022,22335,215.65,40.13,18.61
Russia,Europe,High,74978061,48.32,44,44.55,2963,11308,19.63,24.94,2.57,59.08,10.91,62.92,50,51.27,79.4,Primary,37230966,80290,14941,215.65,40.13,18.61
Saudi Arabia,South America,High,146436477,10.14,42,25.71,4105,9070,13.54,36.57,1.39,72.93,38.4,60.59,54,80.09,76.79,Secondary,72714224,156811,29181,215.65,40.13,18.61
Brazil,Asia,Medium,133767533,57.73,31,81.86,5848,19433,38.66,30.4,14.78,35.14,32.96,44.68,55,98.79,22.27,Primary,66423357,143244,26657,215.65,40.13,18.61
Canada,Africa,High,181790222,89.13,43,76.98,6510,13626,8.2,13.08,6.79,70.17,13.35,20.7,32,69.06,49.47,Primary,90269414,194669,36227,215.65,40.13,18.61
Mexico,Asia,Low,188307633,57.14,36,39.45,2634,31582,28.13,12.34,11.06,56.13,26.85,25.04,38,64.24,33.19,Tertiary,93505688,201649,37525,215.65,40.13,18.61
China,Africa,High,137580102,59.87,32,23.38,4357,8446,10.1,14.84,9.84,73.63,47.01,26.24,35,95.14,82.55,Secondary,68316519,147327,27416,215.65,40.13,18.61
South Korea,Oceania,Low,113173444,33.12,22,25.9,8494,12680,42.87,12.88,6.62,44.02,20.78,19,63,55.5,83.97,Tertiary,56197194,121191,22553,215.65,40.13,18.61
South Korea,Oceania,High,49742053,46.61,35,22.52,9650,24481,41.19,14.28,2.42,29.93,17.24,36.64,33,85.49,85.05,Primary,24699821,53266,9912,215.65,40.13,18.61
Brazil,Oceania,Low,125748806,58.57,32,46.17,732,2364,34.67,18.18,3.43,40.08,43.07,76.44,48,83.47,44.72,Primary,62441593,134658,25059,215.65,40.13,18.61
Brazil,North America,Low,22057713,20.52,21,21.57,4792,45945,41.4,32.03,0.72,67.04,17.94,44.06,60,50.95,72.6,Primary,10952936,23620,4395,215.65,40.13,18.61
Australia,North America,High,73091375,55.41,37,68.7,2215,44523,10.84,33.05,3.17,28.31,20.67,70.22,61,80.81,62.29,Secondary,36294117,78269,14565,215.65,40.13,18.61
Russia,Africa,High,151842505,72.53,46,37.28,2697,6460,25.81,21.28,14.58,67.72,13,56.91,64,65.71,82.15,Tertiary,75398632,162600,30259,215.65,40.13,18.61
Nigeria,North America,Low,16576793,72.87,49,20.91,6607,44867,7.13,13.11,13.45,30.68,28.88,22.9,38,74.19,67.36,Tertiary,8231341,17751,3303,215.65,40.13,18.61
Australia,Oceania,Medium,76206096,12.57,41,81.74,4009,33355,41.32,29.64,3.9,67.58,24.07,48.6,55,60.98,54.61,Tertiary,37840757,81605,15186,215.65,40.13,18.61
South Africa,Asia,Medium,22602530,42.63,45,84.16,303,26511,35.56,30.01,13.68,46.56,31.73,86.4,31,87.29,55.97,Primary,11223470,24203,4504,215.65,40.13,18.61
France,Africa,Medium,78499584,51.03,49,23.12,7383,38308,47.47,30.32,6.48,47.03,48.18,13.17,45,94.34,84.26,Secondary,38979607,84061,15643,215.65,40.13,18.61
Germany,Oceania,Medium,21619663,76.6,28,50,3990,21414,7.64,14.46,4.04,72.72,22.14,73.65,60,89.11,54.54,Primary,10735419,23151,4308,215.65,40.13,18.61
Germany,Asia,High,35177124,79.65,26,44.76,2612,2412,37.46,5.61,10.8,45.11,13.41,61.58,67,53.47,23.05,Secondary,17467487,37669,7010,215.65,40.13,18.61
France,North America,High,94286298,32.59,24,41.36,241,21648,25.51,24.19,0.23,21.72,33.84,26.07,49,83.07,51.39,Secondary,46818628,100966,18789,215.65,40.13,18.61
Bangladesh,North America,High,70341302,40.81,25,56.23,7320,39188,47.96,12.67,6.66,60.49,10.97,36.8,51,84.76,30.71,Primary,34928546,75324,14017,215.65,40.13,18.61
Saudi Arabia,North America,Low,163596933,15.05,49,52.58,1574,7669,17.94,34.45,5.38,22.18,21.4,47.1,50,88.5,54.22,Secondary,81235388,175187,32601,215.65,40.13,18.61
Indonesia,Oceania,Medium,153721200,77.56,39,72.94,9832,36381,6.28,19.05,5.33,45.25,42.83,24.1,57,91.78,68,Secondary,76331513,164612,30633,215.65,40.13,18.61
Australia,Asia,High,105352973,25.81,25,83.55,3729,21030,36.15,17.71,12.39,52.5,17.88,20.18,40,68.67,65.02,Tertiary,52313876,112817,20994,215.65,40.13,18.61
Canada,Oceania,High,121310003,30.95,21,45.54,4239,19055,24.77,13.95,0.58,45.55,26.67,60.78,44,56.02,34.02,Secondary,60237469,129904,24174,215.65,40.13,18.61
Mexico,Oceania,Low,73412278,66.11,48,31.18,4322,36089,36.95,16.56,12.96,78.56,36.12,36.78,65,58.14,68.08,Secondary,36453464,78613,14629,215.65,40.13,18.61
France,South America,High,188649964,58.9,44,52.51,6767,42268,29.8,8.34,6.28,51.9,14.11,16.74,32,85.08,57.46,Tertiary,93675675,202015,37594,215.65,40.13,18.61
Spain,South America,Medium,66304702,68.24,40,22.17,8145,19302,12.65,19.95,1.4,71.29,13.48,66.65,47,59.19,67.21,Secondary,32924139,71002,13213,215.65,40.13,18.61
Vietnam,Europe,Low,109284818,88.94,49,82.39,3295,13837,21.75,12.52,7.01,45.17,45.1,60.53,49,57.21,57.48,Secondary,54266266,117027,21778,215.65,40.13,18.61
India,Oceania,High,10745220,78.35,29,77.49,6948,26462,38.61,21.48,7.75,23.75,42.89,15.43,65,74.01,34.34,Tertiary,5335626,11506,2141,215.64,40.13,18.61
Saudi Arabia,Africa,High,81977476,44.68,34,45.99,3816,42675,16.69,37.95,4.83,36.97,43.58,12.19,49,88.73,53.34,Primary,40706583,87785,16336,215.65,40.13,18.61
France,Oceania,High,49094726,73.42,28,70.7,8348,37040,23.12,25.32,9.95,67.5,16.37,65.36,34,56.97,52.91,Primary,24378385,52573,9783,215.65,40.13,18.61
Australia,Oceania,Medium,77896202,83.01,21,52.09,7555,3472,8.54,31.21,0.32,44.44,39.72,51.11,61,88.27,72.51,Tertiary,38679993,83415,15523,215.65,40.13,18.61
Canada,North America,High,4899869,82.94,27,41.33,1879,2900,26.81,19.39,13.5,21.77,25.93,64.65,44,54.78,38.75,Primary,2433069,5247,976,215.65,40.11,18.6
Canada,Oceania,Low,49804056,56.07,34,34.34,9172,42836,34.74,11.84,9.51,47.15,41.86,65.76,48,80.58,39.36,Primary,24730609,53332,9924,215.65,40.13,18.61
Brazil,Europe,High,97003220,58.06,35,27.87,8377,39475,26.2,21.03,6.54,31.65,27.27,68.67,32,63.78,43.36,Tertiary,48167738,103875,19330,215.65,40.13,18.61
Argentina,Africa,Medium,9101172,27.14,28,44.82,8406,10500,26.85,37.59,12.13,74.17,15.94,34.81,39,58.2,31.67,Primary,4519261,9745,1813,215.63,40.12,18.6
Brazil,North America,Low,148829261,68.49,21,40.99,5228,23549,14.74,26.37,5.56,23.87,24.56,52.05,35,84.05,76.71,Primary,73902381,159373,29658,215.65,40.13,18.61
Russia,Africa,Low,9845235,58.53,47,37.98,7184,27184,20.25,7.99,9.09,64.72,17.3,20.62,35,90.86,88.05,Secondary,4888731,10542,1961,215.64,40.11,18.6
Turkey,Oceania,Medium,44417829,67.5,39,52.5,2301,5452,45.36,15.71,9.93,65.58,19.68,24.5,69,77.96,69.94,Secondary,22056034,47564,8851,215.65,40.13,18.61
Russia,North America,Medium,157153307,83.54,40,83.07,7032,30716,26.69,20.2,8.6,56.35,31.27,82.58,30,58.48,64.37,Primary,78035754,168287,31317,215.65,40.13,18.61
France,Europe,Low,76154209,81.19,38,66.53,1053,26762,32.13,23,14.34,33.84,48.92,37.4,54,68.64,41.95,Tertiary,37814992,81549,15175,215.65,40.13,18.61
South Africa,Oceania,Medium,116323854,54.27,30,33.59,2027,34324,30.79,21.3,6.9,70.2,49.16,45.69,67,94.7,72.94,Secondary,57761556,124565,23180,215.65,40.13,18.61
Italy,South America,High,30323688,56.36,34,63.96,9260,32044,36.57,34.11,6.44,50.77,29.33,56.82,45,85.56,31.24,Secondary,15057474,32472,6042,215.65,40.13,18.61
Japan,Africa,Low,113000007,86.4,36,58.47,275,29612,20.35,17.64,12.98,69.65,49.71,76.08,31,55.26,52.49,Secondary,56111073,121006,22518,215.65,40.13,18.61
Pakistan,Europe,Low,94214096,52.62,21,49.35,6583,45844,8.27,22.29,14.27,44.85,30.62,67.29,32,53.44,80.77,Secondary,46782776,100889,18774,215.65,40.13,18.61
South Korea,Asia,High,18468774,41.9,47,31.28,7607,41481,5.13,31.23,12.1,51.12,49.07,46.2,40,77.4,80.85,Tertiary,9170820,19777,3680,215.65,40.13,18.61
Indonesia,Asia,High,118846018,44.95,39,67.01,396,47063,29.86,34.56,11.25,69.88,35.7,51.39,51,76.22,79.47,Secondary,59013957,127266,23683,215.65,40.13,18.61
France,Europe,Low,98810859,81.56,37,32.37,2861,32228,24.25,10.37,4.32,24.66,23.23,81.15,42,65.16,56.2,Secondary,49065336,105811,19690,215.65,40.13,18.61
Japan,Africa,Medium,183647852,54.29,30,45.42,3700,32403,21.26,36.15,6.07,78.08,37.69,70.74,41,85.96,71.91,Tertiary,91191836,196659,36597,215.65,40.13,18.61
Pakistan,North America,High,192951067,58.29,27,47.81,740,25973,17.66,17.04,5.64,40.92,25.88,69.61,46,93.31,44.07,Primary,95811423,206621,38451,215.65,40.13,18.61
Australia,Africa,High,89736345,56.3,33,56.46,409,35334,31.95,32.23,8.17,38.83,25.22,78.02,57,56.13,32.36,Secondary,44559312,96094,17882,215.65,40.13,18.61
Bangladesh,Africa,Medium,31782381,58.42,25,69.34,9262,21831,8.45,24.19,7.65,41.12,45.36,83.61,61,81.06,58.12,Tertiary,15781800,34034,6333,215.65,40.13,18.61
India,North America,Low,18398598,38.01,31,57.35,3929,17396,24.86,14.52,14.37,65.45,49.71,64.11,40,97.33,33.33,Secondary,9135973,19702,3666,215.65,40.13,18.61
Indonesia,Europe,Medium,170544391,69.37,28,83.09,2473,13067,29.43,6.31,10.22,41.93,22.26,25.44,69,84.69,60.34,Secondary,84685205,182627,33986,215.65,40.13,18.61
Russia,Africa,Medium,162833378,21.37,37,84.41,5638,36981,28.95,19.04,14.1,30.52,37.77,56.84,67,95.16,20.51,Primary,80856239,174370,32449,215.65,40.13,18.61
Egypt,Europe,Medium,135041068,15.55,35,62.78,2242,19424,5.74,29.56,0.35,79.28,18.01,18.7,31,56.23,76.13,Secondary,67055741,144608,26910,215.65,40.13,18.61
Indonesia,South America,High,158836533,84.82,49,58.56,2247,48359,43.9,16.43,10.04,53.77,20.91,30.12,45,87.33,35.61,Tertiary,78871573,170090,31652,215.65,40.13,18.61
Brazil,Europe,Medium,12635948,63.2,37,49.11,8183,22880,6.43,16.01,14.23,46.47,14.2,41.27,54,67.66,26.52,Primary,6274482,13531,2518,215.65,40.13,18.61
Pakistan,Oceania,Medium,29945800,49.09,25,70.44,9882,13797,16.36,26.11,8.61,33.14,11.36,74.92,32,84.68,60.57,Primary,14869830,32067,5967,215.65,40.13,18.61
Bangladesh,Asia,Medium,115456415,20.04,35,25.4,4352,32190,36.56,22.29,6.03,28.05,27.42,68.78,62,60.95,60.64,Secondary,57330822,123636,23008,215.65,40.13,18.61
Vietnam,Asia,High,17904949,70.57,31,39.17,5354,17772,41.67,15.82,11.83,39.04,33.11,52.69,46,54.27,68.33,Tertiary,8890848,19173,3568,215.65,40.13,18.61
India,North America,Low,117552005,69.67,37,82.68,3202,33055,5.34,16.41,9.72,34.68,31.72,28.44,43,81.23,44.73,Primary,58371405,125880,23425,215.65,40.13,18.61
Pakistan,Asia,Low,177650857,36.16,20,35.44,465,18459,15.12,27.24,13.43,42.39,26.83,42.37,37,94.06,52.23,Primary,88213979,190237,35402,215.65,40.13,18.61
Bangladesh,South America,High,72722424,83.91,43,52.01,6409,24542,47.03,26.49,4.12,24.27,11,34.7,52,82.38,25.52,Tertiary,36110911,77874,14491,215.65,40.13,18.61
South Korea,South America,Medium,20008572,59.84,26,57.12,1606,23296,28.5,33.79,5.57,36.47,29.45,60.63,57,64.92,71.96,Tertiary,9935419,21426,3987,215.65,40.13,18.61
France,South America,High,50488126,20.37,47,80.42,6618,30272,31.19,33.11,7.38,37.46,32.59,79.13,36,94.89,72.12,Secondary,25070289,54065,10061,215.65,40.13,18.61
Saudi Arabia,South America,Medium,132749639,51.4,42,24.75,1373,22170,46.17,8.39,12.38,31.5,38.26,66.44,53,83.48,53.79,Primary,65917913,142154,26454,215.65,40.13,18.61
Egypt,Oceania,High,171842430,53.4,42,55.35,8439,6856,25,20.93,10.6,61.8,41.65,28.25,58,69.47,23.63,Tertiary,85329757,184017,34244,215.65,40.13,18.61
Saudi Arabia,Oceania,Medium,16551358,50.19,21,78.74,611,12746,49.9,5.87,2.66,68.59,17.56,35.3,44,64.11,74.62,Secondary,8218711,17724,3298,215.65,40.13,18.61
Japan,Oceania,High,160762811,23.03,27,61.62,157,33945,27.73,16.72,9.01,48.79,22.91,48.99,48,92.92,77.35,Secondary,79828082,172152,32036,215.65,40.13,18.61
Egypt,North America,Low,117726570,26.13,28,49.9,4687,19921,29.62,31.69,5,32.57,19.91,70.33,54,85.77,79.06,Secondary,58458086,126067,23460,215.65,40.13,18.61
Japan,South America,Medium,22194172,19.02,44,49.2,6555,1919,15.8,24.75,4.3,47.27,45.17,64.15,50,89.21,76.71,Primary,11020696,23766,4422,215.65,40.12,18.61
South Africa,Oceania,Low,96246499,63.72,39,53.67,914,3844,49.31,12.7,0.85,78.86,36.73,85.46,32,50.09,30.96,Tertiary,47791982,103065,19179,215.65,40.13,18.61
Nigeria,Oceania,High,147599791,46.45,44,73.03,170,41131,18.02,5.45,12.32,25.44,31.92,35.56,36,91.9,66.68,Tertiary,73291877,158057,29413,215.65,40.13,18.61
Vietnam,North America,Medium,18848705,31.99,28,27.15,2057,36984,16.45,31.47,10.23,43.36,41.55,55.83,51,56.61,27.99,Tertiary,9359477,20184,3756,215.65,40.13,18.61
Egypt,Europe,Medium,23822080,71.23,25,41.7,3699,43068,23.24,27.34,8.56,76.05,22.86,69.69,37,57.14,24.62,Tertiary,11829047,25509,4747,215.65,40.13,18.61
Japan,North America,Low,80221862,23.35,38,29.93,7964,47264,40.95,24.59,12.46,38.22,47.39,77.8,44,84.07,27.6,Primary,39834818,85905,15986,215.65,40.13,18.61
United States,Africa,High,147325189,88.2,38,82.1,8052,1135,34.33,32.47,2.32,51.34,25.03,53.83,53,69.18,62.22,Tertiary,73155522,157763,29358,215.65,40.13,18.61
Nigeria,Africa,Medium,176840378,56.28,48,26.11,4345,16657,42.07,20.25,14.22,25.91,11.08,22.84,57,60.88,83.05,Secondary,87811529,189369,35240,215.65,40.13,18.61
Vietnam,Africa,Low,20177411,26.32,48,42.84,1855,42891,49.28,17.19,1.82,70.8,13.93,42.46,35,71.06,32.06,Secondary,10019257,21606,4020,215.64,40.12,18.61
Australia,Asia,High,116748495,32.28,39,32.02,5270,27259,48.82,20.89,4.61,77.26,14.24,33.85,46,75.78,36.15,Primary,57972415,125020,23265,215.65,40.13,18.61
Germany,Africa,Medium,113566115,86.6,24,47.3,2190,30723,49.51,28.58,2.88,29.57,24.39,38.39,63,91.65,61.92,Primary,56392178,121612,22631,215.65,40.13,18.61
China,Oceania,Medium,119071659,87.74,30,40.33,1345,19161,18.87,22.9,6.53,37.43,39.56,72.4,30,66.56,43.53,Secondary,59126001,127507,23728,215.65,40.13,18.61
United Kingdom,Africa,High,145818353,83.69,37,36.89,1518,48854,27.43,5.61,6.06,40.56,25.93,24.96,44,53.97,66.53,Tertiary,72407290,156149,29058,215.65,40.13,18.61
Spain,Asia,Medium,123101264,88.61,48,73.72,7949,6730,48.44,28.91,14.65,78.57,14.29,45.5,36,80.45,65.2,Secondary,61126934,131822,24531,215.65,40.13,18.61
China,Asia,High,185354766,37.73,21,63.66,6015,44720,33.14,14.54,13.02,63.22,48.66,11.22,38,69.46,44.85,Tertiary,92039418,198487,36937,215.65,40.13,18.61
Italy,Asia,Low,120124013,71.87,24,22.04,4974,39516,38.86,27.33,11.54,23.98,45.74,67.88,56,83.61,51.83,Secondary,59648556,128634,23938,215.65,40.13,18.61
Australia,Asia,High,44341134,69.81,49,49.31,3162,10028,48.28,21.09,6.07,46.64,35.25,16.58,54,92.97,78.41,Primary,22017951,47482,8836,215.65,40.13,18.61
Canada,North America,Medium,23037295,54.1,39,26.55,4880,14526,47.75,29.87,11.45,20.7,34.8,72.33,44,76.81,31.23,Secondary,11439356,24669,4590,215.65,40.12,18.61
South Korea,Europe,High,113091233,27.22,49,62.64,3244,46474,5.35,16.68,11.1,61.61,42.94,59.31,59,57.11,59.02,Tertiary,56156372,121103,22536,215.65,40.13,18.61
Pakistan,Africa,Low,50446918,23.62,36,29.82,3925,39971,41.01,34.88,13.24,64.55,39.81,70.84,42,66.81,35.53,Primary,25049827,54021,10053,215.65,40.13,18.61
Turkey,South America,Low,35236105,69.83,37,29.91,4239,20816,27.83,26.8,6.83,53.8,31.45,33.53,33,87.69,63.61,Tertiary,17496774,37732,7021,215.65,40.13,18.61
Vietnam,South America,High,141998788,36.63,37,65.96,6787,27103,18.63,19.23,13.34,24.66,45.87,87.1,41,93.96,57.87,Primary,70510654,152059,28297,215.65,40.13,18.61
United Kingdom,Oceania,Medium,133634216,38.98,30,63.73,9811,2259,42.26,26.9,8.31,43.6,33.85,11.75,67,55.19,85.98,Tertiary,66357157,143102,26630,215.65,40.13,18.61
Nigeria,Oceania,High,152566944,77.72,23,57.65,4896,47035,19.7,38.67,9.16,39.74,35.09,11.24,43,77.73,42.4,Tertiary,75758358,163376,30403,215.65,40.13,18.61
Germany,Africa,High,96875689,10.97,31,32.72,3795,5507,21.56,34.53,6.3,74.77,29.71,89.92,34,50.38,89.54,Primary,48104412,103739,19305,215.65,40.13,18.61
Egypt,Oceania,Low,199699203,48.61,36,56.4,5022,4632,6.31,16.83,14.99,75.59,33.32,52.26,60,59.87,38.21,Primary,99162265,213847,39795,215.65,40.13,18.61
Turkey,Africa,Medium,50635373,78.02,42,22.23,4937,31929,26.74,17.31,0.43,28.06,48.9,13.53,49,82.73,57.86,Tertiary,25143406,54222,10090,215.65,40.13,18.61
India,Oceania,Low,96185924,15.45,28,74.31,2420,48392,29.29,23.06,7.62,38.58,24.49,64.68,62,78.34,85.77,Tertiary,47761903,103000,19167,215.65,40.13,18.61
Italy,Europe,Low,93235519,76.81,34,89.93,7453,40422,12.57,16.79,5.84,40.51,42.15,82.7,64,75.57,82.74,Secondary,46296856,99841,18579,215.65,40.13,18.61
Australia,Oceania,Low,141329485,20.91,26,51.38,1611,18080,14.43,18.15,0.82,34.96,30.95,30.77,61,65.21,27.44,Secondary,70178306,151342,28164,215.65,40.13,18.61
Pakistan,Asia,Medium,147414927,20.24,22,47.57,2843,41071,9.3,23.4,11.34,27.88,27.31,53.72,48,54.01,51.87,Tertiary,73200082,157859,29376,215.65,40.13,18.61
Spain,Oceania,Medium,118370921,37.94,37,81.12,7273,25231,26.46,8.03,4.76,27.19,36.05,35.7,57,88.4,45.43,Secondary,58778044,126757,23588,215.65,40.13,18.61
Egypt,Europe,Medium,99532000,55.47,35,21.83,2196,34078,18.4,34.44,7.97,74.48,13.35,21.41,62,75.26,25.85,Primary,49423424,106583,19834,215.65,40.13,18.61
Italy,Africa,Medium,175063581,12.23,45,69.84,5577,48534,22.51,5.72,7.75,55.99,31.18,80.16,51,51.84,70.94,Secondary,86929246,187466,34886,215.65,40.13,18.61
United Kingdom,Africa,Medium,14046419,23.05,42,64.82,2828,6580,42.19,7.64,4.2,21.35,45.39,45.19,48,70.3,35.49,Secondary,6974863,15041,2799,215.65,40.13,18.61
Italy,Asia,High,125886073,64.3,33,50.86,2373,30633,25.77,27.96,9.31,42.69,48.37,86.3,57,61.82,80.37,Tertiary,62509754,134805,25086,215.65,40.13,18.61
Nigeria,Oceania,Medium,181729388,56.44,27,57.11,2484,7458,17.16,14.23,6.56,23.51,37.05,51.45,30,57.24,69.66,Secondary,90239207,194604,36214,215.65,40.13,18.61
Japan,Asia,Medium,8283101,58.03,32,36.74,819,13207,23.32,31.89,13.79,49.76,29.59,79.98,63,51.99,36.44,Primary,4113041,8869,1650,215.63,40.12,18.6
Italy,Oceania,High,149663495,87.92,43,74.92,6220,6266,25.8,20.76,3.27,66.24,21.69,60.76,32,88.48,28.01,Primary,74316626,160267,29824,215.65,40.13,18.61
Nigeria,North America,Medium,16849018,65,37,74.47,449,9494,27.81,14.86,11.55,42.34,16.85,41.67,37,76.9,41.64,Primary,8366517,18042,3357,215.65,40.12,18.61
Pakistan,Asia,Medium,18625662,39.32,43,54.27,340,41633,31.55,18.47,14.03,74.15,47.95,22.32,38,56.75,52.95,Tertiary,9248724,19945,3711,215.65,40.12,18.61
Pakistan,Oceania,Low,80482908,89.56,32,72.21,9379,16100,8.87,17.79,4.71,60.03,43.65,42.75,54,53.71,75.96,Tertiary,39964443,86185,16038,215.65,40.13,18.61
France,South America,Low,186774832,41.73,47,56.63,5137,23069,8.49,8.68,6.18,65.47,24.23,50,34,91.66,80.57,Primary,92744563,200007,37220,215.65,40.13,18.61
Italy,Oceania,Low,162860662,70.87,33,47.31,4504,41943,49.57,8.83,2.25,75.23,33.93,78.56,58,55.03,20.84,Primary,80869787,174399,32454,215.65,40.13,18.61
United Kingdom,South America,High,20271490,81.89,38,55.77,3002,2099,5.2,33.79,2.86,33.56,16.91,47.24,62,57.41,58.85,Primary,10065973,21707,4039,215.65,40.13,18.61
India,Africa,Low,189525656,80.06,29,30.54,4623,37424,23.36,29.07,0.42,72.12,42.92,88.53,59,59.05,50.25,Secondary,94110507,202953,37768,215.65,40.13,18.61
Mexico,Oceania,High,140471419,70.3,23,70.58,2162,15458,10.82,25.31,10.52,68.22,39.95,48.08,55,87.67,72.81,Primary,69752226,150423,27993,215.65,40.13,18.61
Bangladesh,South America,Medium,153183950,27.91,26,68,152,45912,46.76,16.99,7.19,52.09,21.02,82.94,68,72.8,38.4,Primary,76064737,164036,30526,215.65,40.13,18.61
South Korea,Asia,Medium,158380235,51.35,31,70.87,7135,7735,38.65,7.6,13.73,46.41,12.06,18.83,68,96.92,29.63,Primary,78644995,169601,31561,215.65,40.13,18.61
Turkey,North America,High,152890832,34.23,29,81.47,5129,36834,42.29,18.32,9.51,56.55,27.83,89.01,40,82.94,61.71,Primary,75919187,163723,30468,215.65,40.13,18.61
South Korea,South America,High,33976147,60.9,41,41.55,1947,30458,11.67,19.47,2.21,20.06,14.97,51.53,65,65.13,61.3,Tertiary,16871132,36383,6770,215.65,40.13,18.61
Italy,Oceania,Low,111906277,57.15,33,34.99,8162,26542,48.16,28.6,4.49,57.81,43.13,37.29,64,70.22,70.23,Tertiary,55567972,119834,22300,215.65,40.13,18.61
Mexico,South America,Medium,57322463,86.52,47,53.65,3748,10703,11.38,33.14,4.68,64.24,22.71,40.24,62,93.48,66.43,Primary,28463935,61383,11423,215.65,40.13,18.61
Argentina,South America,Medium,35304785,87.09,26,85.32,6396,1087,27.27,14.01,11.58,43.74,32.97,43.02,53,72.27,81.52,Primary,17530878,37806,7035,215.65,40.13,18.61
France,Oceania,High,59278215,75.75,40,31.89,288,34660,16.57,15.3,8.39,76.23,43.77,13.82,63,93.91,29.26,Secondary,29435080,63478,11812,215.65,40.13,18.61
South Korea,Asia,Medium,177662861,74.02,33,62.48,6251,8234,33.96,31.44,12.54,42.79,19.3,65.35,53,88.81,84.96,Tertiary,88219940,190250,35404,215.65,40.13,18.61
Spain,North America,High,186281215,88.15,23,89.74,6860,20599,43.58,18.02,2.02,73.51,39.28,43.55,57,80.68,82.41,Secondary,92499453,199479,37122,215.65,40.13,18.61
India,Asia,High,89413993,22.48,26,47.76,3732,39305,46.2,7.3,11.18,26.21,43.9,29.03,64,83.38,29.72,Tertiary,44399246,95748,17818,215.65,40.13,18.61
Indonesia,North America,Medium,70894930,85.29,20,45.75,1292,11478,33.52,31.9,7.71,53.48,45.41,83.3,62,60.9,25.51,Secondary,35203454,75917,14127,215.65,40.13,18.61
South Korea,Europe,Low,139136578,36.44,22,82.21,6891,20743,39.78,19.9,10.76,38.87,48.06,54.25,48,70.42,58.9,Primary,69089400,148994,27727,215.65,40.13,18.61
Saudi Arabia,South America,High,181344707,39.18,48,23.84,1577,41161,41.62,32.87,5.25,57.86,14.08,68.72,52,62.01,20.67,Primary,90048190,194192,36138,215.65,40.13,18.61
Spain,Asia,High,32638165,33.56,25,26.17,8030,44419,8.25,24.88,13.14,69.2,46.64,78.99,42,87.35,64.58,Tertiary,16206746,34950,6504,215.65,40.13,18.61
China,South America,Low,61090632,37.4,45,51.69,8448,30948,12.24,24,5.08,44.77,16.1,51.8,63,84.15,48.91,Primary,30335050,65418,12173,215.65,40.13,18.61
Pakistan,Asia,Medium,24505635,54.57,43,46.63,8746,29908,35.29,39.87,2.59,55.93,45.14,15.99,62,51.43,74.35,Secondary,12168472,26241,4883,215.65,40.13,18.61
Italy,North America,High,105397829,40.24,34,58.42,6527,23655,37.61,14.11,13.84,71.6,18.16,63.36,38,54.36,28.4,Primary,52336150,112865,21003,215.65,40.13,18.61
Spain,Asia,Low,85053555,70.35,28,41.13,7170,17030,27.8,36.38,1.09,49.57,28.09,61.76,42,70.67,79.76,Primary,42234035,91079,16949,215.65,40.13,18.61
Germany,Europe,Low,126791936,27.4,41,23.63,421,27364,30.79,7.19,5.84,49.51,41.07,10.75,46,89.39,69.45,Tertiary,62959568,135775,25267,215.65,40.13,18.61
South Korea,Oceania,Medium,198269520,14.64,40,70,9376,34913,36.6,5.83,11.93,21.04,49.62,82.57,49,91.7,80.74,Secondary,98452344,212316,39511,215.65,40.13,18.61
Brazil,South America,Medium,55365113,30.25,23,64.73,4770,28894,9.89,31.87,8.87,47.52,34.22,31.86,58,91.97,72.54,Secondary,27491997,59287,11033,215.65,40.13,18.61
India,Oceania,Medium,33024617,85.52,27,38.13,7598,39547,10.04,31.87,6,33.12,27.21,25.7,56,86.27,22.91,Secondary,16398642,35364,6581,215.65,40.13,18.61
France,Oceania,High,1035617,36.93,30,48.72,5669,10931,39.34,36.8,5.3,53.88,26.32,34.47,60,63.63,21.08,Secondary,514244,1108,206,215.46,40.06,18.59
Bangladesh,South America,High,104211408,55.55,32,45.19,3070,19651,22.93,28.95,0.69,37.57,16.35,17.46,54,64.46,40.54,Tertiary,51747023,111594,20767,215.65,40.13,18.61
United Kingdom,Oceania,Low,39955702,42.41,31,78.99,6686,24307,34.99,13.76,10.55,38.36,27.88,76.28,49,85.75,66.15,Primary,19840329,42786,7962,215.65,40.13,18.61
United States,North America,Low,175289679,44.67,25,69.48,1544,36376,10.8,16.65,11.78,52.99,36.01,39.46,32,75.71,71.8,Primary,87041517,187708,34931,215.65,40.13,18.61
South Africa,Asia,Medium,36669130,75.17,20,75.36,7728,33580,31.6,26.67,3.49,47.29,12.83,46.2,68,52.74,81.52,Secondary,18208355,39267,7307,215.65,40.13,18.61
South Africa,South America,Medium,130425612,56.78,32,62.63,275,6658,19.48,12.82,3.3,48.31,47.9,50.6,44,54.93,46.86,Tertiary,64763899,139666,25991,215.65,40.13,18.61
South Korea,Europe,Medium,29305225,82.88,44,25.22,2220,29082,22.12,32.74,4.4,62.65,49.91,21.25,38,88.19,25.57,Tertiary,14551748,31381,5839,215.65,40.13,18.61
Indonesia,North America,High,22564197,65.15,28,69.8,9854,37467,21.84,26.28,12.95,42.05,12.01,76.68,39,61.22,81.38,Secondary,11204435,24162,4496,215.65,40.13,18.61
China,South America,Low,138863152,81.81,29,37.33,8362,45417,43.73,39.94,8,67.57,16.67,56.88,58,80.47,41.9,Tertiary,68953628,148701,27672,215.65,40.13,18.61
India,South America,High,188330751,18.11,37,40.4,8242,21586,28.71,27.22,10.08,59.21,13.63,15.96,56,57.82,54.84,Secondary,93517167,201673,37530,215.65,40.13,18.61
Bangladesh,North America,Medium,4241914,82.9,49,75.35,6140,15749,20.2,14.12,12.93,45.33,31.44,41.96,41,50.37,42.8,Secondary,2106356,4542,845,215.63,40.12,18.6
Bangladesh,North America,Medium,8826957,45.42,29,57.88,8850,12474,6,18.29,11.86,66.37,18.97,67.05,48,67.33,84.72,Secondary,4383097,9452,1758,215.65,40.11,18.6
Spain,Africa,Low,53798765,35.37,39,30.24,7326,32189,43.72,18.42,6.48,69.28,26.28,84.01,59,72.81,30.46,Tertiary,26714214,57610,10720,215.65,40.13,18.61
United Kingdom,Oceania,Medium,33921704,64.25,36,53.62,606,29671,15.91,19.33,5.32,39.73,27.47,56.41,31,51.89,41.66,Primary,16844098,36325,6759,215.65,40.13,18.61
France,North America,High,136599010,62.01,44,89.37,4890,48076,17.63,20.09,0.31,32.95,23.47,24.07,60,88.17,40.64,Primary,67829350,146277,27221,215.65,40.13,18.61
India,Europe,High,170898716,78.18,33,71.28,7504,38682,10.76,24.96,10.86,55.5,13.81,56.01,37,72.19,80.27,Primary,84861148,183006,34056,215.65,40.13,18.61
Vietnam,Africa,Low,60003859,21,28,30.22,7044,6736,28.65,38.94,3.84,44.46,14.96,34.39,49,90.43,46.77,Primary,29795404,64255,11957,215.65,40.13,18.61
Bangladesh,North America,Low,103678050,29.16,47,31.08,2801,10330,14.45,13.24,1.84,76.59,33,85.37,44,52.35,75.44,Tertiary,51482179,111023,20660,215.65,40.13,18.61
United States,South America,High,191390047,22.46,21,38.99,4981,14920,43.45,35.05,1.17,52.3,10.73,78.5,46,93.82,26.82,Secondary,95036285,204949,38140,215.65,40.13,18.61
Turkey,Asia,Low,182209988,55.9,25,29.23,5977,18570,5.75,14.81,10.07,28.01,21.25,17.85,46,92.44,78.68,Primary,90477852,195119,36310,215.65,40.13,18.61
Bangladesh,North America,High,117839229,66.77,34,56.66,3556,39058,10.35,16.57,7.39,69.34,19.57,31.14,58,61,36.98,Tertiary,58514028,126188,23483,215.65,40.13,18.61
France,Oceania,Low,22301825,10.86,24,77.66,3674,32054,13.83,14.35,9.06,43.1,44.9,68.29,47,64.49,51.57,Tertiary,11074152,23881,4444,215.65,40.13,18.61
Pakistan,Oceania,High,6427886,38.27,22,29.34,5205,34327,30.56,38.74,7.23,54.32,35.04,38.37,30,92.06,59.55,Primary,3191819,6883,1280,215.65,40.1,18.6
Vietnam,North America,Medium,134420350,44.99,49,25.16,945,34912,6.37,9.17,2.47,42.49,23.69,31.91,55,74.54,20.19,Primary,66747519,143943,26787,215.65,40.13,18.61
Saudi Arabia,South America,High,47630971,32.05,41,45.14,3763,6788,41.34,29.2,10.67,58.42,14.26,59.75,33,79.06,22.74,Tertiary,23651546,51005,9491,215.65,40.13,18.61
Russia,South America,High,15530949,58.34,27,38.51,6693,34778,24.85,19.77,14.14,71.58,49.1,29.81,56,85.8,43.92,Primary,7712019,16631,3094,215.65,40.12,18.6
United States,Europe,High,31574088,68.7,30,58.83,6763,29010,40.24,31.29,14.4,31.33,27.28,26.76,59,61.01,52.8,Tertiary,15678370,33811,6292,215.65,40.13,18.61
South Korea,South America,Medium,182047453,45.56,24,79.22,372,31993,26.87,25.85,13.88,61.96,24.19,22.28,68,63.79,65.56,Secondary,90397144,194945,36278,215.65,40.13,18.61
India,Asia,High,143023443,69.56,31,60.79,5758,3705,40.69,19.78,9.76,54.43,26.62,73.82,64,75.36,77.38,Tertiary,71019455,153156,28501,215.65,40.13,18.61
Saudi Arabia,Africa,High,159355749,23.97,22,31.16,1853,4799,19.92,37.37,11.93,26.61,11.14,32.42,65,81.71,89.12,Secondary,79129394,170646,31756,215.65,40.13,18.61
France,South America,Medium,157391083,54.92,49,38.42,5756,20993,20.35,30.99,11.58,20.82,44.68,58.12,62,67.94,66.7,Tertiary,78153823,168542,31364,215.65,40.13,18.61
China,South America,Medium,150507521,12.87,28,62.55,5073,22636,29.79,38.11,1.06,62.09,13.46,54.37,42,68.62,72.08,Primary,74735734,161170,29993,215.65,40.13,18.61
United States,Oceania,Medium,182819392,14.81,34,81.71,9052,4431,47.65,17.3,9.24,38.91,36.42,84.17,40,82.11,37.73,Primary,90780457,195772,36432,215.65,40.13,18.61
Turkey,Africa,Medium,20535182,62.19,43,43,2358,3559,47.6,27.79,5.65,73.3,48.56,86.01,47,54.21,62.47,Tertiary,10196911,21990,4092,215.65,40.13,18.61
Indonesia,North America,High,89435202,20.14,46,47.85,4846,27524,29,6.25,3.11,34.58,20.44,63.52,47,80.07,53.5,Tertiary,44409777,95771,17822,215.65,40.13,18.61
Turkey,South America,Medium,152667699,57.49,44,65.07,5453,23961,18.19,9.28,7.98,50.39,12.14,34.48,61,78.77,47.92,Tertiary,75808388,163484,30423,215.65,40.13,18.61
Indonesia,Africa,Low,130563769,16.52,49,61.38,8128,2300,15.05,33.11,12.34,62.44,18.25,12.39,62,91.18,48.98,Secondary,64832502,139814,26018,215.65,40.13,18.61
Australia,North America,Low,93201110,23.19,32,54.16,7710,8355,39.13,11,11.65,59.68,17.1,55.81,60,55.47,64.77,Tertiary,46279769,99804,18573,215.65,40.13,18.61
Argentina,Oceania,Low,168230168,23.72,42,76.63,1582,4345,7.56,17.59,12.3,76.39,49.81,86.64,39,72.83,64.69,Primary,83536059,180149,33524,215.65,40.13,18.61
Brazil,Asia,Low,36088756,36.77,32,22.23,9452,21347,30.58,37.87,6.15,20.17,34.7,86.96,47,75.41,33.52,Secondary,17920165,38645,7191,215.65,40.13,18.61
Nigeria,North America,Medium,120542259,10.57,37,21.19,5457,33268,45.01,39.84,1.98,34.77,28.93,19.27,51,88.43,33.37,Primary,59856240,129082,24021,215.65,40.13,18.61
Russia,Oceania,Low,10037271,84.44,43,59.18,8322,14069,18.78,23.46,0.23,25.65,24.81,79.19,66,89.68,68.38,Secondary,4984088,10748,2000,215.65,40.13,18.61
Pakistan,Europe,High,30674689,18.94,44,63.5,6584,33066,16.74,19.09,10.61,51.67,28.57,20.37,43,65.93,78.88,Tertiary,15231766,32847,6112,215.65,40.13,18.61
Egypt,North America,Low,50703624,23.35,49,36.98,9833,32954,16.25,25.37,13.35,46.3,22.36,83.27,64,95.83,88.19,Secondary,25177297,54295,10104,215.65,40.13,18.61
Indonesia,South America,Low,46188483,88.76,21,37.7,8660,40440,8.83,21.46,11.53,56.26,41.37,31.52,57,71.55,39.13,Primary,22935267,49460,9204,215.65,40.13,18.61
Bangladesh,Europe,Medium,159636796,84.88,45,83.57,6933,35608,36.91,7.68,14.22,20.81,23.6,28.46,53,93.26,74.19,Tertiary,79268950,170947,31812,215.65,40.13,18.61
Argentina,North America,Low,15073284,32.41,42,60.39,9667,5886,49.45,24.23,14.89,22.97,40.4,47.68,32,84.49,65.83,Primary,7484761,16141,3003,215.65,40.12,18.6
Spain,North America,Medium,181282554,48.51,43,39.64,774,31577,24.75,18.01,13.65,49.12,40.85,72.65,50,62.59,39.9,Primary,90017328,194126,36125,215.65,40.13,18.61
United Kingdom,Europe,Low,71594732,56.82,38,55.97,7337,28905,7.04,38.95,4.37,79.66,13.95,34.98,42,97.81,89.9,Primary,35550947,76667,14267,215.65,40.13,18.61
South Africa,South America,High,196976219,33.78,28,40.95,4613,18569,31.58,17.85,1.82,25.85,18.7,63.41,53,73.66,41.15,Primary,97810145,210931,39253,215.65,40.13,18.61
United Kingdom,Asia,Medium,184593226,28.47,49,68.29,6654,34403,44.74,18.47,12.38,77.57,32.81,31.78,34,68.86,41.63,Secondary,91661269,197671,36785,215.65,40.13,18.61
India,Africa,High,146488060,14.75,39,40.57,4275,33278,29.24,19.25,14.68,75.54,24.44,45.3,50,66.81,80.57,Primary,72739838,156866,29192,215.65,40.13,18.61
Bangladesh,Oceania,High,101468866,82.36,30,67.89,9291,11662,24.87,21.5,7.44,78.4,25.14,30.23,43,98.62,79.17,Tertiary,50385191,108657,20220,215.65,40.13,18.61
Egypt,Africa,Medium,138089638,17.24,32,76.09,2533,27218,37.05,26.93,11.56,66.42,15.66,46.06,43,65.45,50.38,Tertiary,68569533,147873,27518,215.65,40.13,18.61
South Korea,Europe,High,196581378,53.16,33,54.78,3553,16381,28.5,7.22,14.01,70.81,18.46,41.04,51,84.97,57.36,Secondary,97614083,210509,39174,215.65,40.13,18.61
Argentina,Europe,Medium,63203034,82.48,33,69.17,3860,16700,37.99,38.75,8.21,40.66,28.11,43.63,35,79.53,85.47,Secondary,31383981,67680,12594,215.65,40.13,18.61
South Korea,Oceania,High,25886232,89.39,27,50.6,1359,19730,16.9,18.52,5.68,38.15,41.07,86.85,64,93.49,70.77,Primary,12854019,27720,5158,215.65,40.13,18.61
Brazil,Asia,Medium,181577026,38.02,20,59.76,7761,23764,19.34,16.53,7.91,35.74,25.22,51.51,54,58.34,85.45,Secondary,90163550,194441,36184,215.65,40.13,18.61
Spain,Asia,Low,147415754,66.08,31,85.02,4711,23742,25.67,28.7,0.48,41.2,21.92,20.67,32,67.43,36.58,Secondary,73200492,157860,29377,215.65,40.13,18.61
China,South America,Low,194472746,46.06,24,67.81,1898,30232,42.49,38.93,0.31,60.01,29.97,44.12,63,86.26,70.36,Secondary,96567025,208251,38754,215.65,40.13,18.61
India,Asia,High,93736296,22.98,38,20.08,5504,29727,40.98,39.37,4.42,50.12,13.83,83.72,45,52.07,54.04,Secondary,46545520,100377,18679,215.65,40.13,18.61
Saudi Arabia,North America,High,85791953,20.08,28,36.54,169,32938,36.09,33.74,13.87,73.98,29.15,21.8,45,75.68,41.64,Tertiary,42600692,91870,17096,215.65,40.13,18.61
Russia,Africa,Medium,93987756,35.3,26,66.75,1066,31537,9.16,13.62,11.86,47.2,25.86,81.64,30,93.71,50.39,Primary,46670385,100646,18729,215.65,40.13,18.61
Nigeria,North America,High,113647422,51.18,33,26.34,3477,32713,39.89,13.59,9.5,53.43,20.54,44.9,34,83.97,26.71,Secondary,56432552,121699,22647,215.65,40.13,18.61
Australia,Oceania,Medium,48873770,74.97,40,33.03,1477,34147,31.63,9.33,2.76,43.92,31.97,79.2,33,52.98,56.36,Tertiary,24268668,52336,9739,215.65,40.13,18.61
South Africa,Africa,Low,156624847,35.8,43,54.13,9477,45575,5.79,34.48,12.82,75.55,19.48,53.16,47,55.98,26.15,Primary,77773342,167721,31212,215.65,40.13,18.61
China,Africa,Low,152050552,43,39,55.86,127,40030,41.92,7.68,9.79,78.5,45.5,81.14,48,93.11,67.23,Secondary,75501939,162823,30300,215.65,40.13,18.61
United States,Europe,High,88473967,50.08,31,51.08,984,2048,16.11,33.96,3.48,53.02,37.68,11.49,44,80.13,68.37,Tertiary,43932468,94742,17631,215.65,40.13,18.61
Bangladesh,Oceania,Low,108936021,28.6,49,85.9,4803,1270,30.52,36.75,4.71,21.73,33.64,57.98,50,67.82,27.42,Tertiary,54093068,116654,21708,215.65,40.13,18.61
Bangladesh,Oceania,Medium,145137257,10.58,20,49.55,3811,8935,40.04,34.35,11.21,75.81,38.59,49.28,59,67.51,51.28,Primary,72069086,155420,28922,215.65,40.13,18.61
Canada,Oceania,Medium,171399945,54.57,41,87.96,5052,24559,5.71,13.83,2.81,73.4,44.22,18.79,46,63.45,48.28,Secondary,85110038,183543,34156,215.65,40.13,18.61
Nigeria,Oceania,High,140858624,71.93,36,36.57,7897,5871,20.54,21.55,6.24,56.48,44.11,46.06,47,55.52,64.33,Primary,69944496,150838,28070,215.65,40.13,18.61
Russia,Asia,Low,185669118,15.1,40,65.29,1943,3638,40.91,28.35,2.21,28.26,17.14,41.78,53,74.82,24.7,Primary,92195512,198823,37000,215.65,40.13,18.61
Russia,South America,High,174022002,43.28,44,23.21,8246,15827,26.28,26.91,5.48,72.07,21.79,32.95,41,81.11,53.29,Primary,86412041,186351,34679,215.65,40.13,18.61
Germany,Oceania,High,149230363,59.79,35,23.58,5113,16461,31.86,19.42,1.4,70.52,39.2,72.53,39,75.49,44.36,Tertiary,74101551,159803,29738,215.65,40.13,18.61
Japan,Oceania,Medium,68884420,78.76,32,51.71,7037,6041,47.04,27,4.5,58.63,26.53,69.64,61,52.38,58.17,Primary,34205119,73764,13727,215.65,40.13,18.61
China,Oceania,High,77858894,68,48,40.54,7958,9920,40.51,33.57,11.51,78.17,35.96,23.09,47,66.83,52.17,Secondary,38661467,83375,15515,215.65,40.13,18.61
Egypt,North America,Low,99244132,34.67,30,76.66,2305,7274,16.91,9.93,9.86,48.41,41.13,23.25,44,84.89,76.09,Primary,49280481,106275,19777,215.65,40.13,18.61
Canada,South America,Low,141139085,45.52,21,56.8,3218,34534,27.57,36.77,7.2,52.76,13.79,61.91,57,90.56,53.13,Tertiary,70083761,151138,28126,215.65,40.13,18.61
United States,Africa,High,102798453,89.74,24,70.83,9965,24280,5.5,31.04,11.72,75.65,46.94,53.88,67,53.95,79.33,Primary,51045408,110081,20485,215.65,40.13,18.61
Nigeria,Oceania,Medium,111464630,53.8,30,51.95,2650,23627,31.59,36.47,13.93,28.74,44.2,77.25,41,90.81,88.58,Secondary,55348669,119361,22212,215.65,40.13,18.61
Pakistan,Africa,High,157044411,36.06,41,27.99,5198,11447,38.71,8.47,13.68,67.65,17.84,46.49,52,87.71,36.83,Tertiary,77981680,168170,31295,215.65,40.13,18.61
Canada,Asia,High,32905806,14.44,44,72.75,9038,9706,8.71,5.79,5.38,39.17,15.42,86.27,39,61.49,30.2,Tertiary,16339645,35237,6557,215.65,40.13,18.61
Turkey,Oceania,High,43053473,70.67,30,32.95,6742,37540,30.45,14.92,0.9,22.45,44.16,68.81,66,83.02,45.33,Primary,21378552,46103,8579,215.65,40.13,18.61
Italy,Oceania,High,88231951,78.42,23,24.76,8781,38836,13.89,22.07,4.27,27.4,15.92,29.26,32,81.35,33.09,Primary,43812293,94483,17582,215.65,40.13,18.61
South Africa,North America,High,69266552,11.48,46,68.35,4080,13728,27.63,9.63,1.16,53.18,21.24,20.15,46,62.18,28.23,Secondary,34394870,74174,13803,215.65,40.13,18.61
Turkey,Africa,High,181082023,79.36,41,30.17,2868,17476,5.3,15.34,7.25,60.85,41.83,71.31,30,73.37,21.14,Tertiary,89917752,193911,36085,215.65,40.13,18.61
Indonesia,Asia,Low,56130386,18.86,25,74.94,7536,36008,41.64,27.48,3.54,55.92,24.96,84.17,45,55.89,59.23,Tertiary,27872000,60107,11185,215.65,40.13,18.61
Bangladesh,South America,Medium,35884866,61.22,37,66.16,8673,22781,15.14,10.61,1.65,65.77,11.81,73.55,35,97.37,24.11,Secondary,17818922,38427,7151,215.65,40.13,18.61
Italy,Africa,High,38248136,23.67,28,70.77,2129,9208,38.46,6.93,4.98,68.32,20.91,21.15,55,92.53,29.86,Secondary,18992423,40958,7622,215.65,40.13,18.61
Spain,Asia,High,80811718,45.16,26,37.32,6709,11916,20.04,38.04,2.24,56.62,47.83,85.85,34,52,33.57,Primary,40127716,86537,16104,215.65,40.13,18.61
South Korea,South America,Medium,157273487,11.47,41,73.33,5109,15690,41.07,13.55,11.07,52.57,22.33,60,30,77.91,80.47,Tertiary,78095430,168416,31341,215.65,40.13,18.61
Italy,Europe,High,128113717,23.58,22,64.34,3362,9633,29.9,26.56,13.36,58.88,32.25,61.98,66,67.91,63.33,Tertiary,63615909,137190,25530,215.65,40.13,18.61
Indonesia,Oceania,Low,134005728,40.09,39,55.96,8600,36098,40.83,7.43,6.77,79.42,15.8,37.32,55,57.8,49.17,Secondary,66541635,143499,26704,215.65,40.13,18.61
Japan,Oceania,Low,142653235,58.81,44,87.37,2180,10729,34.21,24.03,13.36,56.38,43.96,34.01,56,65.63,34.07,Tertiary,70835625,152760,28427,215.65,40.13,18.61
France,North America,Low,12169648,56.66,24,65.87,5659,36085,31.35,14.81,13.07,48.98,36.34,46.18,33,62.68,21.8,Primary,6042937,13031,2425,215.64,40.13,18.61
China,Europe,Medium,199668435,11.3,38,24.05,5228,29037,18.72,17.41,2.68,42.66,18,56.89,57,69.46,64.34,Primary,99146986,213814,39789,215.65,40.13,18.61
Mexico,Africa,High,150001855,12.06,28,22.55,8601,21740,6.94,11.74,1.13,43.95,18.6,48.94,40,55.13,66.22,Primary,74484642,160629,29892,215.65,40.13,18.61
Vietnam,Europe,High,94729008,39.64,29,79.18,2409,41664,16.39,19.88,14.09,37.45,35.11,63.51,38,56.81,41.41,Primary,47038460,101440,18877,215.65,40.13,18.61
United Kingdom,Asia,Low,7512567,78.81,24,68.64,5740,31054,32.11,31.15,4.29,24.9,10.29,24.1,64,81.97,73.61,Primary,3730426,8044,1496,215.63,40.1,18.6
Japan,Asia,High,65839811,69.83,44,38.32,8808,18764,24.62,28.95,9.66,26.33,13.68,55.01,35,69.87,56.87,Tertiary,32693294,70504,13120,215.65,40.13,18.61
Pakistan,Asia,Medium,21129396,37.19,27,29.03,5078,24506,13.19,26.03,7.57,61.26,47.86,84.84,33,69.76,68.42,Primary,10491973,22626,4210,215.65,40.13,18.61
Pakistan,Europe,Low,177744747,35.64,29,88.27,4811,28253,8.72,15.85,0.66,65.61,13.77,59.79,54,54.91,63.96,Tertiary,88260601,190337,35420,215.65,40.13,18.61
Australia,South America,Low,13864523,68.66,29,64.8,5898,14441,47.99,27.7,0.62,79.79,42.96,46.92,45,78.9,64.43,Primary,6884541,14846,2762,215.64,40.12,18.6
Indonesia,Europe,High,137059587,81.08,35,22.84,3118,1204,10.75,35.52,0.02,72.36,35.75,65.2,53,75.93,57.36,Secondary,68058053,146770,27313,215.65,40.13,18.61
Brazil,Asia,High,23484323,64,45,57.07,3912,32339,44.32,26.81,13.82,42.93,13.46,23.23,66,58.85,32.26,Primary,11661331,25148,4679,215.65,40.12,18.61
Mexico,North America,Low,41699545,70.35,22,42.17,8922,42551,33.4,31.61,12.12,24.56,41.85,81.91,66,86.06,51.39,Secondary,20706248,44653,8309,215.65,40.13,18.61
China,Europe,Low,11136630,37.23,27,81.53,4696,27134,32.69,30.61,9.19,72.88,24.44,79.93,30,63.29,86.31,Tertiary,5529984,11925,2219,215.64,40.13,18.61
Bangladesh,Oceania,Medium,176677144,62.01,47,47.31,3481,49251,30.93,20.3,10.37,78.73,44.67,74.01,35,68.23,23.8,Secondary,87730474,189194,35208,215.65,40.13,18.61
Russia,Europe,High,143070010,26.58,31,26.25,1825,39986,12.13,11.48,12.27,59.42,32,26.32,51,65.13,43.57,Tertiary,71042578,153206,28510,215.65,40.13,18.61
Australia,South America,Medium,79194556,31.45,24,22.25,6154,11031,26.85,12.64,7.41,48.56,13.91,46.57,54,50.47,84.25,Primary,39324701,84805,15781,215.65,40.13,18.61
Germany,Asia,Low,180655827,80.85,47,78.42,9941,37085,7,38.07,14.26,61.63,11.43,13.11,35,84.55,79.53,Tertiary,89706121,193455,36001,215.65,40.13,18.61
Spain,Asia,Medium,46894173,89.6,45,82.47,7758,29331,27.34,27.87,8.12,25.03,39.2,11.05,68,63.89,23.48,Secondary,23285683,50216,9344,215.65,40.13,18.61
Egypt,Africa,Low,37784330,11.61,21,82.65,6524,24756,6.36,37.02,12.74,27.58,29.2,52.48,63,72.78,48.44,Primary,18762116,40461,7529,215.65,40.13,18.61
South Africa,Europe,Low,180982852,74.76,40,31.73,4102,6213,18.36,13.95,0.16,39.28,20.33,84.61,36,83.47,65.17,Secondary,89868508,193805,36066,215.65,40.13,18.61
Brazil,Europe,Medium,177302897,59.47,22,58.3,4856,48834,47.13,16.38,1.01,55.93,16.37,39.16,30,70.13,40.13,Primary,88041196,189864,35332,215.65,40.13,18.61
Japan,North America,Low,103576190,12.03,30,85.71,5473,9132,44.98,25.25,14.39,20.74,28.39,61.24,61,78.85,78.59,Secondary,51431600,110914,20640,215.65,40.13,18.61
Germany,Europe,Medium,193162936,46.5,21,22.81,1790,16966,29.13,32.85,7.66,73.8,47.38,73.16,58,60.46,59.2,Tertiary,95916628,206848,38493,215.65,40.13,18.61
China,Oceania,Medium,6485330,46.42,43,27.94,9096,1034,26.88,6.46,14.76,58.09,26.84,55.81,36,74.19,70.21,Primary,3220343,6944,1292,215.63,40.12,18.61
Italy,Asia,High,76726802,77.98,46,30.88,2855,40766,11.31,27.68,8.78,75.19,16.74,54.35,69,73.85,68.69,Secondary,38099318,82162,15289,215.65,40.13,18.61
Russia,Europe,Medium,168816351,28.27,29,26.13,3842,28833,17.19,37.54,3.3,64.61,33.44,69.51,65,80.99,27.87,Secondary,83827133,180776,33641,215.65,40.13,18.61
Vietnam,Oceania,High,197379289,39.77,35,57.59,2445,17723,25.21,31.17,2.98,32.2,20.67,36.37,67,61.86,57.65,Primary,98010292,211363,39333,215.65,40.13,18.61
Germany,Asia,Medium,191176335,37.33,46,54.33,6760,28059,38.73,16.7,1.51,48.37,35.63,40.88,36,61.14,48.7,Tertiary,94930165,204721,38097,215.65,40.13,18.61
Canada,South America,Low,121347137,34.45,45,53.65,9651,41967,27.04,25.34,2.62,77.53,45.96,36.52,65,57.8,87.14,Secondary,60255908,129944,24181,215.65,40.13,18.61
Bangladesh,North America,High,194186066,62.91,21,44.11,5505,3146,5.85,12.44,14.89,42.32,14.01,16.14,53,95.95,35.15,Primary,96424671,207944,38697,215.65,40.13,18.61
Egypt,Oceania,Medium,60773642,20.82,32,61.94,4052,19550,40.39,31.32,6.47,79.69,14.97,47.58,58,75.82,72.05,Secondary,30177646,65079,12110,215.65,40.13,18.61
South Africa,Africa,Medium,148732357,30.45,41,37.82,9535,29532,22.58,38.25,12.14,59.93,49.49,25.54,44,79.78,55.61,Secondary,73854262,159269,29639,215.65,40.13,18.61
Pakistan,Africa,Medium,13293464,74.8,26,63.53,3435,13743,36.96,32.46,11.35,50.22,16.21,57.15,51,95.07,67.65,Primary,6600977,14235,2649,215.65,40.13,18.61
Egypt,Oceania,High,10517221,43.63,47,66.11,7391,29997,9.62,36,7.79,29.18,14.41,77.57,42,73.08,27.22,Secondary,5222411,11262,2095,215.65,40.12,18.6
Vietnam,North America,Low,180284083,79.61,24,52.59,1434,9935,24.38,26.08,9.13,45.33,14.42,82.98,57,78.85,39.17,Secondary,89521529,193057,35927,215.65,40.13,18.61
Germany,South America,High,170704968,61.97,31,84.78,4091,5482,36.08,25.16,5.76,74.29,44.48,24.85,34,96.96,49.79,Tertiary,84764941,182799,34018,215.65,40.13,18.61
France,Asia,Medium,108453757,62.95,35,39.69,3462,11635,29.1,35.76,13.99,33.09,45.2,32.37,32,79.16,59.05,Tertiary,53853595,116137,21612,215.65,40.13,18.61
China,North America,Low,174417993,71.18,45,40.34,7196,3218,31.31,30.42,7.68,77.59,49.22,75.88,64,93.42,42.95,Secondary,86608674,186775,34757,215.65,40.13,18.61
Canada,Africa,Low,145146916,68.74,32,69.46,8371,29844,26.88,35.55,13.87,44.32,16.48,58.37,38,86.59,75.38,Primary,72073882,155430,28924,215.65,40.13,18.61
Mexico,Oceania,High,182460293,18.97,23,27.73,7591,46088,25.93,22.3,2.31,41.94,43.52,25.71,46,76.69,32.37,Secondary,90602143,195387,36360,215.65,40.13,18.61
Vietnam,South America,High,119873988,22.51,49,55.81,659,36491,18.28,40,11.54,58.92,41.1,25.3,65,50.2,78.07,Primary,59524404,128367,23888,215.65,40.13,18.61
Egypt,Oceania,High,65740717,80.43,24,67.29,3252,24374,35.35,31.03,11.53,64.85,24.51,74.1,32,50.95,62.87,Secondary,32644088,70398,13100,215.65,40.13,18.61
United Kingdom,South America,Medium,125623942,60.19,34,22.63,4465,37908,25,15.9,9.85,52.22,26.1,66.4,34,60.05,68.69,Secondary,62379591,134524,25034,215.65,40.13,18.61
South Africa,Africa,Medium,48194235,70.46,26,32.54,9728,23548,38.67,29.14,6.01,63.32,41.79,84.63,62,92.94,67.23,Tertiary,23931239,51608,9604,215.65,40.13,18.61
Mexico,South America,Low,40073850,27.04,47,78.93,2818,7264,45.6,35.57,12.18,63.11,12.73,20.63,68,91.82,65.15,Primary,19898996,42913,7985,215.65,40.13,18.61
Italy,Oceania,Medium,28182206,46.25,21,34.53,4552,31703,21.54,25.27,11.81,25.33,33.94,29.88,59,52.42,69.47,Secondary,13994103,30178,5615,215.65,40.12,18.61
Egypt,Africa,High,120196677,42.39,35,20.25,5484,39962,42.36,27.43,0.61,53.95,31.1,69.02,47,55.47,36.22,Tertiary,59684638,128712,23952,215.65,40.13,18.61
Indonesia,North America,High,86578407,53.99,48,75.32,4605,47708,21.27,9.39,0.65,43.99,36.33,33.83,37,98.06,69.84,Secondary,42991212,92712,17253,215.65,40.13,18.61
China,Africa,Medium,33499726,36.87,47,72.9,1592,32390,7.17,27.76,11.88,23.59,36.54,81.02,40,66.32,45.37,Primary,16634561,35873,6675,215.65,40.13,18.61
Pakistan,Africa,High,85645259,20.31,26,76,8731,40427,13.54,23.31,11.1,38.23,13.54,23.34,57,83.71,56.41,Tertiary,42527850,91713,17067,215.65,40.13,18.61
Australia,Europe,High,113599375,48.53,25,60.31,6375,28717,43.93,14.36,0.85,29.72,16.63,13.59,30,73.87,53.55,Secondary,56408694,121647,22637,215.65,40.13,18.61
India,Oceania,Low,168527383,31.72,47,86.27,2878,46145,28.67,20.6,4.92,26.21,39.34,67.8,31,61.93,71.06,Tertiary,83683644,180467,33584,215.65,40.13,18.61
South Korea,Africa,High,3473648,80.56,44,44.13,208,25212,14.44,34.78,12.23,63.93,49.45,26.29,55,59.5,51.04,Secondary,1724868,3719,692,215.61,40.12,18.61
Egypt,Africa,Low,15683126,10.55,41,33.63,8877,3944,41.76,15.65,10.72,70.56,35.41,73.41,60,57.56,62.41,Secondary,7787583,16794,3125,215.65,40.13,18.61
Brazil,Asia,Medium,81579217,14.7,48,75.46,6601,9451,19.55,34.13,13.14,77.61,44.57,34.22,39,61.26,35.87,Secondary,40508824,87359,16257,215.65,40.13,18.61
South Korea,Oceania,High,36508106,24.25,37,76.78,9842,4838,37.12,5.65,6.44,44.01,40.06,85.76,50,89.37,68.47,Tertiary,18128397,39094,7275,215.65,40.13,18.61
Egypt,North America,Low,122329962,36.32,29,49.74,5947,30103,13.92,18.22,6.53,49.36,40.1,79.31,42,79.51,73.94,Primary,60743938,130996,24377,215.65,40.13,18.61
Australia,Europe,Low,24078081,15.2,35,37.58,5236,28429,34.88,35.79,4.13,46.66,15.42,38.54,30,66.03,69.51,Tertiary,11956167,25784,4798,215.65,40.13,18.61
France,Africa,Low,180456642,12.65,44,88.82,1431,25923,18.68,11.17,1.41,21.92,16.8,68.31,59,53.36,60.31,Primary,89607214,193241,35961,215.65,40.13,18.61
Australia,South America,Low,46806022,81.15,22,30.08,1703,1316,28.3,12.73,13.52,76.52,22.77,44.05,30,74.1,51.65,Primary,23241911,50122,9327,215.65,40.13,18.61
Brazil,Oceania,Medium,66849897,81.75,22,44.06,9709,1831,19.19,25.54,12.84,41.01,39.07,71.58,59,98.22,46.17,Tertiary,33194860,71586,13321,215.65,40.13,18.61
Italy,Asia,Low,88968582,66.18,25,74.23,4360,11260,8.76,16.57,11.1,53.39,32.19,23.54,43,97.11,55.45,Tertiary,44178073,95271,17729,215.65,40.13,18.61
United Kingdom,Oceania,Low,19445791,55,30,63.51,6229,10703,40.45,5.44,7.47,33.46,11.73,53.66,46,64.25,24.44,Tertiary,9655965,20823,3875,215.65,40.13,18.61
France,North America,High,69729468,71.76,46,44.96,3273,19967,45.59,15.36,8.57,29.03,43.03,57.5,46,66.82,86.8,Tertiary,34624735,74669,13895,215.65,40.13,18.61
United States,Asia,Medium,128396620,24.46,27,71.21,964,31829,24.24,11.28,0.67,75.25,21.89,76.49,46,78.67,32.98,Secondary,63756386,137493,25586,215.65,40.13,18.61
Pakistan,Oceania,High,183900848,76.11,39,89.32,6601,29858,38.68,31.96,13.37,77.08,16.92,65.3,39,72.9,81.42,Secondary,91317463,196930,36647,215.65,40.13,18.61
China,Africa,Medium,181803897,39.78,30,35.91,4934,21266,7.64,32.33,14.05,28.74,21.22,37.81,32,75.2,39.95,Tertiary,90276205,194684,36229,215.65,40.13,18.61
Bangladesh,Europe,Medium,40612375,33.68,40,63.41,8439,20874,45.29,30.79,10.53,33.75,26.86,65.4,67,56.39,57.36,Tertiary,20166405,43489,8093,215.65,40.13,18.61
Saudi Arabia,Oceania,Medium,169153834,75.13,45,78.21,9386,39999,21.12,14.06,0.8,74.76,33.14,27.95,39,64.2,88.24,Primary,83994713,181138,33708,215.65,40.13,18.61
Turkey,Africa,Low,173317763,62.96,24,86.44,9134,25134,46.21,6.42,1.79,21.39,29.6,66.73,51,60.3,67.58,Tertiary,86062346,185597,34538,215.65,40.13,18.61
Pakistan,North America,Medium,84024029,42.99,39,38.1,4475,32645,39.27,21.15,0.63,66.05,40.85,69.12,40,74.19,89.15,Tertiary,41722815,89977,16744,215.65,40.13,18.61
Pakistan,Asia,High,50428457,89.99,49,70.09,3474,47642,13.02,15.02,1.62,28.59,39.2,43.99,53,91.83,66.43,Secondary,25040660,54001,10049,215.65,40.13,18.61
Russia,Asia,High,149076796,76.68,34,29.19,1271,21382,41.68,25.45,7.26,26.33,37.98,21.51,62,70.93,75.41,Tertiary,74025296,159638,29707,215.65,40.13,18.61
Turkey,South America,Medium,111038593,63.08,48,64.79,5956,32345,6.36,11.99,0.56,30.17,30.19,83.83,30,50.07,30.68,Tertiary,55137117,118905,22127,215.65,40.13,18.61
India,North America,Medium,121539526,77.72,31,60.09,8462,23965,44.37,5.7,12.01,69.35,24.86,54.36,61,51.27,62.55,Tertiary,60351441,130150,24220,215.65,40.13,18.61
Brazil,Africa,Low,112290326,80.68,31,55.58,3359,13278,25.36,30.34,3.38,52.13,24.79,30.47,69,51.62,85.27,Tertiary,55758675,120246,22377,215.65,40.13,18.61
Saudi Arabia,Asia,High,44736660,15.71,21,42.01,8348,28595,7.86,21.19,8.99,23.09,47.31,56.43,42,79.24,40.07,Tertiary,22214352,47906,8915,215.65,40.13,18.61
Nigeria,North America,Low,175030115,35.13,39,35.02,9108,11048,11.55,27.21,11.64,39.85,49.8,71.18,47,68.93,35.96,Primary,86912628,187430,34879,215.65,40.13,18.61
South Korea,Europe,Low,97199081,80.26,25,51.79,8625,11377,22.77,7.06,7.24,40.64,32.83,71.13,68,68.27,49.38,Secondary,48264994,104085,19369,215.65,40.13,18.61
United States,North America,Medium,118450493,73.36,31,21.58,7003,45888,31.74,27.23,3.79,60.8,45.27,79.02,68,84.39,80.82,Tertiary,58817556,126842,23604,215.65,40.13,18.61
Nigeria,Europe,Low,89128941,53.5,49,63.34,2823,18013,24.9,39.08,2.09,44.05,22.69,57.12,58,53.3,64.41,Secondary,44257701,95443,17761,215.65,40.13,18.61
Australia,Europe,High,40681459,51.48,48,47.8,7664,7610,6.18,12.13,11.98,78.74,40.58,43.27,39,67.96,36.84,Secondary,20200709,43563,8106,215.65,40.13,18.61
Italy,Europe,High,129347740,77.94,36,31.93,8004,45663,48.04,25.07,0.49,20.75,27.95,32.12,61,88.24,35.41,Tertiary,64228673,138511,25776,215.65,40.13,18.61
Mexico,North America,Medium,131964632,62.26,24,25.22,1019,17240,16.92,22.48,14.37,78.75,10.46,80.22,58,60.14,52.86,Tertiary,65528112,141314,26297,215.65,40.13,18.61
Australia,Asia,High,15954183,69.93,45,34.95,3750,19954,20.12,28.3,11.4,30.68,10.19,27.36,57,61.64,31.85,Secondary,7922179,17084,3179,215.65,40.13,18.61
China,South America,Low,39107732,17.95,45,24.15,6908,15091,39.37,28.12,13.21,35.96,19.96,81.48,43,84.31,22.33,Secondary,19419262,41878,7793,215.65,40.13,18.61
Japan,Europe,Low,115180414,35.96,36,81.81,9248,6729,18.54,7.23,1.49,21.04,13.41,28.22,46,77.78,62.97,Tertiary,57193772,123340,22953,215.65,40.13,18.61
China,Oceania,High,73216562,63.08,30,49.5,6156,32597,20.37,32.49,13.91,64.54,41.71,18.19,40,53,72.57,Secondary,36356279,78403,14590,215.65,40.13,18.61
Egypt,Oceania,Low,72106852,29.13,22,44.25,4531,25467,42.24,20,6.53,54.81,31.2,82.93,69,66.08,20.17,Secondary,35805244,77215,14369,215.65,40.13,18.61
Japan,South America,High,1374444,30.09,40,71.73,4254,30256,46.71,20.66,7.53,60.02,38.37,42.25,39,93.93,77.96,Tertiary,682491,1471,273,215.53,40,18.56
Japan,Europe,Low,36319033,14.52,45,25.33,1212,49216,20.96,30.76,5.19,75.22,45.39,38.1,51,62.59,24.7,Primary,18034511,38892,7237,215.65,40.13,18.61
France,Europe,High,38591559,22.28,25,39.35,3589,14400,10.68,34.21,8.41,42,20.16,36.06,39,68.34,79.14,Primary,19162952,41325,7690,215.65,40.13,18.61
Italy,Europe,Medium,124357778,38.77,40,78.97,9990,23976,37.42,21.46,0.74,52.44,18.07,52.77,36,64.48,47.84,Secondary,61750867,133168,24781,215.65,40.13,18.61
India,Africa,High,70191012,79.91,25,30.57,6897,12608,35.05,34.24,14.57,26.67,26.33,50.38,55,52.14,85.15,Primary,34853918,75164,13987,215.65,40.13,18.61
Vietnam,South America,High,137283335,50.64,27,78.13,2189,45561,34.11,36.83,0.64,65.16,45.41,13.92,56,85.31,21.52,Tertiary,68169157,147009,27357,215.65,40.13,18.61
Australia,Oceania,High,148119568,88.04,20,49.71,8366,8223,34.57,5.31,4.61,24.52,27.26,89.1,46,54.07,31.06,Tertiary,73549977,158613,29517,215.65,40.13,18.61
France,Asia,Medium,114856176,39.34,26,49.64,4443,39849,37.21,29.55,14.54,75.85,46.29,84.8,61,77.17,44.06,Primary,57032769,122993,22888,215.65,40.13,18.61
South Africa,Africa,Low,92404922,23.93,32,28.24,9965,28736,43.19,19.77,2.2,43.76,25.71,10.03,54,94.7,67.96,Tertiary,45884416,98951,18414,215.65,40.13,18.61
Vietnam,Europe,Low,86762304,60.72,36,66.6,5170,2004,28.39,12.8,2.88,21.87,28.03,33.88,52,66.13,62.77,Tertiary,43082528,92909,17289,215.65,40.13,18.61
United Kingdom,Africa,High,113523747,18.81,46,86.69,1351,22321,34.98,7.46,5.67,74.12,38,35.91,41,64.67,60.64,Secondary,56371140,121566,22622,215.65,40.13,18.61
United States,Europe,Medium,118440655,33.91,41,46.84,6743,49014,30.74,18.54,12.32,21.25,39.21,52.14,37,55.24,23.67,Primary,58812671,126832,23602,215.65,40.13,18.61
United States,Africa,Low,174212357,72.7,25,58.58,5818,5532,11.3,8.3,8.62,54.75,35.4,87.83,32,56.32,53.85,Primary,86506564,186555,34717,215.65,40.13,18.61
Spain,Asia,Medium,111575525,75.87,49,28.74,3638,2037,17.38,38.68,12.22,29.79,12.99,13.08,38,70.34,43.83,Secondary,55403735,119480,22234,215.65,40.13,18.61
Russia,Africa,Low,61909994,20.79,38,33.01,4472,33899,41.28,8.85,3.24,40.83,18.14,13.74,35,82.87,79.19,Secondary,30741911,66296,12337,215.65,40.13,18.61
Canada,Europe,Low,26622920,82.74,36,81.84,4098,5750,7.3,10.18,4.79,65.61,18.65,18.65,31,83.25,40.2,Tertiary,13219827,28509,5305,215.65,40.13,18.61
Canada,Asia,High,77294167,13.53,25,31.19,1567,46416,36.07,30.8,9.6,47.7,43.89,88.28,66,89.17,30.85,Tertiary,38381047,82770,15403,215.65,40.13,18.61
South Korea,Europe,Medium,55096406,36.11,25,24.79,6894,37106,41.29,13.06,7.22,60.49,46.33,82.18,40,94.48,36.81,Tertiary,27358568,58999,10979,215.65,40.13,18.61
Germany,Africa,Low,72755741,29.26,25,68.36,6263,4988,18.85,10.46,13.29,62.86,43.26,68.49,37,59.24,48.86,Primary,36127455,77910,14498,215.65,40.13,18.61
China,Europe,Medium,114504623,73.69,25,23.31,7339,48033,12.65,32.35,4.58,65.39,23.72,87.82,66,92.83,41.84,Tertiary,56858202,122617,22818,215.65,40.13,18.61
Canada,Africa,Low,169016915,57.4,44,45.1,8869,45696,37.46,39.54,1.98,20.28,12.37,19.11,63,80.58,73.77,Secondary,83926725,180991,33681,215.65,40.13,18.61
South Korea,Africa,Low,103341752,78.8,25,86.49,9058,36984,38.2,7.11,0.65,23,12.13,20.28,32,57.36,47.18,Tertiary,51315188,110663,20593,215.65,40.13,18.61
Russia,Oceania,Medium,86126873,54.43,33,57.43,4960,25130,49.44,36.52,0.71,70.68,10.72,56.37,68,97.58,31.5,Secondary,42766999,92228,17163,215.65,40.13,18.61
Canada,Europe,Low,51416079,59.35,32,64.14,7066,27928,44.05,5.47,8.73,78.65,15.85,67.54,32,84.48,40.52,Primary,25531072,55058,10246,215.65,40.13,18.61
Italy,North America,Low,151412410,41.02,23,57.19,4350,17083,7.18,38.85,2.43,47.34,39.61,58.23,32,72,82.69,Primary,75185064,162139,30173,215.65,40.13,18.61
Italy,South America,High,96783775,10.52,36,59.67,9613,26359,29.23,25.16,3.39,47.64,23.72,79.38,36,86.65,84.25,Primary,48058771,103640,19286,215.65,40.13,18.61
South Africa,Asia,Medium,94733942,82.34,20,41.49,2707,26917,19.22,9.33,0.57,34,45.56,56.08,57,54.87,54.12,Secondary,47040910,101445,18878,215.65,40.13,18.61
Vietnam,North America,High,168737974,23.58,28,71.2,9193,16001,36.52,15.61,13.49,74.9,26.33,87.65,59,59.73,66.73,Tertiary,83788214,180692,33625,215.65,40.13,18.61
Bangladesh,Europe,Medium,167925275,31.27,32,20.9,9022,32673,46.28,18.76,3.86,67.54,20.02,36.68,61,85.86,71.09,Tertiary,83384662,179822,33464,215.65,40.13,18.61
Italy,Africa,Low,48233929,38.41,29,82.01,4036,35498,43.16,24.3,11.42,78.44,39.46,14.74,68,91.27,54.77,Primary,23950950,51651,9612,215.65,40.13,18.61
Saudi Arabia,South America,High,52743268,56.53,28,62.47,8284,30973,8.64,26,5.61,70.55,18.53,83.62,61,62.2,58.75,Primary,26190099,56480,10510,215.65,40.13,18.61
Canada,Europe,Low,8099921,47.64,48,55.41,5153,11482,7.35,7.36,6.29,52.9,25.34,29.11,39,60.2,54.75,Tertiary,4022081,8673,1614,215.63,40.13,18.61
Argentina,Africa,High,190967092,56.04,34,56.08,1846,31751,14.99,30.17,3.3,75.28,23.92,49.69,52,86.31,57.79,Secondary,94826264,204497,38055,215.65,40.13,18.61
Turkey,Africa,Medium,135082425,62.43,29,42.34,7101,15791,21.11,32.89,14.88,53.36,36.44,61.87,47,76.26,86.72,Tertiary,67076277,144652,26919,215.65,40.13,18.61
South Korea,Oceania,Medium,102909976,28.6,49,67.58,317,2745,16.65,7.63,13.73,57.09,23.81,40.38,33,73.75,25.96,Tertiary,51100786,110201,20507,215.65,40.13,18.61
France,Africa,Medium,100417622,55.26,21,27.5,2302,24631,47.35,31.5,2.31,41.46,16.34,79.7,67,87.08,23.23,Tertiary,49863187,107532,20011,215.65,40.13,18.61
Egypt,Oceania,Medium,13559721,55.72,31,63.27,8230,30598,16.31,28.47,7.9,66.55,36.47,15.4,58,91.86,23.37,Tertiary,6733189,14520,2702,215.65,40.13,18.61
Italy,North America,Low,101387488,56.93,49,80.19,3435,18510,49.42,36.61,5.11,35.16,42.98,48.89,51,66.59,37,Tertiary,50344782,108570,20204,215.65,40.13,18.61
Bangladesh,Oceania,High,23361507,81.9,27,60.18,7373,42346,43.5,36.72,7.65,42.98,10.75,24.46,51,53.8,82.1,Primary,11600346,25016,4655,215.65,40.13,18.61
Russia,Asia,High,100600033,73.68,32,37.57,2159,34654,28.36,17.79,13.16,66.11,11.63,19.78,58,69.85,82.52,Tertiary,49953765,107727,20047,215.65,40.13,18.61
Pakistan,Asia,Low,20313288,79.2,42,50.35,1668,26514,35.19,8.72,5.67,38.91,33.62,81.26,30,85.38,73.36,Primary,10086728,21752,4047,215.65,40.12,18.61
Argentina,South America,Medium,68147562,40.35,25,50.19,681,18414,19.57,9.07,2.74,66.28,20.59,51.58,36,92.93,80.64,Secondary,33839226,72975,13580,215.65,40.13,18.61
Germany,Oceania,Medium,151849551,81.08,42,85.69,6197,16197,24.91,5.14,10.3,69.89,49.13,26.64,32,66.5,69.75,Tertiary,75402130,162608,30260,215.65,40.13,18.61
France,South America,Low,32563367,46.21,38,58.88,9949,10671,7.21,25.88,5.41,68.64,32.02,70.34,64,68.09,52.61,Primary,16169604,34870,6489,215.65,40.13,18.61
Vietnam,Africa,Low,181234149,50.07,23,87.22,8866,44436,11.33,31.41,13.23,78.8,15.59,74.35,32,57.71,68.93,Primary,89993292,194074,36116,215.65,40.13,18.61
Spain,Africa,Medium,120464672,75.97,33,55.11,1397,15050,14.98,22.11,12.71,43.92,31.56,77.92,54,55.78,22.21,Tertiary,59817713,128999,24006,215.65,40.13,18.61
Vietnam,North America,High,44240463,49.8,42,55.28,6745,37624,23.57,5.52,2.9,34.81,12.93,78.19,39,83.58,89.63,Secondary,21967962,47374,8816,215.65,40.13,18.61
Canada,South America,Medium,121455438,81.43,23,64.91,5097,45528,39.92,6.82,5.71,26.77,23.44,53.41,64,59.5,26.22,Tertiary,60309686,130060,24203,215.65,40.13,18.61
Saudi Arabia,South America,Low,184175493,81.74,37,70.34,3716,5503,21.24,29.17,4.77,57.86,36.24,82.39,57,91.28,26.48,Secondary,91453840,197224,36702,215.65,40.13,18.61
Japan,Oceania,High,117005803,49.99,44,41.08,8046,44467,26.22,34.27,11.93,37.02,23.13,25.79,45,97.73,48.46,Tertiary,58100184,125295,23316,215.65,40.13,18.61
Mexico,Asia,High,172786804,88.45,27,26.11,5947,17518,41.31,36.84,8.36,48.06,17.21,18.68,37,82.29,72.66,Tertiary,85798694,185028,34432,215.65,40.13,18.61
Saudi Arabia,Europe,High,83578663,42.6,49,51.57,3901,24676,35.6,31.52,1.6,28.87,31.55,83.16,42,80.8,66.11,Primary,41501665,89500,16655,215.65,40.13,18.61
South Africa,North America,Low,92488475,68.23,22,31.05,4084,9199,13.51,36.54,10.91,26.33,20.83,60.42,62,55.76,35.6,Tertiary,45925905,99041,18431,215.65,40.13,18.61
Argentina,Oceania,High,130642300,32.45,30,69.15,7578,31147,35.23,19.48,11.65,41.91,38.85,31.39,47,95.4,20.28,Tertiary,64871497,139898,26034,215.65,40.13,18.61
United Kingdom,North America,High,198262207,22.36,30,22.18,1406,35280,30.03,25.48,12.95,72.38,37.75,21.35,56,50.69,85.24,Tertiary,98448712,212309,39509,215.65,40.13,18.61
Italy,Europe,High,170597105,81.21,29,88.07,2570,46162,36.87,21.84,7.39,35.13,31.98,21.78,60,68.55,21.07,Primary,84711381,182683,33996,215.65,40.13,18.61
Bangladesh,North America,High,46889725,81.74,41,77.87,7326,4699,40.84,5.45,13.26,62.96,10.91,21.45,55,86.74,57.89,Secondary,23283474,50211,9344,215.65,40.13,18.61
Egypt,Africa,Low,58811095,61.71,45,42.42,3468,42480,30.86,28.34,11.62,65.94,28.16,67.84,47,60.48,29.95,Tertiary,29203128,62977,11719,215.65,40.13,18.61
Pakistan,Europe,Medium,186554422,54.75,24,58.87,315,38296,10.09,28.63,5.34,41.88,29.64,14.72,48,98.27,77.73,Secondary,92635117,199771,37176,215.65,40.13,18.61
United Kingdom,Asia,High,45346114,60.68,34,82.46,3801,29085,35.95,19.01,11.45,72.76,43.44,20,61,87.72,51.65,Primary,22516982,48558,9036,215.65,40.13,18.61
Indonesia,Europe,High,184923787,89.62,29,59.22,6762,29442,45.27,11.02,11.88,20.39,21.71,67.48,68,62.38,33.7,Secondary,91825411,198025,36851,215.65,40.13,18.61
Saudi Arabia,Asia,Medium,6688151,37.59,29,86.93,385,35279,12.9,20.04,4.51,36.46,23.74,32.35,66,52.26,75.01,Tertiary,3321055,7162,1332,215.65,40.11,18.6
Egypt,Africa,High,14153742,60.41,49,64.81,1235,47394,12.26,17.25,2.67,64.02,45.34,47.76,69,71.64,81.79,Secondary,7028155,15156,2820,215.65,40.12,18.61
United Kingdom,Asia,Low,178119684,81,26,53.14,1244,40444,8.46,36.56,6.02,56.84,31.92,14.67,62,59.27,52,Secondary,88446779,190739,35495,215.65,40.13,18.61
Japan,Europe,Low,164766499,21.12,39,38.86,299,20409,41.99,33.94,1.5,56.43,44.63,57.32,45,72.39,62.98,Primary,81816146,176440,32834,215.65,40.13,18.61
South Korea,Europe,High,37549481,17.31,48,35.47,4663,4050,8.44,9.73,9.92,78.05,34.71,33.73,66,63.33,50.32,Primary,18645500,40209,7482,215.65,40.13,18.61
Argentina,South America,High,83020183,17.68,48,84.39,3396,12534,43.13,32.04,12.99,23.04,21.53,46.82,41,57.72,35.28,Primary,41224347,88902,16544,215.65,40.13,18.61
France,Asia,Medium,82701466,61.64,45,26.88,5231,12100,9.9,35.08,6.94,56.37,46.49,56.63,58,54.01,23.15,Tertiary,41066086,88560,16480,215.65,40.13,18.61
Spain,South America,Low,143972980,79.7,33,68.33,708,21628,30.47,21.76,8.43,46.97,18.63,25.47,37,86.74,76.91,Secondary,71490955,154173,28690,215.65,40.13,18.61
Bangladesh,South America,High,116649179,39.02,20,56.33,1869,48516,29.67,36.92,12.04,32,41.72,57.81,48,58.4,77.49,Primary,57923099,124913,23245,215.65,40.13,18.61
Spain,Asia,Low,69146289,54.18,45,26.51,5376,21087,40.32,12.36,14.71,51.43,21.76,31.78,56,73.18,58.14,Tertiary,34335152,74045,13779,215.65,40.13,18.61
Nigeria,Europe,High,125592850,77.93,37,50.17,8304,2237,23.75,10.88,0.83,21.85,37.01,77.56,56,69.8,48.57,Primary,62364152,134491,25028,215.65,40.13,18.61
United Kingdom,Asia,High,130976449,83.09,44,83.23,8965,10756,10.67,11.61,10.1,27.92,26.67,70.12,47,73.75,88.8,Tertiary,65037422,140256,26101,215.65,40.13,18.61
United States,Europe,Low,58635592,78.93,48,77.78,428,21389,35.94,29.8,5.98,38.7,11.29,79.7,68,71.15,60.17,Primary,29115980,62789,11684,215.65,40.13,18.61
Spain,Africa,Medium,135842712,69.79,29,82.85,9867,13244,30.43,30.7,13.94,75.93,10.09,65.91,58,78.91,50.41,Tertiary,67453804,145467,27070,215.65,40.13,18.61
South Africa,Oceania,Medium,46422182,49.71,37,68.22,2022,36327,38.47,16.13,5.54,29.1,28.8,19.17,53,84.09,58.18,Primary,23051312,49711,9250,215.65,40.13,18.61
United Kingdom,Europe,Low,68919463,83.99,26,48.92,8607,43978,5.07,35.42,8.33,44.73,42.05,70.15,51,68.58,61.39,Primary,34222520,73802,13734,215.65,40.13,18.61
Italy,Africa,High,45905766,17.49,35,58.5,3306,6506,42.64,29.02,14.1,61.48,12.33,53.29,39,60.54,89.09,Secondary,22794881,49158,9148,215.65,40.13,18.61
Indonesia,Europe,Low,160603316,61.65,35,32.6,8144,47073,25.33,31.45,8.81,56.21,28.86,30.89,58,97.1,41.65,Secondary,79748884,171982,32005,215.65,40.13,18.61
Turkey,Europe,Medium,119157465,45.82,35,59.92,6546,22658,25.58,28.96,2.81,25.46,36.63,50.25,34,58.65,80.6,Primary,59168609,127599,23745,215.65,40.13,18.61
United States,Oceania,Low,77092755,47.98,25,65.48,3998,25080,30.84,14.18,3.89,44.39,14.76,41.58,69,81,34.89,Tertiary,38281035,82554,15362,215.65,40.13,18.61
Canada,Oceania,Medium,51285427,24.45,46,77.91,302,39020,27.16,37.92,6.93,43.02,26.92,58.86,56,98.62,27.61,Tertiary,25466196,54918,10219,215.65,40.13,18.61
Mexico,North America,Low,146834913,32.56,47,78.73,2832,21220,47.26,30.08,10.98,76.7,16.42,71.01,34,95.13,70.63,Primary,72912071,157238,29261,215.65,40.13,18.61
China,North America,Low,85316053,49.54,28,55.95,2075,26223,11.5,12.21,5,33.04,22.77,87.12,32,52.01,85.81,Tertiary,42364380,91360,17001,215.65,40.13,18.61
United States,South America,Medium,194442221,73.64,34,82.69,9765,8145,11.51,5.67,12.27,42.67,25.1,43.54,30,57.66,46.1,Primary,96551867,208218,38748,215.65,40.13,18.61
Russia,North America,High,91398463,58.56,44,21.05,6942,28061,14.61,27.59,5.1,74.29,13.28,45.74,50,85.35,45.41,Secondary,45384650,97874,18213,215.65,40.13,18.61
Australia,North America,Low,77829210,66.85,33,23.41,6652,30842,18.78,12.47,3.63,55.37,45.79,14.33,61,80.07,52.52,Secondary,38646727,83343,15509,215.65,40.13,18.61
France,Africa,Medium,22093786,83.13,33,70.33,3440,48727,41.36,7.78,5.53,58.4,15.14,63.59,33,58.76,42.15,Tertiary,10970849,23659,4402,215.65,40.12,18.61
Bangladesh,Oceania,High,78286277,34.76,32,67.39,3325,42731,35.97,39.32,2.84,30.82,32.16,35.37,38,75.04,44.13,Secondary,38873688,83832,15600,215.65,40.13,18.61
Bangladesh,Oceania,High,199912491,59.54,26,51.35,9246,40515,9.92,39.07,12.24,25.07,32.63,72.32,55,92.3,24.44,Secondary,99268174,214076,39838,215.65,40.13,18.61
Canada,North America,Low,147858184,14.78,36,50,5974,13777,25.43,7.25,0.47,64.54,37.07,25.23,39,81.22,42.04,Primary,73420185,158333,29465,215.65,40.13,18.61
United Kingdom,Oceania,High,32072356,41.67,43,80.4,2236,18089,8.1,12.7,14.88,70.79,37.92,34.49,69,52.03,33.09,Tertiary,15925789,34344,6391,215.65,40.13,18.61
Saudi Arabia,Europe,Medium,22873951,60.69,45,55.02,8926,26830,40.94,22.48,6.37,42.15,27.53,63.16,41,71.34,53.58,Secondary,11358246,24494,4558,215.65,40.13,18.61
Turkey,Oceania,Low,123224081,63.5,28,58.78,1085,28415,14.61,12.46,3.12,61.63,38.26,64.74,47,76.75,69.95,Primary,61187920,131954,24556,215.65,40.13,18.61
Italy,Asia,Medium,83948172,82.77,33,83.47,5946,41742,24.21,37.36,14.03,71.88,40.79,18.08,46,96.56,41.09,Primary,41685148,89895,16729,215.65,40.13,18.61
Brazil,North America,Medium,75563127,17.76,36,50.71,6314,45467,6.45,6.21,1.77,27.45,27.6,83.14,39,76.18,68.49,Secondary,37521485,80916,15058,215.65,40.13,18.61
Pakistan,North America,High,105186411,76.57,39,56.64,5647,22645,22.05,16.68,12.85,79.75,25.23,60.33,33,59.82,63.54,Tertiary,52231168,112638,20961,215.65,40.13,18.61
Vietnam,Europe,High,5530256,74.16,28,22.85,7464,37245,21.5,21.57,0.13,25.01,36.8,88.76,52,95.75,44.59,Tertiary,2746093,5922,1102,215.65,40.13,18.61
Mexico,Africa,Low,52208222,49.7,41,48.42,119,14265,46.35,39.39,3.35,34.79,36.95,61.72,39,90.52,35.23,Tertiary,25924417,55907,10404,215.65,40.13,18.61
Spain,Europe,Medium,34475302,44.65,34,71.58,8353,7629,7.39,15.36,7.52,51.9,15.91,49.87,69,67.11,65.47,Secondary,17118991,36917,6870,215.65,40.13,18.61
India,Asia,High,56644151,67.43,20,44.66,1627,16548,18.73,31.67,9.17,42.2,47.71,18.33,67,88.77,25.32,Secondary,28127114,60657,11287,215.65,40.13,18.61
Argentina,Europe,Low,185305580,31.02,44,21.47,811,31742,26.51,38.64,2.02,51,39.37,57.51,33,53.34,43.63,Tertiary,92014994,198434,36927,215.65,40.13,18.61
Mexico,South America,High,52561255,81.17,27,41.68,6298,13046,16.06,14.53,3.66,21.37,34.46,60.55,60,91.18,67.08,Secondary,26099719,56285,10474,215.65,40.13,18.61
South Africa,Africa,Medium,159453367,51.36,32,33.88,7639,7312,36.4,17.53,7.53,50.4,43.86,85.95,43,81.33,85.98,Tertiary,79177867,170750,31775,215.65,40.13,18.61
Canada,North America,Low,33746921,60.46,33,52.96,5174,44879,31.24,27.12,13.51,23.24,32.42,65.14,55,76.12,26.7,Tertiary,16757308,36137,6724,215.65,40.13,18.61
China,Africa,Medium,155770029,49.8,22,32.36,6758,27505,10.66,17.08,2.08,60.16,44.67,49.82,51,94.77,38.47,Tertiary,77348876,166806,31041,215.65,40.13,18.61
Bangladesh,Oceania,Low,73738556,58.17,24,53.28,7254,43850,31.76,8.19,12.25,51.43,14.64,34.74,68,58.22,41.56,Secondary,36615480,78962,14694,215.65,40.13,18.61
United States,Africa,Medium,122378766,80.15,30,45.95,2208,14041,13.06,35.24,8.51,67.26,36.07,18.85,38,69.17,42.8,Primary,60768172,131049,24387,215.65,40.13,18.61
South Africa,Oceania,Low,61740918,18.33,36,89.8,9893,40764,45.55,16.23,9.55,53.45,16.78,29.19,42,61.37,27.53,Tertiary,30657955,66115,12303,215.65,40.13,18.61
China,Asia,Low,54456766,15.13,46,64.15,5890,28834,10.29,7.72,6.13,71.54,21.48,13.69,69,83.54,39.44,Primary,27040950,58315,10852,215.65,40.13,18.61
Bangladesh,North America,High,75618521,56.51,35,50.78,4939,5820,15.51,30.27,9.48,64.2,15.47,39.82,68,67.77,45.65,Secondary,37548992,80976,15069,215.65,40.13,18.61
Mexico,Africa,Medium,6136307,79.11,49,69.47,4948,46389,13.2,27.42,2.4,49.91,16.02,39.15,58,95.6,83.31,Secondary,3047033,6571,1222,215.65,40.1,18.6
Mexico,Europe,Medium,104579717,84.63,31,45.98,1734,41857,33.51,36.74,9.08,60.97,31.68,21.93,32,65.73,68.83,Secondary,51929909,111989,20840,215.65,40.13,18.61
Spain,Africa,Low,65058443,61.21,20,80.07,2404,47401,29.05,23.52,2.55,67.86,47.13,33.53,50,85.65,76.35,Secondary,32305299,69667,12964,215.65,40.13,18.61
United States,Oceania,High,11646971,77.97,21,82.35,7262,8707,45.7,31.93,7.41,38.69,45.99,32.03,48,80.98,72.03,Primary,5783398,12472,2320,215.65,40.11,18.6
United Kingdom,Europe,Medium,167201769,49.16,33,74.77,8087,40282,19.42,15.28,11.26,60.28,33.88,21.02,65,61.06,50.98,Tertiary,83025399,179047,33319,215.65,40.13,18.61
Indonesia,Europe,Medium,28365024,31.64,43,52.06,5738,19073,35.42,23.43,8.74,29.97,41.36,24.71,54,70.17,88.2,Tertiary,14084883,30374,5652,215.65,40.13,18.61
Nigeria,South America,High,33848301,41.76,35,34.6,8661,10790,26.37,32.62,10.31,51.89,10.64,19.22,47,84.98,34.88,Secondary,16807649,36246,6745,215.65,40.13,18.61
Italy,Europe,Low,54022105,60.31,49,63.14,4245,48114,25.08,25.53,14.18,66.53,41.63,38.72,48,51.92,43.49,Secondary,26825116,57849,10765,215.65,40.13,18.61
Egypt,Oceania,Medium,118924961,29.05,33,63.14,360,40790,36.33,23.38,10.32,46.67,29.47,17.46,40,59.74,88.36,Primary,59053157,127350,23699,215.65,40.13,18.61
Canada,Europe,Low,114595348,58.1,45,60.05,5689,22064,24.49,28.59,8.36,77.38,16.06,48.83,46,53.62,49.61,Secondary,56903252,122714,22836,215.65,40.13,18.61
Vietnam,North America,High,195258684,73.67,37,61.38,114,43725,21.45,14.91,11.4,25.1,35.45,75.07,59,52.56,38.64,Primary,96957289,209092,38911,215.65,40.13,18.61
Argentina,Oceania,High,42758798,45.68,21,39.76,135,41076,45.06,15.28,5.03,24.08,23.88,31.21,44,58.79,73.12,Tertiary,21232229,45788,8520,215.65,40.13,18.61
Turkey,South America,High,148261516,68.88,26,29.7,7833,37529,32.47,25.82,12.78,42.79,38.58,83.85,66,98.23,43.07,Primary,73620462,158765,29545,215.65,40.13,18.61
Canada,North America,Medium,117673763,33.89,37,58.8,1756,8683,11.67,19.93,12.04,72.98,24.06,32.3,63,69.04,31.22,Primary,58431865,126010,23449,215.65,40.13,18.61
Saudi Arabia,Europe,Medium,6601591,53.58,47,42.42,2879,6553,11.12,22.25,2.34,32.17,36.67,86.72,49,90.36,30.83,Tertiary,3278073,7069,1315,215.64,40.12,18.6
Vietnam,Africa,Low,118863514,70.14,40,53.31,3992,1410,18.66,18.03,12.15,67.46,26.1,30.16,45,50.38,86.53,Primary,59022645,127284,23686,215.65,40.13,18.61
South Africa,Europe,Low,38415729,21.52,39,89.51,6991,49806,29.08,17.71,10.31,76.88,25.19,72.49,54,68.58,61.04,Tertiary,19075642,41137,7655,215.65,40.13,18.61
Vietnam,Oceania,Low,8316894,89.01,38,61.02,3810,36075,11.18,6.69,10.29,49.54,32.02,57.48,64,70.37,24.42,Tertiary,4129821,8906,1657,215.65,40.12,18.61
United Kingdom,Asia,High,94598138,17.73,31,79.2,1185,2199,12.29,6.1,7.12,26.35,19.81,73.03,38,74.23,37.02,Secondary,46973475,101300,18851,215.65,40.13,18.61
Nigeria,Europe,Medium,37831935,71.22,34,56.87,1264,3843,29.57,11.51,2.25,52.11,35.24,82.02,48,91.63,69.05,Secondary,18785755,40512,7539,215.65,40.13,18.61
Russia,Oceania,Low,60239854,22.18,45,58.63,8877,37426,35.23,29.57,4.67,30.11,40.52,67.05,56,58.88,78.81,Primary,29912589,64507,12004,215.65,40.13,18.61
India,Europe,Medium,83875819,57.83,22,47.42,1184,45485,5.58,12.2,5.03,37.75,44.2,40.32,69,50.74,50.36,Secondary,41649220,89818,16714,215.65,40.13,18.61
Italy,North America,Medium,190064701,46.32,25,34.46,4691,8046,9.52,14.64,0.37,27.81,44.48,26.07,69,82.94,75.33,Tertiary,94378174,203530,37876,215.65,40.13,18.61
United States,Africa,Medium,176501793,22.18,29,53.24,8819,39340,20.31,38.57,11.97,58.75,23.14,77.77,58,60.17,38.61,Primary,87643402,189006,35173,215.65,40.13,18.61
Mexico,Asia,Medium,124759689,47.81,43,23.19,770,10336,34.82,35.33,7.56,51.15,47.05,69.44,50,76.44,73.14,Primary,61950439,133598,24861,215.65,40.13,18.61
Indonesia,Africa,Medium,160165117,57.75,38,32.92,5812,2275,45.76,29.82,1.33,47.47,35.31,39.16,37,62.59,39.61,Secondary,79531292,171512,31917,215.65,40.13,18.61
Turkey,Oceania,Medium,7650179,70.7,42,68.88,2283,17049,8.25,5.36,1.37,53.18,28.81,36.17,31,80.47,87.51,Secondary,3798758,8192,1524,215.65,40.12,18.6
Spain,North America,Low,81343883,89.38,26,38.82,5353,1208,38.25,29.76,4.02,53.38,36.3,82.53,50,84.53,39.89,Tertiary,40391967,87107,16210,215.65,40.13,18.61
Brazil,North America,Low,126611329,79.76,32,50.52,5644,43825,22.15,22.61,14.7,26.32,31.13,48.21,44,92.37,76.31,Primary,62869886,135581,25231,215.65,40.13,18.61
Spain,Oceania,Medium,113320424,25.52,49,49.44,2166,2913,25.15,8.55,1.74,61.63,40.46,40.74,40,74.41,61.81,Secondary,56270179,121349,22582,215.65,40.13,18.61
Russia,Africa,High,77615331,65.11,46,30.1,4055,30435,19.51,15.01,8.94,70.84,24.72,44.01,43,89.66,27.1,Tertiary,38540524,83114,15467,215.65,40.13,18.61
Vietnam,Africa,Low,27573675,49.28,42,75.34,9468,47125,42.92,35.68,4.74,65.58,30.37,49.73,47,65.98,32.04,Tertiary,13691932,29527,5494,215.65,40.13,18.61
Argentina,Oceania,High,185519682,32.55,22,38.51,1823,36385,46.93,29.14,12.98,42.21,10.27,18.62,44,93.19,83.81,Secondary,92121308,198663,36970,215.65,40.13,18.61
India,South America,Low,160523273,48.04,33,68,8122,9582,42.66,8.19,9.4,48,33.18,26.39,68,64.68,47.45,Primary,79709138,171896,31989,215.65,40.13,18.61
Egypt,Asia,High,43477690,73.96,49,87.67,4289,40260,8.82,6.23,4.85,73.83,10.66,64.34,60,97.49,83.2,Tertiary,21589200,46558,8664,215.65,40.13,18.61
Indonesia,South America,Low,65870736,31.53,26,61.11,7569,18139,34.66,25.69,2.01,77.81,29.79,78.69,61,75.03,53.04,Tertiary,32708650,70537,13126,215.65,40.13,18.61
Saudi Arabia,Africa,Low,168646449,46.7,47,77.66,123,36072,26.59,18.15,14.53,48.35,27.16,42.27,35,56.87,65.98,Primary,83742767,180594,33607,215.65,40.13,18.61
Japan,Oceania,Medium,43836981,54.27,31,37.35,885,36117,45.03,38.71,10.84,54.76,46.64,43.67,30,78.95,44.22,Tertiary,21767609,46942,8735,215.65,40.13,18.61
Saudi Arabia,Oceania,High,46249587,69.38,26,77.83,5217,9395,26.85,30.5,3.83,20.52,22.23,85.92,52,59.2,43.44,Primary,22965608,49526,9216,215.65,40.13,18.61
Italy,Oceania,Low,116541736,51.07,27,82.6,7077,49780,26.4,31.37,5.66,68.35,16.9,81.9,46,77.78,70.03,Tertiary,57869747,124798,23224,215.65,40.13,18.61
Vietnam,Asia,Low,1638967,65.27,42,57.38,5624,18886,47.41,9.97,0.36,22.27,20.58,52.46,46,85.6,84.28,Primary,813842,1755,326,215.64,40.06,18.58
Turkey,North America,Medium,197881223,80.25,43,43.17,3407,34141,7.75,9.37,7.23,36.71,17.11,27.47,31,52.98,35.55,Primary,98259532,211901,39433,215.65,40.13,18.61
Brazil,Asia,Low,16420185,47.26,34,49.98,6056,30211,19.15,39.58,3.27,51.69,49.61,85.17,37,67.68,83.93,Secondary,8153576,17583,3272,215.65,40.13,18.61
Canada,Europe,Medium,77512158,52.72,37,81.38,2385,24202,17.51,17.15,6.53,28.14,32.11,43.07,55,69.96,85.8,Secondary,38489293,83003,15446,215.65,40.13,18.61
Russia,Africa,Low,131908605,52.58,35,20.88,7733,44141,29.96,18.4,1.29,72.39,41.97,81.37,65,75.11,77.6,Primary,65500291,141254,26286,215.65,40.13,18.61
Russia,Europe,Medium,111478745,31.64,29,21.05,2021,23145,11.46,15.27,8.35,37.88,42.81,17.47,40,61.26,28.42,Secondary,55355678,119376,22215,215.65,40.13,18.61
Australia,Africa,Low,116096974,77.31,39,22.31,323,1631,23.75,10.62,3.79,25.86,10.95,59.1,63,74.17,22.53,Primary,57648897,124322,23135,215.65,40.13,18.61
Germany,North America,Low,25301684,85.12,21,62.22,8765,1891,5.14,34.34,11.01,57.47,30.04,78.96,42,76.58,76.78,Primary,12563757,27094,5042,215.65,40.13,18.61
United Kingdom,Asia,Medium,157476759,31.15,20,34.92,5133,17591,20.3,20.83,11.8,62.58,14.06,31.43,36,70.62,89.14,Primary,78196366,168633,31381,215.65,40.13,18.61
Turkey,Asia,High,1643187,37.86,47,78.3,2350,33708,15.58,37.94,12.4,59.22,45.44,57.52,62,62.26,73.48,Secondary,815937,1759,327,215.58,40.08,18.59
Indonesia,Oceania,High,93334729,75.46,47,59.72,6627,48331,41.49,39.31,6.48,41.23,19.12,44.58,43,73.65,84.8,Tertiary,46346119,99947,18599,215.65,40.13,18.61
Turkey,Asia,High,53918931,13.82,39,67.7,1076,12497,31.46,8.63,14.21,51.63,31.03,15.14,57,56.86,88.95,Tertiary,26773884,57739,10744,215.65,40.13,18.61
Australia,South America,High,36579670,10.73,42,29.01,5744,25070,40.74,10.03,7.85,70.39,49.47,39.06,46,66.13,27.69,Secondary,18163932,39171,7289,215.65,40.13,18.61
Mexico,North America,Low,94233118,15.63,23,41.3,4028,46010,43.41,6.06,7.81,77.96,11.36,55.13,54,70.41,33.09,Tertiary,46792221,100909,18778,215.65,40.13,18.61
China,Asia,Low,7964540,65.64,40,80.87,6396,15349,29.86,23.73,9.8,77.5,48.12,56.51,51,89.99,34.87,Primary,3954857,8528,1587,215.63,40.13,18.61
Vietnam,Africa,High,7957876,10.84,32,64.82,9169,13459,12.23,13.31,1.63,53.15,24.97,77.11,48,69,21.63,Tertiary,3951548,8521,1585,215.64,40.11,18.6
United Kingdom,Africa,Low,100415851,83.52,48,44.79,7840,25645,16.19,34.95,14.18,44.05,13.08,36.12,30,50.35,27.48,Primary,49862308,107530,20010,215.65,40.13,18.61
Nigeria,South America,High,148873700,61.02,29,78.43,4880,10948,32.27,5.41,5.91,74.85,26.01,34.6,41,81.54,22.79,Tertiary,73924447,159421,29667,215.65,40.13,18.61
Brazil,North America,Low,70015907,49.61,34,63,1501,46915,13.09,35.12,11.8,58.67,31.68,39.47,57,94.07,65.11,Tertiary,34766968,74976,13952,215.65,40.13,18.61
France,Oceania,High,3069173,31.66,43,68.95,8595,41875,49.24,36.78,2.59,59.54,25.76,72.11,59,64.93,33.14,Secondary,1524022,3286,611,215.61,40.09,18.59
Nigeria,Oceania,Low,132235977,22.12,24,23.33,2142,35519,11.02,29.23,11.57,23.1,26.7,48.41,41,58.91,76.69,Secondary,65662850,141604,26351,215.65,40.13,18.61
Pakistan,Asia,High,74514693,45.44,35,47.23,1015,15541,31.12,19.76,12.95,46.34,41.49,20.12,51,76.53,50.54,Tertiary,37000877,79794,14849,215.65,40.13,18.61
Egypt,South America,Medium,80548031,39.28,26,81.02,4149,15516,13.91,13.11,3.31,57.42,47.96,37.36,67,94.72,33.53,Primary,39996780,86254,16051,215.65,40.13,18.61
South Korea,Oceania,Medium,147308558,51.1,38,83.97,4567,45354,41.78,5.94,8.1,58.61,23.61,17.91,57,65.9,34.65,Primary,73147263,157745,29355,215.65,40.13,18.61
Mexico,Oceania,High,83275372,72.66,41,69.9,2445,24731,16.38,17.26,6.4,42.05,26.92,61.99,51,57.82,33.72,Tertiary,41351063,89175,16595,215.65,40.13,18.61
Indonesia,Asia,High,138070196,34.03,46,58.81,198,7613,7.76,22.4,10.27,51.21,35.88,70.36,50,62.77,56.55,Primary,68559879,147852,27514,215.65,40.13,18.61
South Africa,Oceania,Low,118710141,50.62,46,80.72,1199,13045,22.97,37.2,12.84,32.79,18.75,61.24,56,96.36,76.97,Secondary,58946486,127120,23656,215.65,40.13,18.61
Australia,Europe,High,135846174,56.88,42,62.2,979,29310,36.66,19.58,13.17,32.15,35.8,27.26,48,90.64,34.57,Secondary,67455523,145470,27071,215.65,40.13,18.61
China,South America,Medium,79240362,48.03,36,86.87,3527,42823,42.73,15.9,12.61,37.77,18.65,37.89,36,54.4,87.88,Primary,39347446,84854,15790,215.65,40.13,18.61
Vietnam,North America,Low,183655015,47.07,46,53.22,6681,19326,37.01,19.92,9.32,23.07,35.15,30.48,36,89.38,50.36,Tertiary,91195392,196666,36598,215.65,40.13,18.61
Japan,South America,High,197460315,44.77,29,84.18,8435,49806,10.56,12.12,14.25,65.05,33.11,67.21,40,70.2,70.4,Secondary,98050526,211450,39349,215.65,40.13,18.61
Italy,Africa,High,186701617,71.36,38,88.64,9998,5004,30.32,12.82,7.52,65.86,10.03,51.11,43,85.58,50.88,Primary,92708207,199929,37205,215.65,40.13,18.61
United States,South America,Low,94149854,84.41,41,40.94,6396,10862,14.91,11.71,12.39,76.77,28.52,29.42,68,69.82,78.11,Primary,46750876,100820,18762,215.65,40.13,18.61
Turkey,Oceania,High,37659915,85.43,47,40.39,9640,13250,41.59,13.56,6.86,25.18,14.99,13.13,38,63.16,32.41,Primary,18700337,40328,7504,215.65,40.13,18.61
Germany,Africa,Medium,71679150,33.75,45,78.5,1011,38185,23.32,6.3,2.15,47.92,29.27,37.11,45,51.83,27.73,Primary,35592865,76757,14284,215.65,40.13,18.61
Russia,Oceania,Medium,196190047,17.94,26,67.21,4323,18572,35.03,34.03,9.06,47.03,14.67,39.02,56,63.16,45.47,Secondary,97419765,210090,39096,215.65,40.13,18.61
Russia,Europe,Low,184463255,20.07,20,79.24,9577,46411,18.55,25.94,8.15,50.64,37.08,64.28,68,84.48,26.06,Tertiary,91596731,197532,36759,215.65,40.13,18.61
Pakistan,Asia,High,123244520,13.33,49,59.96,3752,45765,28.36,35.62,0.87,37.84,29.94,58.05,38,82.15,28.77,Secondary,61198069,131976,24560,215.65,40.13,18.61
Saudi Arabia,Europe,High,135082212,48.07,39,32.42,3170,20929,42.22,14.61,1.68,70.73,20.81,11.07,51,81.15,51.14,Primary,67076172,144652,26919,215.65,40.13,18.61
Bangladesh,South America,Medium,149023529,70.17,27,37.63,5474,27431,41.49,22.07,3.35,62.65,48.32,66.61,45,52.04,47.53,Secondary,73998846,159581,29697,215.65,40.13,18.61
Italy,Oceania,Medium,23492059,39.69,26,50.25,2265,49388,42.38,30.24,4.04,61.6,42.12,30.37,47,93.92,68.35,Primary,11665173,25156,4681,215.65,40.13,18.61
Japan,Europe,High,40233182,65.96,20,72.06,9599,2964,35.66,36.67,13.84,23.18,37.83,59.52,52,75.66,20.51,Tertiary,19978114,43083,8017,215.65,40.13,18.61
United States,Asia,High,112494291,87.47,27,69.6,7327,2223,15.7,33.85,7.76,41.03,49.16,10.3,46,66.8,80.89,Primary,55859956,120464,22417,215.65,40.13,18.61
Nigeria,North America,Low,95539539,77.13,37,24.34,6339,18251,13.97,17.99,4.72,48.84,44.79,37.84,59,83.82,40.25,Primary,47440935,102308,19039,215.65,40.13,18.61
Italy,Oceania,Medium,94506014,13.46,30,68.91,3906,7086,19.58,23.69,5.02,57.9,16.25,27.06,59,73.41,28.58,Secondary,46927730,101201,18833,215.65,40.13,18.61
South Africa,Africa,High,185095561,16.46,21,73.76,9409,42604,24.48,33.03,0.38,73.75,33.94,76.69,61,51.01,20.85,Tertiary,91910707,198209,36885,215.65,40.13,18.61
United States,Europe,Medium,38746187,36.28,43,75.77,7559,21607,28.6,28.19,13.95,61.6,27.66,83.28,64,98.94,46.43,Tertiary,19239734,41491,7721,215.65,40.13,18.61
Spain,Europe,High,118272168,30.9,40,23.55,5221,36868,11.21,36.15,0.85,28.25,46.17,88.93,42,54.88,30.85,Primary,58729007,126651,23569,215.65,40.13,18.61
Spain,Asia,Low,7043903,76.96,27,44.41,5179,49221,13.46,13.3,1.09,35.85,20.96,10.29,37,60.58,86.41,Tertiary,3497707,7542,1403,215.63,40.11,18.6
Italy,Europe,Medium,44377627,55.51,32,65.96,9957,20924,23.34,26.91,13.26,67.26,10.63,36.5,36,52.04,82.98,Secondary,22036071,47521,8843,215.65,40.13,18.61
Turkey,Europe,High,62944840,62.53,48,23.37,1470,11703,46.38,37.31,9.23,74.05,35.92,35.45,56,92.05,58.59,Tertiary,31255772,67404,12543,215.65,40.13,18.61
United States,Asia,Low,191227117,63.26,31,88.88,2193,11526,42.8,11.48,4.51,50.48,39.97,58.21,33,59.35,21.34,Tertiary,94955381,204775,38107,215.65,40.13,18.61
United States,Europe,Medium,73130443,70.02,23,61.61,2566,22351,46.02,13.61,11.34,31.22,45.54,51.6,58,86.48,43.75,Tertiary,36313516,78311,14573,215.65,40.13,18.61
Germany,Europe,Low,146769633,62.04,29,78.29,8894,32345,49.94,28.51,6.61,37.26,30.06,42.66,30,60.17,43.95,Primary,72879656,157168,29248,215.65,40.13,18.61
Mexico,North America,Low,133225917,76.6,39,58.77,7504,8533,41.44,27.36,10.38,34.64,24.36,60.62,57,56.76,49.92,Tertiary,66154413,142664,26549,215.65,40.13,18.61
Turkey,North America,Low,115626106,34.25,42,48.15,6058,42170,31.78,31.02,9.63,79.87,46.7,29.85,64,86.63,53.47,Primary,57415084,123818,23041,215.65,40.13,18.61
Saudi Arabia,North America,High,86977207,50.61,47,30.02,2830,21354,41.88,38.45,10.49,76.29,23.89,39.37,45,70.86,25.38,Tertiary,43189240,93139,17332,215.65,40.13,18.61
Vietnam,North America,Medium,107822547,34.56,29,58.85,9629,22366,8.07,8.49,8.7,28.5,44.53,34.23,47,85.69,23.03,Tertiary,53540163,115461,21486,215.65,40.13,18.61
Japan,North America,Low,6903933,46.2,34,33.96,1768,38519,28.17,14.59,13.61,59.56,47.53,87.93,41,81.14,86.56,Primary,3428204,7393,1375,215.65,40.11,18.6
Brazil,Asia,High,169284355,66.34,22,86.44,6703,26639,14.96,7.89,5.46,70.34,28.41,71.02,60,52.02,24.45,Tertiary,84059524,181278,33735,215.65,40.13,18.61
Indonesia,Africa,High,58292718,20.55,40,41.31,9133,46839,27.56,29.3,7.6,63.95,13.71,48.98,37,79.04,44.1,Tertiary,28945723,62422,11616,215.65,40.13,18.61
Russia,North America,Low,57069668,40.2,49,89.57,4487,44628,44.23,30.26,5.61,46.82,40.13,12.22,32,93.13,42.48,Primary,28338408,61113,11372,215.65,40.13,18.61
China,Oceania,Medium,40219471,51.51,45,80.93,6972,31672,41.37,39.06,7.11,39.34,36.68,51.83,42,60.02,42.99,Primary,19971305,43069,8014,215.65,40.13,18.61
Australia,Africa,Medium,67742176,21.13,46,22.19,8230,44243,32.11,34.39,1.29,59.87,31.41,84.8,37,79.14,35.92,Primary,33637928,72541,13499,215.65,40.13,18.61
Japan,Oceania,Medium,84717028,59.46,38,71.17,1931,46207,30.46,26.89,8.11,23.59,23.06,65.33,36,93.3,48.94,Tertiary,42066929,90719,16882,215.65,40.13,18.61
Turkey,Oceania,Low,40322123,51.65,38,83.63,9895,24603,40.01,11.48,11.4,64.19,14.43,41.92,64,83.64,81.08,Tertiary,20022278,43178,8035,215.65,40.13,18.61
United States,Africa,Low,151765351,63.08,35,20.44,9070,3069,47.31,17.89,13.45,39.24,39.67,24.85,50,70.1,75.08,Primary,75360320,162517,30243,215.65,40.13,18.61
Japan,South America,Medium,115833894,84.15,39,38.65,1237,12008,26.34,31.49,1.73,35.33,45.34,83.09,63,88.48,75.88,Secondary,57518263,124040,23083,215.65,40.13,18.61
United States,North America,High,15484259,45.81,38,76.79,8786,3341,17.71,18.68,12.34,75.75,45.27,50.98,64,94.4,45.18,Tertiary,7688834,16581,3085,215.65,40.12,18.61
Vietnam,South America,High,53491249,45.21,46,87.78,4043,23776,15.44,12.98,0.21,27.76,28.84,45.9,60,76.33,89.48,Secondary,26561515,57281,10659,215.65,40.13,18.61
China,South America,Low,184143136,24.04,40,36.09,6452,4348,28.45,14.66,11.28,49.04,27.53,10.91,60,64.66,45.29,Tertiary,91437773,197189,36695,215.65,40.13,18.61
Canada,Asia,High,2195912,81.2,35,86.18,160,8826,21.59,18.36,12.25,51.02,23.21,51.06,34,87.09,43.92,Primary,1090397,2351,437,215.61,40.08,18.59
South Africa,North America,High,98791059,53.86,34,42.39,782,19867,39.48,23.84,14.5,56.49,46.94,68.26,44,56.94,70.15,Tertiary,49055504,105790,19687,215.65,40.13,18.61
Japan,Europe,Medium,122191112,61.95,48,34.27,5650,13327,40.93,35.55,5.33,70.1,13.56,47.35,47,56.8,32.6,Secondary,60674991,130848,24350,215.65,40.13,18.61
Saudi Arabia,Europe,Medium,116123520,81.71,48,30.46,3060,45553,29.72,10.33,8.38,31.66,40.85,71.74,62,54.61,60.64,Primary,57662079,124350,23140,215.65,40.13,18.61
France,Asia,High,157076237,36.32,29,82.16,9935,47769,45.72,13.48,13.45,60.45,38.4,27.92,48,88.26,69.1,Tertiary,77997484,168205,31302,215.65,40.13,18.61
Vietnam,South America,High,80271095,58.05,20,43.83,2187,38527,10.69,33.03,7.24,60.52,13.64,75.75,48,84.45,49.09,Primary,39859265,85958,15996,215.65,40.13,18.61
Russia,South America,Medium,86787121,64.95,46,87.88,5326,1349,28.31,28.55,0.38,72.95,10.45,76.87,34,85.04,87.66,Primary,43094851,92935,17294,215.65,40.13,18.61
Australia,North America,Medium,110415187,24.76,49,47.33,3370,18314,26.37,25.28,11.08,21.05,15.01,71.56,36,65.1,49.62,Primary,54827560,118238,22003,215.65,40.13,18.61
China,Europe,Low,77445762,10.46,43,42.77,2326,4085,6.14,18.66,1.86,75.34,43.94,42.1,58,98.42,21.43,Secondary,38456323,82932,15433,215.65,40.13,18.61
Turkey,Europe,Low,196526434,13.6,38,61.33,5928,32511,12.18,20.88,0.68,49.3,47.75,16.05,63,58.9,84.91,Primary,97586800,210450,39163,215.65,40.13,18.61
Saudi Arabia,Asia,Medium,85164272,38.03,44,31.49,5631,46403,7.95,26.45,7.37,59.86,39.89,46.32,45,65.66,41.45,Secondary,42289012,91198,16971,215.65,40.13,18.61
Germany,South America,High,176044153,41.47,34,37.79,7741,14668,17.95,13.68,9.8,66.46,34.83,40.7,64,62.63,82.27,Tertiary,87416157,188516,35081,215.65,40.13,18.61
France,Africa,High,47191273,68.99,42,61.67,2020,15161,44.47,10.03,2.68,42.98,31.69,53.93,49,77.41,28.85,Primary,23433210,50534,9404,215.65,40.13,18.61
Russia,Asia,High,192581214,68.4,35,83.95,4973,10725,17.35,21.52,3.19,49.83,30.85,78.92,56,85.19,39.08,Primary,95627769,206225,38377,215.65,40.13,18.61
Argentina,Africa,High,3502303,40.59,30,43.97,2029,21896,24.62,10.72,6.3,26.34,49.4,56.35,42,62.31,48.9,Secondary,1739097,3750,697,215.63,40.08,18.59
Spain,South America,High,53933246,59.34,46,66.4,1739,37929,7.81,14.03,7.43,20.22,22.09,50.61,61,74.82,74.06,Primary,26780992,57754,10747,215.65,40.13,18.61
Germany,Asia,High,124002103,33.98,34,72.22,4236,20016,45.12,34.99,6.64,27.14,46.26,18.91,67,66.16,52.84,Primary,61574253,132787,24711,215.65,40.13,18.61
Russia,North America,High,124468721,27.66,38,89.12,8163,49689,28.58,15.73,14.39,73.1,21.51,48.32,52,55.55,68.86,Secondary,61805956,133287,24804,215.65,40.13,18.61
Argentina,South America,Medium,199099390,54.72,43,61.24,918,18562,31.99,35.28,13.71,20.25,34.23,13.6,68,86.69,86.8,Tertiary,98864423,213205,39676,215.65,40.13,18.61
Mexico,Europe,High,1012275,40.12,25,51.59,8724,26911,28.31,6.18,12.28,39.09,37.99,89.51,39,72.98,72.04,Tertiary,502653,1083,201,215.46,39.99,18.56
Russia,North America,High,61648306,27.48,32,28.45,4488,38475,7.54,32.68,0.68,37.1,34.79,34.14,31,73.36,76.81,Tertiary,30611968,66016,12285,215.65,40.13,18.61
Mexico,Asia,Medium,160437259,35.4,28,66.14,7354,4045,38.31,23.45,4.83,52.83,21.76,50.66,53,61.99,64.54,Tertiary,79666427,171804,31971,215.65,40.13,18.61
Italy,Africa,Low,47415168,67.4,44,42.84,6348,15308,10.46,19.4,4.9,46.46,23.53,46.87,52,66.14,88.07,Secondary,23544387,50774,9448,215.65,40.13,18.61
Spain,North America,Medium,115646136,62.23,22,37.68,2716,31581,20.65,27.17,0.56,50.67,38.06,33.18,32,64.8,85.68,Tertiary,57425030,123839,23045,215.65,40.13,18.61
France,South America,Low,110860859,27.12,34,69.91,3418,41187,21.65,5.3,7.9,68.93,47.73,72.01,38,84.61,36.82,Primary,55048862,118715,22092,215.65,40.13,18.61
Mexico,Oceania,Low,81399297,58.7,40,52,1439,22401,5.22,20.85,0.7,67.17,30.43,38.48,46,97.68,20.3,Secondary,40419483,87166,16221,215.65,40.13,18.61
South Korea,Asia,Low,149356371,17.97,42,32.53,3176,23552,32.17,28.72,3.67,21.16,40.73,63.63,41,74.21,29.36,Primary,74164121,159938,29763,215.65,40.13,18.61
United States,Oceania,Medium,14094570,45.57,26,43.08,1413,7118,33.2,37.63,3.24,34.51,45.3,47.48,44,51.68,75.34,Tertiary,6998773,15093,2808,215.65,40.12,18.6
Turkey,North America,Low,180896276,39.6,42,87.18,1857,41936,46.59,19.94,11.65,25.31,26.16,19.94,51,88.4,59.95,Primary,89825518,193712,36048,215.65,40.13,18.61
France,Africa,Low,192714873,17.47,44,47.19,9569,48660,7.51,24.04,14.04,26.9,11.48,25.08,67,90.98,82.2,Tertiary,95694139,206368,38404,215.65,40.13,18.61
China,Europe,High,150757431,54.15,42,78.26,2233,46366,21.22,19.22,11.21,28.47,18.14,45.72,41,88.65,75.31,Primary,74859829,161438,30042,215.65,40.13,18.61
France,Africa,High,149901444,16.59,33,43.5,3186,37485,20.04,12.78,2.2,33.57,49.42,25.2,31,75.88,86.07,Tertiary,74434782,160521,29872,215.65,40.13,18.61
Mexico,Europe,Low,130070279,33.42,35,40.05,3149,35683,42.54,31.4,1.88,74.34,20.87,39.92,43,60.17,87.75,Tertiary,64587455,139285,25920,215.65,40.13,18.61
Mexico,Oceania,High,7801064,48.03,27,87.47,9414,35199,25.97,35.12,1.69,53.45,39.81,65.99,50,93.77,78.72,Secondary,3873681,8353,1554,215.63,40.12,18.6
India,Oceania,Medium,146733902,19.72,41,47.72,9408,31970,41.97,11.42,9.97,69.59,38.18,59.8,55,59.75,44.7,Primary,72861913,157129,29240,215.65,40.13,18.61
Germany,Africa,High,65295341,18.46,33,57.84,2086,2681,6,12.81,14.7,79.96,43.23,71.79,50,50.19,85.39,Secondary,32422933,69921,13011,215.65,40.13,18.61
Turkey,Asia,Low,2116878,10.77,32,77.59,8102,15987,32.3,23.69,11.72,77.55,41.19,41.52,51,82.53,48.03,Secondary,1051153,2266,421,215.57,40.05,18.58
South Korea,Asia,High,96370263,47.83,23,62.2,9222,24904,32.01,5.84,2.11,46.51,32.24,78.36,39,58.57,45.98,Primary,47853438,103198,19204,215.65,40.13,18.61
Argentina,Africa,Medium,48079539,56.55,42,79.35,5646,38840,11.12,32.07,12.85,43.11,27.87,37.86,35,94.47,76.67,Secondary,23874286,51485,9581,215.65,40.13,18.61
France,Europe,Low,35877921,64.27,42,84.79,4090,32977,35.38,16.79,10.26,52.88,16.92,30.27,57,88.89,51.44,Primary,17815473,38419,7149,215.65,40.13,18.61
India,Asia,High,103023148,84.15,20,58.84,2491,36448,17.43,36.65,0.48,41.96,15.2,23.68,46,82.4,49.92,Primary,51156982,110322,20530,215.65,40.13,18.61
Argentina,Africa,Low,157282805,30.43,46,54.46,9700,39774,31.27,18.88,3.88,22.43,25.66,27.72,44,75.88,84.07,Secondary,78100057,168426,31343,215.65,40.13,18.61
Japan,Asia,High,105813698,10.21,26,86.86,7112,12131,5.05,7.57,9.19,52.2,15.49,64.05,61,84.12,44.68,Secondary,52542653,113310,21086,215.65,40.13,18.61
Mexico,Oceania,High,47243567,89.01,22,41.02,2652,12705,19.98,14.98,0.49,32.12,20.16,51.14,69,69.21,52.06,Secondary,23459177,50590,9414,215.65,40.13,18.61
Australia,Asia,Low,178216741,50.51,29,32.95,2412,10631,26.13,31.76,11.39,50.41,16.68,73.12,42,88.75,45.68,Secondary,88494973,190843,35515,215.65,40.13,18.61
Mexico,Europe,High,102319907,48.65,41,78.44,4731,48639,24.98,10.94,8.58,35.44,26.05,54.45,58,62.49,73.89,Secondary,50807782,109569,20390,215.65,40.13,18.61
Vietnam,North America,High,37288593,73.01,32,83.22,4054,48490,29.47,25.08,13.86,56.89,43.2,44.12,68,75.53,57.58,Primary,18515954,39930,7430,215.65,40.13,18.61
Egypt,South America,High,75176041,52.42,41,87.73,7369,4393,41.86,38.82,6.16,66.11,35.88,13.44,37,85.74,26.22,Tertiary,37329275,80502,14981,215.65,40.13,18.61
South Africa,Asia,High,127776405,68.24,21,73.88,7704,31759,18.39,31.51,10.68,51.32,14.53,75.3,58,71.42,87.18,Tertiary,63448414,136829,25463,215.65,40.13,18.61
Brazil,Asia,Medium,2958174,72.56,48,46.19,9327,19279,33.65,19.25,13.61,30.6,43.91,73.77,68,81.95,48.27,Secondary,1468905,3167,589,215.6,40.1,18.6
Germany,Asia,Low,69539748,65.82,45,33.92,5128,36402,31.53,28.74,13.3,61.19,45.91,42.77,53,59.63,24.31,Secondary,34530528,74466,13857,215.65,40.13,18.61
United Kingdom,Europe,Low,42095279,14.82,49,50.03,2060,15311,17.04,37.6,6.07,46.35,11.61,13.9,59,58.25,46.42,Tertiary,20902753,45077,8388,215.65,40.13,18.61
Russia,Europe,Medium,155288894,50.15,46,38.91,7947,6841,11.79,16.33,7.3,50.83,29.62,47.44,30,54.08,37.51,Secondary,77109964,166291,30945,215.65,40.13,18.61
Australia,Asia,Low,178240876,27.42,27,88.14,442,49973,10.98,34.17,2.5,49.89,30.97,13.19,37,56.67,32.67,Tertiary,88506958,190869,35519,215.65,40.13,18.61
Mexico,Europe,Low,196462427,46.74,20,72.25,5190,37112,19.44,19.84,14.46,67.29,36.01,44.67,47,87.4,86.39,Secondary,97555017,210381,39150,215.65,40.13,18.61
Vietnam,Europe,Medium,169586435,57.83,20,82.7,5883,3401,40.1,27.05,8.41,73.25,16.66,75.81,33,50.92,85.6,Primary,84209524,181601,33795,215.65,40.13,18.61
South Korea,North America,Low,152298103,49.55,43,49.64,7818,34850,11.48,28.99,0.4,79.04,13.72,13.86,44,81.77,78.44,Primary,75624862,163088,30349,215.65,40.13,18.61
Bangladesh,Asia,Low,60423624,56.95,38,80.77,4004,33197,8.75,12.79,2.1,32.79,24.75,55.5,52,71.41,85.23,Tertiary,30003842,64704,12041,215.65,40.13,18.61
South Africa,Asia,Low,58791817,77.06,21,58.13,8528,44362,39.26,17.62,13.14,56.8,20.17,15.9,31,56.7,39.92,Primary,29193555,62957,11716,215.65,40.13,18.61
South Africa,Asia,Low,199830240,53.82,29,40.1,9500,48607,44.02,30.67,12.5,25.68,14.68,22.73,44,57.75,45.04,Tertiary,99227332,213988,39822,215.65,40.13,18.61
Australia,North America,Low,113224342,77.32,48,58.97,2254,31511,8.74,8.45,12.13,63.61,49,22.66,41,54.79,40.01,Secondary,56222468,121246,22563,215.65,40.13,18.61
Egypt,Africa,High,4418156,71.15,43,47.36,1323,28555,42.88,26.67,11.64,66.04,29.35,74.62,65,61.74,35.02,Tertiary,2193871,4731,880,215.65,40.11,18.6
United Kingdom,Africa,Medium,3903306,49.19,37,49.01,8744,27846,6.28,30.3,8.71,23.26,41.09,10.28,46,51.21,86.14,Secondary,1938218,4179,777,215.61,40.09,18.59
Spain,Africa,High,28192751,76.62,28,60.94,2727,18801,12.18,36.54,9.51,43.8,34.41,10.21,36,86.46,73.52,Secondary,13999340,30190,5618,215.65,40.13,18.61
Brazil,Oceania,Low,157951518,74.76,24,54.31,5224,6453,13.86,14.49,0.18,29.16,13.89,59.77,69,77.53,50.75,Secondary,78432112,169142,31476,215.65,40.13,18.61
China,Oceania,Medium,23128531,89.31,25,30.8,6890,31573,39.11,8.35,2.52,46.15,11.7,78.96,53,62.16,34.57,Secondary,11484660,24767,4609,215.65,40.13,18.61
Indonesia,North America,Medium,183668625,45.61,35,67.49,4745,46107,16.38,30.46,9.39,70.04,28.73,52.36,41,96.87,84.6,Secondary,91202151,196681,36601,215.65,40.13,18.61
Mexico,South America,Medium,63082105,89.61,22,40.12,7076,37654,24.98,19.54,12.42,49.69,23.88,59.7,42,97.29,86.68,Tertiary,31323932,67551,12570,215.65,40.13,18.61
Canada,Oceania,Low,122325255,87.66,29,60.5,7376,47734,23.05,10.73,14.38,74.58,10.1,67.2,61,68.97,54.54,Primary,60741601,130991,24376,215.65,40.13,18.61
United Kingdom,Asia,Low,87455478,81.33,29,25.4,2947,11546,47.51,16.33,2.6,54.26,43.61,13.87,40,97.39,75.24,Secondary,43426729,93651,17428,215.65,40.13,18.61
China,Africa,Low,196993933,58.67,32,43.04,9454,35025,47.82,11.35,7.4,68.38,45.91,64.62,35,87.29,42.23,Primary,97818941,210950,39256,215.65,40.13,18.61
Mexico,Africa,Medium,195572310,36.24,26,70.15,8100,32555,11.54,28.18,14.17,21.44,42.76,84.07,40,97.72,23.96,Tertiary,97113022,209428,38973,215.65,40.13,18.61
Indonesia,Africa,Low,189744306,76.95,30,74.38,5477,28260,9.09,8.34,3.23,46.93,46.4,83.47,61,92.92,43.06,Primary,94219079,203187,37812,215.65,40.13,18.61
Italy,South America,High,168991837,68.55,23,24.9,7974,46882,41.01,39.47,1,38.85,40.83,69.22,33,91.83,65.82,Secondary,83914272,180964,33676,215.65,40.13,18.61
Japan,North America,Low,118739879,71.31,43,53.17,6686,26030,19.46,37.43,4.67,22.66,40.57,21.56,34,88.67,26.13,Primary,58961253,127152,23662,215.65,40.13,18.61
Italy,South America,Medium,143279922,76.38,22,87.91,4106,1213,10.19,8.75,12.34,37.93,31.01,20.32,54,65.09,72.14,Secondary,71146811,153431,28552,215.65,40.13,18.61
France,Africa,High,163723449,24.82,38,20.21,3382,22064,9.12,23.62,3.79,49.01,35.34,56.8,62,98.34,31.92,Primary,81298211,175323,32626,215.65,40.13,18.61
China,Europe,Low,136674711,42.45,42,49.48,1014,9087,47.83,14.67,5.63,37.79,22.21,17.37,50,52.14,63.05,Primary,67866940,146358,27236,215.65,40.13,18.61
Turkey,North America,High,195952453,67.76,48,40.17,6121,12683,46.73,24.91,3.56,51.75,43.76,85.68,44,54.37,24.13,Secondary,97301785,209835,39049,215.65,40.13,18.61
Mexico,Europe,High,150180140,36.51,38,36.34,399,11497,42.55,14.19,12.22,56.68,20.95,12.45,38,87.2,76.2,Primary,74573171,160820,29927,215.65,40.13,18.61
United States,Oceania,High,67334780,66.88,27,35.35,2289,32734,45.36,36.41,9.98,64.25,38.47,70.66,57,88.5,62.53,Tertiary,33435633,72105,13418,215.65,40.13,18.61
Argentina,Africa,Medium,102525485,56.48,46,31.67,5708,37608,41.1,19.2,7.04,78.62,12.67,18.24,49,81.85,48.92,Primary,50909864,109789,20431,215.65,40.13,18.61
Germany,South America,Medium,106011184,22.74,46,74.05,8102,47735,5.1,39.33,7.74,50,37.14,89.03,54,76.34,28.33,Primary,52640716,113522,21125,215.65,40.13,18.61
South Korea,Oceania,High,154573183,56.35,22,40.36,3380,33395,18.84,39.75,8.81,52.53,28.5,61.71,52,76.97,73.58,Tertiary,76754572,165524,30803,215.65,40.13,18.61
United Kingdom,Africa,Low,73639564,34.86,39,22.23,731,1666,24.26,10.57,10.26,29.29,16.63,33.58,61,89.06,66.96,Tertiary,36566325,78856,14674,215.65,40.13,18.61
South Africa,Asia,High,28305101,87.53,46,79.85,4222,49076,18.97,5.64,9.28,39.82,47.62,57.2,62,71.03,44.34,Secondary,14055128,30310,5640,215.65,40.13,18.61
Japan,Europe,Medium,53771530,77.16,40,81.86,7869,5244,25.23,29.3,2.84,28.35,33.16,54.56,49,62.51,64.78,Secondary,26700690,57581,10715,215.65,40.13,18.61
China,Europe,Medium,46242308,74.69,41,22.8,1147,32589,36.81,14.25,10.21,69.6,24.35,50.58,45,74.38,40.74,Tertiary,22961994,49518,9215,215.65,40.13,18.61
Saudi Arabia,Asia,Low,161583479,85.8,43,79.64,3588,4571,38.56,16.17,14.81,60.26,26.51,63.02,44,94.33,22.6,Primary,80235591,173031,32200,215.65,40.13,18.61
Russia,South America,High,97248753,56.87,46,64.62,9086,32410,31.73,25.16,13.28,74.19,48.67,38.34,67,90.4,85.46,Primary,48289660,104138,19379,215.65,40.13,18.61
Pakistan,Africa,Medium,123249428,86.91,27,67.61,5038,3144,8.29,27.62,1.89,29.11,18.89,58.43,48,77.13,88.3,Secondary,61200506,131981,24561,215.65,40.13,18.61
Brazil,Africa,Low,142372255,19.99,25,61.3,6746,3508,7.97,21.54,0.19,53.88,32.46,85.79,61,60.75,20.16,Primary,70696102,152459,28371,215.65,40.13,18.61
Nigeria,Africa,High,92193209,17.17,25,59.25,3310,45296,33.53,35.9,1.83,36.11,45.49,51.34,57,62.6,29.05,Secondary,45779288,98725,18372,215.65,40.13,18.61
Brazil,South America,High,76468976,80.36,35,60.72,8597,6615,32.92,12.58,3.87,53.57,29.42,11.88,40,50.37,21.65,Primary,37971292,81886,15238,215.65,40.13,18.61
Spain,Africa,Medium,160720010,69.23,33,86.73,4212,25406,31.86,33.08,8.11,63.3,25.68,58.34,64,88.45,84.98,Primary,79806829,172106,32028,215.65,40.13,18.61
Brazil,Africa,High,47312395,81.88,45,22.24,3463,15055,13.56,32.06,9.37,48.38,29.4,18.61,62,51.06,23.42,Tertiary,23493354,50664,9428,215.65,40.13,18.61
Italy,Oceania,High,27329396,57.51,44,66.74,2177,7069,43,20.02,0.68,59.94,11.14,45.14,52,98.56,35.34,Secondary,13570634,29265,5446,215.65,40.13,18.61
Canada,Africa,Low,74060526,14.59,28,32.5,1259,35872,30.93,21.18,6.21,36.84,34.87,62.24,64,77.15,47.35,Secondary,36775357,79307,14758,215.65,40.13,18.61
Pakistan,North America,Low,3862461,34.28,46,58.6,8975,43940,8.84,6.86,7.94,40.8,20.04,48.59,54,81.97,89.7,Primary,1917936,4136,769,215.65,40.1,18.59
Italy,Europe,High,91618866,74.53,46,40.74,4257,39699,48.42,25.56,10.86,34.86,44.21,18.17,52,89.43,78.54,Tertiary,45494093,98110,18257,215.65,40.13,18.61
South Africa,Asia,Low,162755345,58.41,24,55.17,7996,40548,41.16,22.6,1.63,57.83,28.75,51.09,46,82.68,74.59,Primary,80817491,174286,32433,215.65,40.13,18.61
Pakistan,Asia,Low,152872818,68.11,46,54.54,1168,1052,44.96,34.42,1.73,75.2,11.84,44.99,54,91.47,77.57,Primary,75910242,163703,30464,215.65,40.13,18.61
India,Europe,Low,189818590,82.34,43,31.41,2216,41775,36.64,28.59,5.47,47.38,36.94,57.05,44,74.09,21.6,Secondary,94255966,203267,37827,215.65,40.13,18.61
Pakistan,South America,Medium,191467884,27.69,29,47.2,6265,37154,30.14,39.1,14.35,72.97,18.39,58.13,37,98.7,54.25,Tertiary,95074936,205033,38155,215.65,40.13,18.61
Turkey,South America,Medium,36147922,61.55,45,33.28,9348,40966,8.34,16.9,7.4,51.11,22.08,73.75,48,97.87,87.19,Secondary,17949544,38708,7203,215.65,40.13,18.61
Spain,South America,High,164210543,32.85,41,63.92,5371,35470,35.99,18.24,8.76,29.58,31.13,79.26,36,59.23,41.05,Tertiary,81540081,175844,32723,215.65,40.13,18.61
Spain,Asia,High,67197809,46.64,45,41.4,3315,5573,40.16,6.63,6.15,66.36,43.16,45.49,64,69.74,76.75,Tertiary,33367619,71958,13391,215.65,40.13,18.61
Indonesia,South America,Medium,189757917,83.24,24,74.56,3726,8286,31.93,8.83,0.72,21.24,46.91,44.4,43,90.18,28.7,Secondary,94225838,203202,37814,215.65,40.13,18.61
Saudi Arabia,Asia,Low,7504151,64.05,44,44.61,1424,35669,12.2,16.51,3.41,21.36,11.43,41.78,61,74.07,62.11,Secondary,3726247,8035,1495,215.63,40.12,18.61
Canada,South America,Low,44214146,12.26,49,58.74,9868,1399,21.29,39.77,2.38,26.84,31.32,78.31,49,84.17,65.66,Tertiary,21954894,47346,8810,215.65,40.13,18.61
Brazil,Asia,Low,167928484,69.24,41,68.71,1070,46317,37.07,21.12,4.07,32.09,39.43,28.12,41,82.98,21.92,Secondary,83386255,179826,33464,215.65,40.13,18.61
United States,Asia,High,197022414,13.69,36,52.58,8882,18535,42.12,6,7.78,52.52,40.65,60.62,68,74.69,30.56,Tertiary,97833083,210981,39262,215.65,40.13,18.61
Nigeria,Oceania,High,195264580,20.71,35,65.01,1547,24164,46.13,7.08,12.48,79.92,25.47,63.87,39,77.29,41.22,Tertiary,96960216,209099,38912,215.65,40.13,18.61
Canada,Europe,Low,180348356,41.31,42,46.58,8367,22699,27.09,14.13,5.63,53.23,26.48,67.97,49,74.15,72.49,Primary,89553444,193125,35939,215.65,40.13,18.61
United Kingdom,Africa,Medium,139168519,10.69,37,36.81,7233,28578,46.56,26.63,7.9,59.5,32.58,41.05,56,69.14,77.51,Secondary,69105261,149028,27733,215.65,40.13,18.61
Australia,Africa,Low,97574083,77.76,48,31.93,4430,46203,32.48,32.88,3.78,69.1,48.28,69.56,61,75.38,82.22,Tertiary,48451205,104487,19444,215.65,40.13,18.61
India,Oceania,Low,38633674,31.78,23,24.25,6017,16164,13.69,37.77,13.97,27.07,49.08,69.3,53,81.38,48.94,Primary,19183865,41370,7698,215.65,40.13,18.61
Germany,North America,Medium,184035849,83.02,44,22.53,3758,49312,23.04,20.92,2.8,55.77,13.9,27.22,56,57.38,22.18,Primary,91384499,197074,36674,215.65,40.13,18.61
Saudi Arabia,North America,High,13251941,76.94,45,79.65,8637,48871,48.67,22.98,1.88,63.49,27.89,41.8,59,57.27,75.52,Secondary,6580359,14190,2640,215.64,40.12,18.6
Saudi Arabia,Europe,Low,44395842,60.39,36,58.47,9460,32633,43.99,31.02,1.02,56.74,17.16,50.34,33,82.28,36.84,Primary,22045116,47541,8847,215.65,40.13,18.61
South Korea,Africa,Medium,199146739,35.22,39,88.9,1037,14096,46.37,22.71,6.78,45.02,18.01,49.58,45,60.59,88.52,Tertiary,98887934,213256,39685,215.65,40.13,18.61
Australia,South America,High,85432405,17.98,28,58.38,9318,40099,43,37.86,8.6,20.81,46.79,34.49,53,71.37,40.03,Primary,42422156,91485,17024,215.65,40.13,18.61
Bangladesh,Europe,Low,111637419,46.82,33,69.21,6024,15427,39.36,22.77,8.99,42.4,46.87,55.22,48,70.46,53.28,Secondary,55434469,119546,22246,215.65,40.13,18.61
China,Africa,Low,99786515,89.8,34,77.78,5283,36984,45.79,11.48,11.99,40.79,29.37,49.71,42,84.74,44.15,Secondary,49549806,106856,19885,215.65,40.13,18.61
Indonesia,Asia,Medium,54657068,67.69,29,62.01,4218,12562,32.73,14.29,5.13,57.96,32.77,30.38,61,50.09,55.9,Secondary,27140412,58529,10891,215.65,40.13,18.61
China,South America,High,102960436,42.86,38,49.43,5279,25884,36.44,22.14,6.65,36.56,16.39,13.31,38,98.79,82.68,Secondary,51125842,110255,20517,215.65,40.13,18.61
Brazil,North America,High,2644260,89.17,41,62.4,4276,16735,23.38,7.48,0.47,48.71,24.42,85.15,43,62.01,89.08,Tertiary,1313028,2831,526,215.61,40.06,18.58
Italy,North America,High,27885857,63.72,47,81.6,6295,28190,36.07,26.13,9.29,29.49,44.32,79.1,31,86.87,25.46,Primary,13846949,29861,5556,215.65,40.12,18.61
United States,Europe,Medium,181736748,66.28,41,21.33,6580,8986,16.94,6.45,6.41,47.38,37.73,52.36,50,57.69,50.61,Secondary,90242861,194612,36216,215.65,40.13,18.61
Mexico,Asia,Low,70293842,39.07,31,71.84,4952,25857,47.75,26.38,7.75,38.25,20.38,33.62,46,55.28,31.32,Tertiary,34904979,75274,14008,215.65,40.13,18.61
Japan,Europe,High,132212127,18.8,23,72.93,152,6726,37.44,11.01,9.18,63.52,16.87,65.33,68,88.75,33.93,Primary,65651008,141579,26347,215.65,40.13,18.61
United Kingdom,Asia,Low,43458568,28.92,34,82.18,5431,1893,49.42,9.67,12.46,56.9,22.35,47.44,58,56.74,52.1,Tertiary,21579705,46537,8660,215.65,40.13,18.61
Saudi Arabia,Asia,High,43471304,51.88,34,66,3242,39954,34.61,10.18,4.57,39.22,17.55,33.6,52,93.74,84.42,Secondary,21586029,46551,8662,215.65,40.13,18.61
Bangladesh,North America,Medium,180296923,47.22,42,67.42,9108,16448,16.67,10.6,14.41,27.77,35.16,82.02,69,96.54,62.98,Tertiary,89527904,193070,35929,215.65,40.13,18.61
Australia,Europe,Low,88417780,26.98,47,47.37,3492,41380,16.87,15.61,2.18,73.75,27.87,17.28,54,56.65,81.56,Secondary,43904568,94682,17619,215.65,40.13,18.61
Nigeria,North America,Medium,139776408,64.43,38,47.09,5788,43265,18.06,5.65,1.14,60.57,11.01,69.28,48,66.87,82.26,Tertiary,69407113,149679,27854,215.65,40.13,18.61
China,Asia,Low,146572030,29.3,29,49.06,2651,5074,39.79,17.7,0.32,38.58,44.08,18.17,46,91.64,51.08,Secondary,72781534,156956,29208,215.65,40.13,18.61
Saudi Arabia,North America,High,32185177,65.74,25,50.9,2541,4237,40.4,5.93,9.75,22.01,32.36,41.4,46,82.64,43.62,Secondary,15981811,34465,6413,215.65,40.13,18.61
Indonesia,Oceania,Low,65775697,67.3,22,53.13,7024,15098,33,39.51,6.82,58.13,12.85,79.55,62,86.98,81.79,Primary,32661457,70435,13107,215.65,40.13,18.61
Nigeria,Africa,Low,38432258,11.02,39,53.45,5814,31724,15.94,18.61,12.8,22.77,10.62,56.03,41,52.64,35.43,Tertiary,19083850,41155,7658,215.65,40.13,18.61
Pakistan,Oceania,Medium,118962304,27.19,21,41.61,5412,12838,36.51,15.54,8.17,22.25,49.85,30.46,69,51.64,31.57,Secondary,59071700,127390,23706,215.65,40.13,18.61
Australia,North America,High,140236867,31.18,25,55.35,4489,14506,28.27,36.9,6.6,20.32,10.71,33.72,60,82.44,83.01,Primary,69635758,150172,27946,215.65,40.13,18.61
United States,Africa,Low,105057452,15.11,48,61.68,7961,46564,17.22,32.07,8.6,73.68,11.07,16.98,38,78.81,67.61,Tertiary,52167133,112500,20935,215.65,40.13,18.61
Italy,North America,High,154766354,51.55,33,61.44,2239,23632,43.49,36.35,6.96,33.9,14.31,85.97,55,90.85,44.16,Secondary,76850493,165731,30841,215.65,40.13,18.61
Canada,Africa,Medium,133350213,32.2,28,27.48,5258,32158,26.28,14.71,2.86,56.14,39.75,57.37,44,82.32,74.98,Primary,66216133,142798,26574,215.65,40.13,18.61
Turkey,Oceania,High,36434062,60.58,45,77.35,5450,42208,46.78,6.71,7.84,39.79,36.04,85.03,56,84.39,28.52,Primary,18091630,39015,7260,215.65,40.13,18.61
Egypt,Africa,High,156276943,72.12,26,26.5,1891,35932,21.76,31.64,12.55,25.22,31.05,12.84,35,92.61,21.55,Primary,77600588,167349,31142,215.65,40.13,18.61
Saudi Arabia,Europe,Medium,73055646,39.09,40,28.47,4885,43915,19.97,17.3,0.41,58.73,45.72,75.12,68,71.31,55.84,Tertiary,36276375,78231,14558,215.65,40.13,18.61
Argentina,Oceania,High,10781025,13.3,43,54.42,9190,11661,6.49,14.33,11.89,38.51,26.51,53.91,34,73.78,37.88,Tertiary,5353405,11544,2148,215.64,40.12,18.61
Russia,North America,Medium,95476198,54.34,30,59.54,7185,20345,16.74,31.43,13.21,53.29,18.63,18.35,62,64.85,37,Secondary,47409483,102240,19026,215.65,40.13,18.61
Nigeria,Oceania,High,183279021,58.76,32,68.43,1759,14680,28.69,28.73,12.44,23.72,38.51,49.66,67,65.35,69.56,Primary,91008689,196264,36523,215.65,40.13,18.61
Germany,Europe,Low,132092344,10.94,26,70.32,8718,32554,44.6,18.46,2.5,76.68,37.55,15.08,68,82.74,74.08,Secondary,65591528,141451,26323,215.65,40.13,18.61
South Korea,Africa,Medium,98617042,83.17,25,70.53,1279,24447,49.16,39.38,9.95,48.82,14.87,29.98,52,77.66,63.55,Secondary,48969095,105604,19652,215.65,40.13,18.61
Vietnam,Oceania,High,85276794,10.02,37,41.11,3452,22415,20.93,35.66,7.64,68.7,11.69,85.78,47,84.1,41.41,Secondary,42344886,91318,16993,215.65,40.13,18.61
Russia,North America,Low,10326306,72.71,25,44.47,5973,49038,20.02,17.48,6.73,61.18,27.3,23.47,52,76.93,51.8,Primary,5127611,11057,2057,215.64,40.12,18.6
United States,Oceania,High,62915771,22.36,21,63.6,269,1596,11.8,18.28,8.48,75.32,14.08,25.71,68,96.8,27.09,Secondary,31241338,67373,12537,215.65,40.13,18.61
India,Africa,Low,166184739,24.14,27,60.26,455,43934,11.48,28.74,9.27,46.78,45.07,85.37,39,58.76,50.39,Primary,82520385,177958,33117,215.65,40.13,18.61
Germany,South America,Low,65824918,18.29,22,88.04,1202,21610,24.38,32.19,3.37,42.27,42.43,48.78,47,86.88,65.09,Secondary,32685898,70488,13117,215.65,40.13,18.61
Saudi Arabia,North America,Medium,30006038,16.11,35,77.92,4132,2422,45.86,21.04,4.2,42.78,22.54,87.92,41,82.39,86.09,Tertiary,14899742,32131,5979,215.65,40.13,18.61
China,Asia,Medium,32344809,57.38,45,30.57,5903,23681,45.07,31.43,2.72,40.92,35.57,75.76,58,91.61,77.49,Primary,16061078,34636,6445,215.65,40.13,18.61
United States,South America,Low,123341309,15.71,25,30.52,6893,48368,44.33,31.76,9.53,77.22,19.9,79.98,52,89.1,63.03,Tertiary,61246131,132079,24579,215.65,40.13,18.61
Italy,Oceania,High,66484004,10.49,45,21.4,1513,48116,47.8,20.88,8.77,67.72,14.62,30.56,35,97.25,59.74,Primary,33013173,71194,13248,215.65,40.13,18.61
Vietnam,Oceania,Medium,87987033,28.93,44,43.1,4059,34577,25.74,24.62,1.57,63.25,26.55,50.6,51,73.37,45.95,Tertiary,43690677,94220,17533,215.65,40.13,18.61
Turkey,Asia,Low,113511721,15.93,38,69.67,2302,29499,16.02,28.39,12.34,33.05,25.5,37.63,31,59.07,53.06,Tertiary,56365169,121553,22620,215.65,40.13,18.61
Canada,Asia,Low,4932771,59.17,33,74.56,2539,30037,21.55,35.98,12.57,42.35,44.66,26.59,37,77.61,60.7,Primary,2449407,5282,982,215.64,40.09,18.59
Spain,Oceania,Low,102396896,58.43,49,56.53,3802,22911,8.83,16.49,5.14,41.93,35.23,13.41,66,86.73,35.43,Tertiary,50846012,109651,20405,215.65,40.13,18.61
Saudi Arabia,Europe,Low,183144784,18.24,45,87.77,1359,37880,41.21,32.4,8.11,53.77,31.98,50.26,67,65.88,89.73,Primary,90942033,196120,36497,215.65,40.13,18.61
Canada,Europe,Medium,97048914,51.67,32,61.51,5139,34192,7.06,21.61,13.33,69.88,38.95,49.93,58,68.19,64.15,Tertiary,48190428,103924,19339,215.65,40.13,18.61
Argentina,North America,High,190225973,10.97,37,72.72,8711,33070,26.24,33.42,9.97,38.06,11.71,29.88,35,85.73,37.3,Primary,94458255,203703,37908,215.65,40.13,18.61
France,Oceania,Medium,117211699,52.84,35,74.36,7489,6565,25.96,10.43,10.95,31.53,11.76,23.97,61,50.14,66.73,Primary,58202423,125516,23357,215.65,40.13,18.61
Indonesia,Europe,Medium,91666066,87.68,45,38.33,5139,25840,40.17,12.77,3.91,53.03,24.13,67.89,42,82.36,71,Tertiary,45517531,98160,18267,215.65,40.13,18.61
Vietnam,South America,Medium,22802823,63.54,48,83.3,4928,24865,15.75,21.41,2.24,75.39,33.43,66.24,46,54.47,82.02,Primary,11322927,24418,4544,215.65,40.13,18.61
Italy,Europe,Low,98746620,64.72,30,24.12,4367,1465,25.93,26.41,2.65,52.75,22.08,61.66,60,75.71,24.65,Primary,49033438,105742,19678,215.65,40.13,18.61
Egypt,Africa,Low,135948670,45.8,26,20.47,3618,29583,33.36,20.19,12.1,52.55,38.64,24.45,61,77.78,50.37,Tertiary,67506418,145580,27091,215.65,40.13,18.61
France,Africa,Medium,156935757,46.79,31,42.24,992,7436,41.8,5.04,14.88,59.38,45.5,81.11,39,79.14,83.83,Secondary,77927727,168054,31274,215.65,40.13,18.61
Saudi Arabia,Oceania,High,14721925,13.97,47,29.91,7695,44774,22.07,38.19,3.24,42.57,14.56,58.03,61,54,36.21,Secondary,7310291,15764,2933,215.64,40.12,18.61
Indonesia,North America,Low,73407973,26.48,26,65.17,4318,10532,39.2,18.5,3.19,54.68,12.88,24.07,36,84.86,29.91,Primary,36451326,78608,14628,215.65,40.13,18.61
Spain,North America,Medium,38210722,80.97,39,80.83,3468,20162,18.83,34.5,0.11,22.62,33.21,88.08,60,98.23,59.01,Tertiary,18973845,40917,7614,215.65,40.13,18.61
Nigeria,North America,Low,40124219,61.06,26,30.24,9621,37784,40.74,37.77,13.17,75.88,48.29,13.4,41,59.22,21.73,Tertiary,19924007,42967,7995,215.65,40.13,18.61
United Kingdom,South America,Medium,104850880,57.72,28,88.09,5907,9600,20.76,13.89,6.82,63.06,28.1,76.77,63,76.66,73.66,Secondary,52064558,112279,20894,215.65,40.13,18.61
United States,Africa,High,19604973,12.83,35,70.18,6792,37826,9.52,7.55,6.38,23.38,46.62,26.19,50,77.88,74.14,Secondary,9735008,20993,3906,215.64,40.12,18.61
Canada,Europe,Low,12376086,44.8,22,22.48,7522,42724,7.65,15.77,11.1,38.54,13.39,50.03,47,70.66,22.55,Secondary,6145446,13252,2466,215.64,40.13,18.61
Egypt,Asia,Medium,122973687,59.95,46,34.44,9904,47384,39.35,32.11,0.37,49.17,30.88,29.37,45,76.93,44.72,Tertiary,61063585,131686,24506,215.65,40.13,18.61
Turkey,Oceania,Medium,111255619,14.45,20,64.57,7298,28330,8.01,28.62,5.9,35.2,35.97,47.29,41,82.36,48.88,Tertiary,55244883,119138,22171,215.65,40.13,18.61
United States,North America,Low,16407368,34.44,38,80.48,9525,1095,30.45,34.34,11.77,64.45,47.59,70.97,57,76.54,27.37,Primary,8147212,17569,3269,215.64,40.12,18.61
Nigeria,South America,High,151854921,55.79,23,60.45,5771,6866,19.57,8.8,4.36,45.84,43.75,16.32,43,81.83,36.89,Secondary,75404797,162613,30261,215.65,40.13,18.61
Indonesia,South America,High,35584391,80.44,39,63.97,7726,2594,10.84,29.4,11.16,57.53,31.31,16.47,48,64.77,55.45,Primary,17669719,38105,7091,215.65,40.13,18.61
Saudi Arabia,South America,Medium,172541808,58.99,27,73.84,2099,10156,16.52,22.17,9.69,29.48,31.79,79.62,56,74.56,77.21,Tertiary,85677039,184766,34384,215.65,40.13,18.61
Vietnam,Oceania,Medium,80575764,67.67,22,30.69,3932,3342,19.59,34.67,10.15,70.49,37.05,76.73,51,96.13,80.59,Primary,40010551,86284,16057,215.65,40.13,18.61
Indonesia,North America,Low,39417772,39.35,31,75.35,8115,11516,28.08,14,1.28,57.9,23.59,70.12,44,65.8,76.34,Tertiary,19573215,42210,7855,215.65,40.13,18.61
United Kingdom,North America,Low,72895438,23.77,30,24.76,6191,2341,27.11,23.47,12.45,60.56,35.3,57.75,65,81.12,87.73,Tertiary,36196823,78060,14526,215.65,40.13,18.61
Italy,Africa,Low,125096140,72.66,49,30.22,9475,25897,42.89,37.77,11.66,64.85,41.94,23.32,44,87.68,57.33,Primary,62117506,133959,24929,215.65,40.13,18.61
Canada,Asia,High,100179521,27.28,41,68.37,7163,25047,42.75,37.5,0.82,50.9,49.23,71.69,41,89.67,28.66,Secondary,49744956,107277,19963,215.65,40.13,18.61
Nigeria,North America,Medium,173129798,39.58,35,71.21,7993,11479,9.51,25.73,8.68,30.45,34.48,28.27,68,83.28,77.35,Tertiary,85969010,185395,34501,215.65,40.13,18.61
Brazil,Oceania,High,58635089,49.88,41,59.3,4267,8505,36.47,36.8,5.17,32.64,18.38,62.98,37,58.35,25.89,Tertiary,29115730,62789,11684,215.65,40.13,18.61
Japan,North America,Low,198705697,88.39,26,45.25,2894,44972,9.17,11.4,13.55,73.88,20.31,74.36,52,78.02,53.21,Tertiary,98668931,212783,39597,215.65,40.13,18.61
Germany,Europe,Medium,108051892,36.35,27,32.66,6366,49701,16.11,39.93,4.94,49.75,34.2,18.4,57,52.65,58.19,Primary,53654046,115707,21532,215.65,40.13,18.61
Argentina,Europe,Low,153090897,89.44,35,61.52,6041,43624,6.47,38.3,9.45,49.33,44.25,64.92,50,73.6,34.82,Secondary,76018531,163937,30507,215.65,40.13,18.61
Vietnam,North America,Low,126778888,76.88,24,76.41,3483,36218,34.71,37.31,10.12,66.23,40.02,60.77,51,93.44,74.15,Tertiary,62953088,135761,25264,215.65,40.13,18.61
Pakistan,Asia,Medium,36240338,23.58,45,33.73,5405,3868,28.15,26.14,5.23,45.12,14.14,56.11,55,54.36,60.01,Primary,17995434,38807,7221,215.65,40.13,18.61
Pakistan,Africa,Low,195544752,35.96,36,64.36,3725,43646,25.92,29.17,10.83,35.65,31.34,78.47,38,65.34,82.58,Tertiary,97099338,209399,38968,215.65,40.13,18.61
Egypt,Africa,Medium,163984085,21.54,26,49.12,2357,19176,41.19,30.53,7.33,58.94,28.85,12.65,54,88.6,44.23,Primary,81427632,175602,32678,215.65,40.13,18.61
Egypt,Asia,Low,161734836,12.9,33,25.88,9081,19309,49.8,18.37,13.05,29.52,14.18,30.61,53,67.78,23.08,Primary,80310749,173193,32230,215.65,40.13,18.61
China,Asia,Low,169172877,42.02,34,56.8,6177,13197,29.88,14.62,7.08,62.2,10.28,69.77,53,70.28,40.02,Secondary,84004169,181158,33712,215.65,40.13,18.61
Turkey,Oceania,Low,163916288,34.27,28,48.87,5538,11801,16.54,6.97,5.89,33.96,10.21,55.53,48,63.27,26.9,Primary,81393967,175529,32665,215.65,40.13,18.61
France,Asia,High,141482356,25.2,42,64.79,8150,40788,25.36,19.08,8.37,66.38,43.7,68.49,40,94.44,33.23,Primary,70254215,151506,28194,215.65,40.13,18.61
Australia,Africa,High,99160083,11.33,23,74.27,9863,36148,47.69,32.44,10.36,41.87,27.4,47.07,49,75.42,78.02,Secondary,49238746,106185,19760,215.65,40.13,18.61
Mexico,Africa,Low,5963837,48.26,35,84.77,6730,42722,20.19,37.75,1.02,35.87,39.07,66.61,36,55.97,86.82,Secondary,2961391,6386,1188,215.64,40.12,18.6
Italy,North America,High,100931472,37.96,34,74.33,624,39550,47.03,15.23,2.84,46.88,43.2,34.66,45,79.39,85.48,Primary,50118344,108082,20113,215.65,40.13,18.61
France,Oceania,Medium,61945149,79.22,37,78.57,3268,20133,37.56,8.96,10.3,63.32,14.32,53.56,31,51.26,87.34,Secondary,30759368,66333,12344,215.65,40.13,18.61
Egypt,North America,Medium,161814627,76.36,41,81.33,9823,36746,21.58,7.64,3.96,78.1,26.11,82.83,42,57.42,47.98,Secondary,80350370,173279,32246,215.65,40.13,18.61
Spain,Oceania,Low,31552026,18.41,39,87.99,224,40611,12.81,24.16,10.07,67.22,12,19.61,31,79.1,53.07,Tertiary,15667415,33787,6287,215.65,40.13,18.61
Spain,Asia,Low,6855745,83.76,37,42.33,8440,31600,47.82,13.43,14.89,35.67,28.11,64.69,39,52.05,75.97,Tertiary,3404275,7341,1366,215.64,40.13,18.61
Indonesia,Asia,High,135215440,44.15,39,69.29,8955,20919,37.38,25.64,6.34,67.06,39.43,51.6,53,72.69,48.4,Secondary,67142327,144795,26945,215.65,40.13,18.61
Saudi Arabia,South America,High,127294579,62.22,35,70.78,1656,21096,41.79,25.88,13.58,23.38,44.93,47.67,44,61.96,52.68,Tertiary,63209159,136313,25367,215.65,40.13,18.61
Germany,Oceania,Low,154163456,70.66,23,38.01,6310,31964,8.24,27.94,3.9,48.93,44.64,52.04,41,72.6,52.1,Tertiary,76551119,165085,30721,215.65,40.13,18.61
Australia,South America,Medium,25420533,82.55,29,48.08,2183,13203,46.42,24.35,9.79,68.15,16.6,37.19,39,92.82,43.44,Primary,12622772,27221,5065,215.65,40.13,18.61
Mexico,Asia,Low,2929838,22.05,21,33.46,1239,16256,36.15,32.11,4.49,58.34,46.3,54.03,34,69.44,23.49,Secondary,1454834,3137,583,215.63,40.07,18.58
Vietnam,Oceania,Medium,1324653,80.41,33,24.26,1737,32158,17.69,39.34,13.36,64.35,35.11,55.72,39,86.11,32.25,Tertiary,657767,1418,263,215.58,39.98,18.55
India,Oceania,Medium,145736556,78.7,39,28.55,9389,43155,40.88,10.51,2.43,50.94,13.88,39.92,55,98.68,60.43,Tertiary,72366673,156061,29042,215.65,40.13,18.61
Germany,Europe,High,127468168,21.3,42,70.07,8971,47023,12.64,9.02,9.18,48.67,16.72,12.72,42,63.34,78.09,Tertiary,63295356,136499,25401,215.65,40.13,18.61
Japan,Africa,Medium,196911378,56.14,27,43.77,3301,38579,45.04,5.31,10.35,30.12,29.29,52.33,59,58.66,35.88,Primary,97777947,210862,39240,215.65,40.13,18.61
France,Oceania,High,32318941,34.25,30,88.76,7414,35845,34.7,37.96,6.52,69.95,12.9,88.25,55,54.04,85.38,Secondary,16048233,34608,6440,215.65,40.13,18.61
Australia,North America,High,26263388,87.13,28,50.06,153,18049,43.93,27.84,6.98,76.74,42.03,55.8,54,55.12,31.93,Tertiary,13041299,28124,5233,215.65,40.13,18.61
Pakistan,Oceania,Low,197856302,68.89,38,56.7,9722,14387,46.18,19.15,4.63,40.67,30.43,82.99,63,93.15,50.29,Primary,98247157,211874,39428,215.65,40.13,18.61
South Korea,Africa,Low,72359307,22.5,20,59.42,4834,11807,30.07,23.07,6.37,22.81,14.5,43.54,40,73.19,72.51,Secondary,35930602,77485,14419,215.65,40.13,18.61
Turkey,South America,High,37293371,23.56,27,61.54,6823,36297,16.37,12.2,3.61,74.43,16.11,12.32,38,51.95,85.46,Tertiary,18518326,39935,7431,215.65,40.13,18.61
Japan,Oceania,Low,22776942,79.01,36,29.55,132,9152,30.3,26.41,2.76,79.85,18.84,47.15,34,98.54,31.43,Secondary,11310075,24390,4538,215.65,40.12,18.61
Italy,South America,High,48027139,34.46,23,38.87,4968,39525,23.62,19.96,1.5,47.68,42.7,79.52,41,77.42,24.31,Tertiary,23848266,51429,9570,215.65,40.13,18.61
Canada,Europe,Low,115419556,63.45,20,46.99,1714,40904,28.88,31.9,8.35,69.21,37.21,47.67,59,91.38,84.22,Primary,57312520,123596,23000,215.65,40.13,18.61
Vietnam,Asia,Low,176306192,67.35,29,56.55,8859,18402,36.24,6.97,0.35,28.27,15.25,55.78,34,96.14,81.36,Secondary,87546274,188797,35134,215.65,40.13,18.61
Indonesia,South America,High,152202536,23.04,32,84.54,484,4361,27.91,7.66,8.4,36.01,28.93,73.38,30,90.66,68.83,Tertiary,75577408,162986,30330,215.65,40.13,18.61
Saudi Arabia,North America,Medium,189302952,50.74,21,25.66,5608,14525,6.45,9.06,10.61,49.65,47.29,27.39,52,87.14,85.21,Tertiary,93999921,202714,37724,215.65,40.13,18.61
Argentina,Africa,High,100432457,41.29,25,64.24,2172,41996,31.09,11.23,8.9,48.92,27.91,30.78,36,73.77,75.88,Primary,49870554,107548,20014,215.65,40.13,18.61
Pakistan,North America,Low,149100171,72.62,27,88.18,1173,26128,47.17,22.54,9.22,46.29,40.88,16.78,43,53.86,77.47,Primary,74036903,159663,29712,215.65,40.13,18.61
Pakistan,Europe,Medium,188602853,39.21,47,60.64,2942,9064,48.37,15.32,11.22,22.49,40.43,33.72,37,79.56,53.16,Tertiary,93652282,201965,37584,215.65,40.13,18.61
Nigeria,North America,Low,35364635,28.45,47,86.39,7591,26221,26.53,33.95,9.78,61.79,46.34,56.43,43,76.31,30.82,Secondary,17560597,37870,7047,215.65,40.13,18.61
India,Asia,High,3449553,69.73,26,61.72,687,23454,47.72,17.33,8.75,32.63,32.4,36.79,52,60.29,70.52,Primary,1712903,3693,687,215.6,40.11,18.6
South Africa,South America,Medium,100899143,67.78,45,80.87,7368,31916,17.62,28.8,6.25,58.82,24.45,76.88,43,81.45,24.55,Secondary,50102290,108047,20107,215.65,40.13,18.61
France,Asia,High,182028329,58.91,46,58.34,9900,47949,6.12,27.49,9.99,21.92,38.31,56.14,61,64.18,36.51,Secondary,90387648,194924,36274,215.65,40.13,18.61
Spain,South America,Low,170636223,12.27,21,54.47,4968,20383,45.22,39.64,12.01,61.23,49.61,67.71,53,97.52,61.53,Tertiary,84730805,182725,34004,215.65,40.13,18.61
India,Europe,High,83949811,12.23,39,24.16,9260,40017,37.09,21.29,13.08,58.47,12.54,26.99,68,55.16,83.91,Secondary,41685962,89897,16729,215.65,40.13,18.61
China,Africa,Low,28731217,26.72,28,86.51,6483,34202,20.09,31.4,12.5,77.85,35.7,89.1,51,67.44,31.08,Primary,14266719,30766,5725,215.65,40.13,18.61
India,Europe,Medium,74198254,40.34,44,37.02,2542,29741,8.57,32.19,8.44,38.08,33.41,78.99,52,63.75,88.26,Primary,36843747,79455,14786,215.65,40.13,18.61
India,Oceania,High,172573190,23.43,49,77.86,2283,40687,8.8,29.85,11.79,26.41,20.46,69.58,46,90.22,70.45,Secondary,85692622,184799,34390,215.65,40.13,18.61
Japan,South America,High,144401589,77.34,25,25.42,2168,46164,44.86,11.03,11.98,43.99,22.38,62.06,54,85.8,53.67,Primary,71703784,154632,28776,215.65,40.13,18.61
Mexico,North America,Low,108175482,89.31,47,31.01,8186,6485,45.52,12.98,12.04,47.47,41.49,40.92,58,74.91,78.4,Secondary,53715416,115839,21557,215.65,40.13,18.61
India,Europe,Medium,166109032,30.29,47,58.84,4546,27703,20.16,20.33,12.16,20.65,34.66,69.74,68,89.34,20.76,Primary,82482792,177877,33102,215.65,40.13,18.61
Mexico,Europe,Medium,162592924,77.32,21,79.38,1310,13073,14.71,27.7,6.56,49.28,36.05,44.24,57,90.63,48.51,Secondary,80736840,174112,32401,215.65,40.13,18.61
Nigeria,Africa,High,34737971,43.49,30,75.27,2065,12875,48.12,17.74,14.09,50.54,41.6,40.06,61,77.97,79.27,Secondary,17249422,37199,6922,215.65,40.13,18.61
Pakistan,South America,High,97677354,75.7,29,59.09,5566,26911,5.12,26.15,3.43,43.89,25.09,33.71,46,91.12,26.72,Primary,48502485,104597,19465,215.65,40.13,18.61
United Kingdom,Europe,Medium,96284664,73.68,27,70.59,9744,10598,25.61,33.01,3.64,40.03,22.58,75.29,59,64.99,21.42,Tertiary,47810933,103106,19187,215.65,40.13,18.61
China,North America,Low,176144135,89.72,30,56.39,9353,28782,5.1,20.71,14.9,31.28,13.62,63.14,58,52.69,89.65,Tertiary,87465804,188623,35101,215.65,40.13,18.61
Germany,North America,Low,5039273,60.22,49,48.72,4682,13181,33.18,22.74,7.28,29.66,12.64,52.56,38,50.48,88.52,Secondary,2502292,5396,1004,215.64,40.12,18.61
United Kingdom,Asia,High,117698516,70.74,22,37.4,4725,22555,36.25,29,1.49,61.76,18.87,24.99,61,51.04,72.43,Secondary,58444156,126037,23454,215.65,40.13,18.61
Indonesia,Europe,High,20438344,27.45,34,42.19,3945,34417,24.69,27.27,5.38,21.57,36.73,54.88,55,70.46,26.83,Primary,10148826,21886,4072,215.65,40.12,18.61
Spain,Asia,Medium,194746140,65.6,29,66.31,6536,27825,35.05,6.27,9.12,31.58,43.21,88.49,61,64.65,78.11,Secondary,96702781,208543,38808,215.65,40.13,18.61
Saudi Arabia,Europe,Low,6872062,65.34,46,61.68,3870,25897,14.15,10.05,11.99,39.83,21.73,14.01,69,82.58,24.03,Secondary,3412378,7358,1369,215.63,40.12,18.61
China,North America,High,151343228,27.89,20,62.93,6472,8929,37.34,16.19,13.3,78.25,11.86,63,62,79.48,78.18,Primary,75150711,162065,30159,215.65,40.13,18.61
South Africa,Oceania,Medium,112619056,54.4,30,22.03,8279,14150,22.32,19.4,11.42,52.23,17.09,50.81,54,80.37,36.64,Secondary,55921909,120598,22442,215.65,40.13,18.61
Bangladesh,Africa,High,163637361,54.61,48,85.36,9487,10918,34.9,25.74,14.06,75.75,17.9,51.25,67,67.64,84.77,Secondary,81255463,175231,32609,215.65,40.13,18.61
Canada,Europe,High,132838307,32.79,27,74.94,5203,6830,42.61,30.07,0.9,40.84,48.88,89.8,40,91.77,60.85,Tertiary,65961942,142249,26471,215.65,40.13,18.61
Italy,Europe,Low,189199888,49.28,21,69.45,2745,21309,28.47,16.02,3.01,28.21,31.34,74.32,54,59.44,32.66,Tertiary,93948744,202604,37703,215.65,40.13,18.61
France,Asia,High,22065966,54.49,43,57.3,4622,31804,23.03,17.97,2.96,35.83,25.1,89.01,60,74.9,59.53,Secondary,10957035,23629,4397,215.65,40.13,18.61
Australia,North America,Low,163005053,85.66,48,69.33,711,37406,45.02,5.31,7.06,48.77,36.3,43.22,67,69.01,87.01,Primary,80941486,174553,32483,215.65,40.13,18.61
United States,North America,Low,74847852,26.36,36,88.37,5649,18293,11.47,28.56,8.86,30.33,27.65,88.18,36,65.08,21.98,Tertiary,37166310,80150,14915,215.65,40.13,18.61
Germany,Asia,Low,131446001,44.11,45,36.87,218,42358,16.91,31.13,4.93,54.33,33.72,45.13,54,71.24,75.41,Secondary,65270581,140758,26194,215.65,40.13,18.61
Japan,Europe,Medium,37834531,56.06,48,42.43,9249,43591,7.19,25.12,2.25,72.9,13.23,75.65,65,71.65,81.31,Tertiary,18787044,40515,7539,215.65,40.13,18.61
Germany,Oceania,Medium,170269281,74.15,34,50.97,8922,14353,48.61,7.58,12.57,40.6,12.95,27.45,35,89.85,54.89,Primary,84548597,182332,33931,215.65,40.13,18.61
Japan,Asia,High,98594292,84.04,49,83.62,3721,12314,27.73,5.3,5.9,34.52,29.75,31.5,51,51.46,39.74,Primary,48957798,105579,19647,215.65,40.13,18.61
United Kingdom,Africa,Medium,28584517,27.24,21,42.56,395,43560,23.89,25.06,4.26,27.55,13.25,82.86,44,91.71,60.68,Secondary,14193874,30609,5696,215.65,40.13,18.61
Japan,North America,High,180551847,31.07,44,69.86,5764,2427,27.41,5.95,8.65,74.29,34.25,31.59,69,98.6,31.32,Secondary,89654489,193343,35980,215.65,40.13,18.61
Spain,Africa,High,77247874,55.51,21,31.14,726,47066,34.61,5.13,13.55,74.1,40.15,53.57,67,51.93,72.54,Secondary,38358060,82720,15393,215.65,40.13,18.61
Canada,Oceania,Medium,66814086,50.14,20,61.62,4190,16081,20.96,11.67,11.41,79.63,34.66,14.38,66,68.74,39.3,Primary,33177078,71547,13314,215.65,40.13,18.61
France,Oceania,Medium,19719582,75.11,25,62.8,6302,9608,22.78,18.33,14.02,56.89,33.36,37.74,53,54.25,31.98,Tertiary,9791918,21116,3929,215.65,40.12,18.61
France,South America,High,111107289,70.34,30,87.2,8675,15266,37.92,6.28,13.8,66.2,18.71,26.84,57,87.68,65.38,Tertiary,55171228,118979,22141,215.65,40.13,18.61
Spain,South America,High,57355791,76.04,21,20.32,8460,47073,40.77,5.64,1.36,56.92,43.09,41.57,33,92.16,73.49,Secondary,28480484,61419,11429,215.65,40.13,18.61
Nigeria,Oceania,Medium,136003205,39.56,34,23.28,698,37057,30.97,10.86,9.63,38.73,48.69,36.05,39,66.37,83.5,Tertiary,67533498,145638,27102,215.65,40.13,18.61
Saudi Arabia,Asia,Medium,65812091,35.31,24,86.61,4808,34964,17.81,9.22,10.68,25.69,48.52,80.42,36,96.4,80.64,Secondary,32679529,70474,13114,215.65,40.13,18.61
United Kingdom,North America,Low,62668561,25.03,32,39.3,4840,4945,14.9,36.28,7.62,45.09,46.88,67.78,63,69.21,49.43,Primary,31118584,67108,12488,215.65,40.13,18.61
Australia,Asia,High,18427065,30.53,22,75.39,6614,44318,29.01,25.01,10.72,49.85,12.59,42.71,69,96.27,36.47,Tertiary,9150109,19732,3672,215.65,40.13,18.61
Nigeria,Europe,High,166182944,11.42,24,47.26,7908,36734,33.4,12.5,5.03,62.25,10.76,63.94,40,51.74,86.52,Secondary,82519493,177956,33116,215.65,40.13,18.61
Argentina,Africa,High,25885566,54.49,26,56.35,8646,18856,12.54,22.9,4.38,35.77,40.07,48.64,68,82.32,83.44,Tertiary,12853688,27719,5158,215.65,40.13,18.61
Brazil,Oceania,Low,20188447,64.58,38,45.88,6655,11895,49.4,29.63,6.8,48.89,49.12,79.18,61,76.16,49.66,Primary,10024737,21618,4023,215.65,40.13,18.61
Germany,Oceania,High,162475572,64.74,47,38.52,8677,39876,14.17,11.16,3.97,44.28,23.24,31.17,54,77.83,26.29,Tertiary,80678568,173986,32378,215.65,40.13,18.61
Pakistan,South America,High,78233478,33.08,31,22.9,6769,13786,45.35,34.99,7.02,33.98,45.25,13.77,33,51.17,83.3,Secondary,38847470,83776,15590,215.65,40.13,18.61
United States,Oceania,Medium,79059419,22.84,41,62.25,5798,7870,19.33,31.09,14.74,78.84,43.02,17.02,68,52.39,64.49,Primary,39257598,84660,15754,215.65,40.13,18.61
Japan,Oceania,High,86876714,68.86,34,54.62,6485,43174,47.79,30.9,8.4,68.03,19.74,44.78,30,88.59,76.34,Secondary,43139339,93031,17312,215.65,40.13,18.61
South Africa,Europe,High,19138923,37.38,49,63.85,6957,18849,13.13,19.04,6.92,64.48,35.53,60.88,35,61.76,21.1,Tertiary,9503588,20494,3813,215.64,40.12,18.61
Indonesia,Asia,Low,84443349,88.41,22,56.81,557,43126,10,10.53,1.85,27.91,11.17,34.5,69,74.14,79.8,Tertiary,41931032,90426,16827,215.65,40.13,18.61
Australia,Oceania,Low,169504553,34.01,25,40.72,8842,29745,7.75,10.45,5.65,45.92,18.77,63.98,30,84.37,46.29,Primary,84168865,181513,33778,215.65,40.13,18.61
Spain,North America,Medium,108925680,68.63,35,43.31,9966,11591,23.18,25.91,7.88,34.63,16.19,52.02,50,65.07,81.19,Secondary,54087933,116643,21706,215.65,40.13,18.61
Pakistan,Oceania,Low,141035032,61.56,44,71.71,459,10023,23.44,6.49,14.95,66.25,28.05,58.97,61,81.89,81.4,Tertiary,70032093,151027,28105,215.65,40.13,18.61
Canada,North America,High,85627775,54.71,34,80.06,7457,37324,48.65,31.49,5.29,25.12,32.53,30.73,43,91.63,51.29,Tertiary,42519168,91694,17063,215.65,40.13,18.61
Bangladesh,Africa,High,23927520,23.46,21,33.54,886,3244,38.81,5.01,8.11,54.97,40,71.33,42,92.82,81.08,Tertiary,11881404,25622,4768,215.65,40.13,18.61
Canada,Oceania,Medium,26957560,54.01,30,81.69,593,44168,45.71,15.45,10.93,21.88,19.13,84.78,58,88.74,20.02,Secondary,13385995,28867,5372,215.65,40.13,18.61
Mexico,Africa,High,5153195,75.13,24,56.16,8348,49453,9.02,13.03,5.16,74.31,16.06,73.61,66,83.07,28.91,Tertiary,2558860,5518,1026,215.64,40.1,18.59
Vietnam,South America,High,166074875,61.34,33,85.41,6370,13585,40.16,14.84,10.65,77.81,14.81,41.9,43,77.31,40.68,Secondary,82465831,177841,33095,215.65,40.13,18.61
Mexico,Asia,High,162703174,52.75,32,59.16,5744,38956,23.6,38.06,9.95,20.56,22.47,70.01,39,58.27,26.39,Secondary,80791585,174230,32423,215.65,40.13,18.61
South Korea,Asia,High,141788842,46.99,40,70.46,187,49475,23.91,39.95,13.75,51.24,23.7,76.05,53,70.01,86.87,Tertiary,70406403,151834,28255,215.65,40.13,18.61
South Korea,Oceania,Medium,179664010,67.72,22,43.07,7046,24879,31.79,36.09,4.17,54.02,49.26,15.31,51,88.81,36.03,Primary,89213626,192393,35803,215.65,40.13,18.61
Bangladesh,South America,Low,119201925,85.96,20,50.81,8521,24913,17.54,27.69,4.53,43.09,17.69,17.8,35,73.99,23.78,Tertiary,59190686,127647,23754,215.65,40.13,18.61
Indonesia,Africa,High,14803008,66.42,23,68.67,9844,16475,30.44,19.68,3.23,30.18,33.99,72.34,48,73.14,38.15,Tertiary,7350554,15851,2949,215.64,40.12,18.6
Brazil,Europe,Medium,111164531,40.66,43,48.33,8585,36349,42.68,15.68,9.8,43.23,28.85,78.97,46,55.57,83.46,Secondary,55199652,119040,22152,215.65,40.13,18.61
Mexico,Africa,Low,74921201,59.51,43,71.14,3772,39264,37.16,10.28,10.2,46.68,25.15,87.96,52,67.36,42.57,Tertiary,37202732,80229,14930,215.65,40.13,18.61
France,South America,Medium,40927376,82.98,48,42.64,7602,34701,41.69,13,13.02,74.26,49.17,50.7,31,90.34,56.58,Tertiary,20322821,43827,8156,215.65,40.13,18.61
Bangladesh,Africa,Low,96192696,35.17,31,87.94,7155,37232,28.04,20.89,9.41,40.92,17.04,15.44,68,85.94,44.59,Tertiary,47765266,103007,19169,215.65,40.13,18.61
Egypt,Africa,Low,33286810,38.21,21,62.85,3768,21246,30.01,7.15,3.95,54.27,49.31,40.09,56,74.74,82.29,Primary,16528836,35645,6633,215.65,40.13,18.61
Bangladesh,Africa,High,98014443,58.02,38,53.88,4938,3870,43.51,24.35,2.25,48.61,30.6,47.18,63,71.36,33.94,Tertiary,48669869,104958,19532,215.65,40.13,18.61
South Korea,Asia,High,104787245,27.53,42,36.8,4876,34163,7.61,35.25,4.25,23.17,14.71,75.64,57,58.78,28.13,Secondary,52032959,112211,20881,215.65,40.13,18.61
Canada,Europe,High,79554181,54.17,23,51.35,7205,10724,24.63,17.19,10.75,65.77,41.25,29.57,31,72.62,41.26,Tertiary,39503276,85190,15853,215.65,40.13,18.61
Spain,Oceania,Low,132630982,42.5,44,58.14,6015,21811,46.54,13.7,13.01,36.27,31.25,41.85,37,73.81,46.16,Secondary,65858993,142027,26430,215.65,40.13,18.61
Germany,Africa,Low,81441172,75.71,23,67.5,3530,11713,12.69,25.48,7.54,59.55,46.11,72.07,42,84.38,65.97,Secondary,40440276,87211,16229,215.65,40.13,18.61
Spain,South America,High,132238682,80.86,24,68.8,1426,46459,11.79,18.59,6.02,36.34,18.81,41.42,54,74.41,59.58,Tertiary,65664194,141607,26352,215.65,40.13,18.61
South Korea,Europe,High,126052473,66.76,49,68.57,9684,28178,34.48,25.52,6.32,33.8,15.41,74.99,48,71.91,79.69,Primary,62592381,134983,25119,215.65,40.13,18.61
Pakistan,Oceania,High,142810022,73.99,39,22,2020,2694,27.31,21.34,2.64,32.03,31.84,13.94,47,83.23,39.37,Tertiary,70913479,152928,28459,215.65,40.13,18.61
Russia,Africa,Low,18202898,60.58,49,49.67,9478,4565,25.81,25.81,6.65,32.82,10.08,30.24,55,87.24,45.03,Secondary,9038797,19492,3627,215.65,40.13,18.61
Turkey,Oceania,Low,194615700,69.11,31,85.25,9742,31172,32.24,11.34,1.95,26.24,34.23,58.27,44,61.22,29.09,Tertiary,96638010,208404,38783,215.65,40.13,18.61
Japan,Africa,Low,22731411,71.53,42,23.5,1055,5228,27.78,38.55,10.47,28.03,34.58,58.3,39,72.85,88.56,Secondary,11287467,24341,4529,215.65,40.12,18.61
United States,Asia,Low,120291486,59.46,28,40.12,2409,1917,49.95,26.01,7.26,44.39,45.55,63.94,64,95.34,49.43,Primary,59731716,128814,23971,215.65,40.13,18.61
South Africa,Africa,Low,156345178,14.14,46,63.36,2370,14332,31.84,26.47,10.73,24.89,39.69,67.29,32,81.67,86.53,Tertiary,77634470,167422,31156,215.65,40.13,18.61
South Korea,South America,Low,175014868,42.28,21,24.27,4992,8116,13.73,39.97,7.68,75.61,36.62,26.14,53,60.77,75.56,Primary,86905057,187414,34876,215.65,40.13,18.61
United States,Europe,Low,42582224,76.68,29,65.47,8710,40656,48.77,15.58,8.13,30.44,44.67,28.23,46,85.11,54.11,Tertiary,21144549,45599,8485,215.65,40.13,18.61
Pakistan,Europe,Medium,121577713,70.89,44,53.2,135,37392,33.86,13.26,12.53,50.54,41.5,32.92,66,60.09,39.06,Secondary,60370403,130191,24227,215.65,40.13,18.61
Saudi Arabia,Asia,Medium,62062531,37.37,29,35.16,8435,44792,7.88,32.3,5.08,63.38,37.92,35.33,40,84.67,26.78,Tertiary,30817655,66459,12367,215.65,40.13,18.61
India,Africa,Low,149578999,34.73,30,78.01,2392,33180,24.52,35.66,4.98,78.12,35.79,65.48,44,92.73,67.72,Tertiary,74274669,160176,29808,215.65,40.13,18.61
United Kingdom,North America,Low,192740217,45.82,26,30.96,7059,45971,35,25.7,10.06,46.01,35.24,85.2,64,67.56,75.08,Tertiary,95706723,206395,38409,215.65,40.13,18.61
Canada,Asia,High,198812768,26.74,41,81.96,7189,8750,48.39,6.3,3.17,67.67,40.72,46.22,57,52.8,55.16,Tertiary,98722098,212898,39619,215.65,40.13,18.61
Italy,Asia,Low,126989609,43.45,46,58.78,6847,47116,8.48,28.96,2.64,56,26.44,62.85,39,89.53,48.46,Primary,63057724,135986,25306,215.65,40.13,18.61
Egypt,Asia,High,101807194,29.95,27,44.85,150,6848,44.77,7.45,5.45,58.56,49.49,67.68,43,70.11,50.36,Tertiary,50553191,109020,20288,215.65,40.13,18.61
Turkey,Africa,High,195141429,72.46,33,28.13,5498,27230,30.17,15.99,12.03,61.64,32.58,82.26,49,53.44,58,Secondary,96899065,208967,38887,215.65,40.13,18.61
Nigeria,Europe,Low,39108128,78.37,24,20.92,7909,35161,47.1,16.43,6.76,21.23,26.39,31.83,42,80.01,79.61,Secondary,19419459,41878,7793,215.65,40.13,18.61
Russia,Europe,High,61722888,85.73,31,67.54,2398,30255,9.75,26.23,8.56,40.37,41.36,78.57,35,91.87,82.25,Tertiary,30649002,66095,12299,215.65,40.13,18.61
Brazil,South America,High,81944765,11.45,27,42.04,6117,31482,7.19,12.89,8.71,24.96,28.65,10.03,45,84.29,34.62,Secondary,40690340,87750,16329,215.65,40.13,18.61
Canada,Oceania,High,143461602,45.69,37,68.11,2858,12945,18.61,22.6,0.33,26.31,49.12,73.74,54,65.46,73.9,Tertiary,71237026,153625,28588,215.65,40.13,18.61
Nigeria,Asia,Medium,160652020,36.41,46,39.79,8282,16632,5.18,10.07,4.11,73.37,21.79,38.49,39,78.82,81.59,Tertiary,79773068,172034,32014,215.65,40.13,18.61
Turkey,Oceania,Low,59504045,16.31,23,79.24,4364,32663,7.81,37.23,12.62,49.61,47.17,10.52,64,53.63,57.79,Primary,29547217,63719,11857,215.65,40.13,18.61
Spain,North America,Medium,76710123,74.5,22,88.15,200,38787,24.94,23.26,12.87,40.86,27.42,40.34,63,55.04,27.62,Tertiary,38091036,82145,15286,215.65,40.13,18.61
Italy,North America,High,118767372,11.89,47,44.8,9907,49270,15.9,34.07,5.52,30.25,23.21,66.99,68,71.94,46.85,Secondary,58974905,127181,23667,215.65,40.13,18.61
South Korea,Africa,Low,156516990,35.25,38,82.66,5762,32467,46.94,8.96,1.54,74.92,30.7,64.25,37,86.67,78.1,Secondary,77719785,167606,31190,215.65,40.13,18.61
Japan,Asia,Low,109299860,83.69,37,59.05,3347,46160,7.29,21.2,6.91,69.37,44.45,58.89,47,91.21,76.75,Tertiary,54273735,117043,21781,215.65,40.13,18.61
Brazil,Asia,Medium,17189959,13.12,43,67.84,8432,6478,42.04,25.94,4.53,34.68,48.29,12.26,35,62.09,59.07,Tertiary,8535814,18407,3425,215.64,40.13,18.61
Egypt,Europe,Low,51095123,86.68,44,40.57,8965,47078,21.19,27.79,2.42,27.13,10.05,21.87,65,82.33,32.58,Primary,25371699,54715,10182,215.65,40.13,18.61
China,Oceania,Low,30776669,17.24,46,50.11,6822,36873,31.51,20.62,9.57,35.86,23.63,13.35,63,71.78,26.37,Primary,15282405,32957,6133,215.65,40.13,18.61
Brazil,Asia,Low,13488889,31.09,33,30.96,8317,9660,21.76,7.26,5.86,33.79,32.59,83.75,46,89,64.64,Primary,6698017,14444,2687,215.65,40.12,18.6
China,South America,Medium,20820880,44.48,22,21.31,551,26489,5.97,31.85,4.1,39.3,17.15,13.53,56,50.34,54.02,Tertiary,10338777,22296,4149,215.65,40.13,18.61
Saudi Arabia,North America,Low,91592559,43.44,49,42.11,8453,37404,24.49,5.73,9.94,23.8,10.1,38.86,37,70.24,52.21,Tertiary,45481030,98081,18252,215.65,40.13,18.61
China,North America,Low,24353731,87.87,33,45.3,476,45596,6.11,19.98,6.35,53.64,38.19,61.69,59,62.26,36.22,Primary,12093043,26079,4853,215.65,40.13,18.61
Brazil,North America,High,55433490,52.46,23,31.92,4044,8043,7.35,19.25,10.71,66.18,11.92,56.54,45,60.19,25.46,Tertiary,27525950,59360,11046,215.65,40.13,18.61
Germany,Europe,High,145689804,88.06,32,76.47,3502,9843,38.81,32.02,6.95,60.86,13.59,72.13,38,52.93,64.86,Secondary,72343458,156011,29032,215.65,40.13,18.61
United Kingdom,Africa,Low,182625231,89.82,47,65.14,2195,18139,21.68,36.89,12.92,39.06,28,66.73,59,50.24,88.43,Tertiary,90684045,195564,36393,215.65,40.13,18.61
South Africa,South America,Low,110298727,57,36,75.52,7424,32269,33.2,19.9,0.82,40.14,47.73,49.49,49,55.27,39.58,Tertiary,54769730,118113,21980,215.65,40.13,18.61
South Korea,Africa,High,182194826,83.65,35,45.45,9755,46344,24.6,11.69,5.53,78.58,10.56,11.7,60,87.05,87.52,Secondary,90470324,195103,36307,215.65,40.13,18.61
South Korea,Asia,Medium,94455665,80.42,40,89.04,7567,29689,7.8,5.16,3.14,21.25,10.86,10.62,60,56.88,69.73,Secondary,46902729,101147,18822,215.65,40.13,18.61
Pakistan,Oceania,High,127418422,66.3,49,80.05,8998,9926,47.81,6.08,3.85,22.77,15.35,10.62,30,59.33,58.48,Primary,63270654,136445,25391,215.65,40.13,18.61
Canada,North America,Medium,25146982,47.75,21,26.46,5784,24450,46.13,12.65,2.41,45.9,26.41,42.32,40,56.87,52.67,Primary,12486938,26928,5011,215.65,40.13,18.61
United States,Europe,Low,173519354,15.14,30,20.76,1759,38675,23.96,24.29,1.95,34.21,18.15,84.98,45,56.44,27.03,Primary,86162447,185813,34578,215.65,40.13,18.61
Mexico,Africa,Medium,183738476,27.08,49,47.3,6980,17734,17,39.56,13.68,49.52,42.3,59.81,62,72.32,61.9,Primary,91236836,196756,36615,215.65,40.13,18.61
Spain,South America,Low,84526867,25.55,35,22.52,5853,42611,39.34,23.42,7.68,70.04,33.55,39.63,55,74.73,59.47,Primary,41972503,90515,16844,215.65,40.13,18.61
France,Europe,High,182884647,38.9,36,61.19,7175,34041,13.43,23.87,3.64,74.6,30.45,35.15,46,82.88,79.89,Primary,90812860,195841,36445,215.65,40.13,18.61
Egypt,South America,Medium,58146775,36.05,31,26.14,8498,12799,46.15,36.13,8.93,70.43,18.11,49.48,30,86.09,50.24,Primary,28873254,62266,11587,215.65,40.13,18.61
Saudi Arabia,North America,Low,189659259,38.62,37,39.77,4247,29276,35.22,19.84,13.12,32.03,30.48,38.79,64,96.66,35.84,Secondary,94176849,203096,37795,215.65,40.13,18.61
India,Oceania,High,170999980,23.12,23,77.58,2711,44351,14.46,11.43,14.26,40.77,45.3,23.08,46,90.47,32.92,Secondary,84911432,183115,34076,215.65,40.13,18.61
United States,Oceania,Medium,37084806,30.8,22,28.73,9096,48737,49.4,9.48,11.07,55.84,24.36,87.91,51,55.25,76.03,Primary,18414762,39712,7390,215.65,40.13,18.61
France,Asia,Low,154321663,48.65,39,27.49,8391,27354,17.87,27.87,3.1,20.51,38.22,14.29,39,74.89,35.05,Secondary,76629678,165255,30753,215.65,40.13,18.61
Brazil,Europe,Medium,1643188,13.45,22,29.37,3928,26137,14.44,18.6,13.5,62.3,36.39,16.93,67,51.54,86.85,Tertiary,815938,1759,327,215.58,40.08,18.59
Argentina,Asia,High,33255185,72.64,21,28.36,4676,23492,32.83,39.11,3.62,21.33,33.34,76.69,66,72.21,37.36,Secondary,16513132,35611,6627,215.65,40.13,18.61
Bangladesh,Europe,Medium,184872688,80.74,38,71.17,1757,7320,35.89,19.57,5.67,25.69,16.01,59.71,60,63.13,44.28,Primary,91800038,197970,36841,215.65,40.13,18.61
South Africa,South America,Medium,87781023,34.72,34,40.38,4266,36969,18.76,30.03,7.86,32.31,28.92,26.71,48,53.55,82.17,Primary,43588381,94000,17492,215.65,40.13,18.61
Canada,South America,Low,77288317,27.51,31,29.94,8610,40481,46.64,24.57,12.87,47.56,40.17,53.72,40,72.98,34.43,Secondary,38378143,82764,15402,215.65,40.13,18.61
Indonesia,Oceania,Medium,42007357,71.05,38,37.55,3963,12521,29.06,31.04,6.77,42.04,43.65,49.88,32,93.52,60.64,Primary,20859095,44983,8371,215.65,40.13,18.61
Indonesia,Oceania,High,146410063,77.03,32,20.51,3281,5955,47.13,18.8,14.7,71.66,17.05,58.03,48,76.38,20.99,Tertiary,72701108,156783,29176,215.65,40.13,18.61
China,Europe,High,139000213,83.31,39,36.28,1832,26863,39.78,34.31,0.11,50.26,31.95,75.12,32,66.76,59.64,Tertiary,69021687,148848,27699,215.65,40.13,18.61
Bangladesh,Asia,Medium,121378608,77.45,32,64.45,8912,42273,15.43,36.22,9.44,73.56,20.04,73.69,37,80.35,85.31,Secondary,60271535,129978,24188,215.65,40.13,18.61
Russia,Europe,Low,140598217,38.7,22,29.99,2532,36981,44.93,28.2,14.41,32.61,40.46,59.24,38,76.03,71.42,Tertiary,69815189,150559,28018,215.65,40.13,18.61
Russia,Oceania,Medium,124708410,32.61,49,27.96,8186,4734,45.92,13.22,7.45,68.52,22.35,24.97,63,60.61,31.32,Primary,61924976,133543,24851,215.65,40.13,18.61
Germany,Asia,Medium,144655972,26.73,34,69.77,8259,7370,32.45,5.38,14.11,62.46,36.47,66.69,32,85.1,76.11,Primary,71830100,154904,28826,215.65,40.13,18.61
Mexico,North America,High,182228235,46.44,25,75.06,7052,4612,19.94,11.51,9.11,79.82,34.41,89.44,39,88.82,51.92,Secondary,90486913,195139,36314,215.65,40.13,18.61
Japan,South America,High,121378837,55.43,41,79.94,6459,12996,38.04,10.78,5.66,62.43,41.63,61.76,67,68.99,81.21,Primary,60271649,129978,24188,215.65,40.13,18.61
Pakistan,Oceania,High,156764769,22.59,20,37.4,1910,31260,17.46,17,0.58,28.46,11.32,26.98,51,54.26,54.98,Primary,77842822,167871,31240,215.65,40.13,18.61
Saudi Arabia,South America,Medium,172015917,28.7,43,60.16,2846,26847,20.12,17.87,8.04,58,41.38,75.21,37,66.73,36.57,Tertiary,85415904,184203,34279,215.65,40.13,18.61
Indonesia,Oceania,Low,155702427,60.41,44,49.55,6328,39494,33.37,26.23,3.96,34.8,16.15,60.42,33,96.46,69.68,Primary,77315307,166733,31028,215.65,40.13,18.61
Turkey,Africa,Low,136003999,34.82,20,82.69,2827,40787,16.37,37.83,11.74,67.3,15.36,42.45,33,94.42,44.42,Secondary,67533892,145639,27102,215.65,40.13,18.61
United Kingdom,Europe,Low,153365968,11.42,21,51.48,6887,46222,30.77,30.06,6.67,79.63,18.56,85.01,38,63.2,68.89,Primary,76155119,164231,30562,215.65,40.13,18.61
Vietnam,South America,High,32587114,62.99,41,75.62,6621,49597,32.27,35.78,11.37,42.45,40.06,23.95,48,71.06,65.87,Tertiary,16181396,34895,6493,215.65,40.13,18.61
Nigeria,Oceania,Low,110767206,34.58,40,68.3,7055,35917,29.55,27.89,6.19,51.36,46.69,60.65,45,90.29,44,Secondary,55002357,118615,22073,215.65,40.13,18.61
China,South America,Low,6389043,68.02,38,56.07,9256,2638,8.43,34.11,1.51,46.71,29.39,70.12,53,89.2,72.72,Secondary,3172531,6841,1273,215.63,40.13,18.61
United Kingdom,Oceania,High,123999655,66.95,36,42.61,1911,4431,38.77,16.94,1.56,72.08,26.22,74.81,59,78.42,78.79,Tertiary,61573038,132784,24710,215.65,40.13,18.61
Germany,Africa,High,161346500,47.96,30,76.61,5769,18934,42.09,13.43,14.79,66.29,19.41,19.6,48,69.49,83.54,Secondary,80117918,172777,32153,215.65,40.13,18.61
Italy,North America,Low,130675936,17.23,41,57.39,5636,18673,16.81,33.59,12.62,49.6,48.63,29.33,50,54.21,59.76,Tertiary,64888199,139934,26041,215.65,40.13,18.61
Vietnam,Oceania,High,1827016,25.05,31,80.16,1226,7634,26.06,31.36,13.3,71.45,44.7,43.13,52,79.43,60.34,Primary,907219,1956,364,215.6,40.12,18.61
Vietnam,North America,Medium,126704669,13.82,48,75.47,1492,2109,45.57,39.69,5.71,54.82,32.67,34.85,68,80.49,80.95,Secondary,62916234,135681,25249,215.65,40.13,18.61
China,Oceania,Low,55100464,31.93,27,34.17,7799,28599,14.72,19.51,2.67,51.58,37.29,14.03,54,57.59,20.8,Primary,27360583,59004,10980,215.65,40.13,18.61
United States,Asia,High,169090945,67.01,39,20.04,4606,28565,33.33,22.95,13.21,59.87,32.96,62.72,46,63.42,27.24,Primary,83963485,181070,33696,215.65,40.13,18.61
Russia,North America,Low,81030925,31.55,26,82.95,2953,40996,11.11,9.28,6.94,52.76,26.41,71.98,38,83.83,45.86,Primary,40236565,86771,16147,215.65,40.13,18.61
Russia,Oceania,Medium,72196462,36.93,49,28.85,2383,5159,32.66,16.17,4.97,63.36,26.95,85.36,31,95.17,29.07,Secondary,35849740,77311,14387,215.65,40.13,18.61
India,Europe,Medium,114693397,52.22,45,57.52,5110,34171,26.39,7.7,0.39,31.69,32.88,45.97,39,87.69,22.45,Secondary,56951940,122819,22856,215.65,40.13,18.61
France,Africa,Medium,42970481,11.3,29,42.95,1630,47359,31.47,27.06,9.55,74.9,48.28,77.31,58,83.22,59.51,Tertiary,21337342,46014,8562,215.65,40.13,18.61
Canada,Africa,Medium,25414214,37.76,23,23.1,937,4714,26.96,6.42,4.31,28.39,36.68,11.69,63,79.89,59.76,Primary,12619634,27214,5064,215.65,40.13,18.61
Turkey,South America,Low,196479712,17.1,30,50.94,5462,24697,24.82,19.48,1.75,24.62,28.99,74.27,32,84.37,47.9,Primary,97563600,210400,39154,215.65,40.13,18.61
Brazil,Oceania,Low,151340381,84.7,35,89.63,9280,7250,20.35,7.58,2.31,55.82,24.27,69.89,50,88.98,27.62,Tertiary,75149298,162062,30159,215.65,40.13,18.61
Mexico,South America,Low,6188793,23.17,28,36.81,1136,37760,45.55,31.33,12.7,75.33,35.47,42.18,44,57.57,57.03,Secondary,3073095,6627,1233,215.65,40.12,18.61
Bangladesh,South America,High,40794302,22.32,26,75.62,1108,1283,33.21,21.48,12.49,23.8,38.2,78.28,55,83.56,74.03,Tertiary,20256742,43684,8129,215.65,40.13,18.61
Saudi Arabia,Asia,Medium,37545763,71.68,22,28.9,1299,22067,34.12,9.4,6.99,65.81,26.11,50.46,51,83.89,31.1,Primary,18643654,40205,7481,215.65,40.13,18.61
Australia,North America,Medium,142762835,64.74,38,54.65,3663,4427,47.72,19.74,0.17,60.67,22.51,40.63,67,85.78,66.58,Tertiary,70890047,152877,28449,215.65,40.13,18.61
South Africa,Asia,Medium,171714446,58.57,45,45.36,9160,4810,24.91,36.26,5.94,67.62,39.99,77.92,37,91.25,69.74,Tertiary,85266206,183880,34219,215.65,40.13,18.61
United States,Europe,Low,47083148,40.95,45,34.96,4001,44181,41.08,39.33,1.88,45.66,20.3,48.36,46,79.47,63.62,Primary,23379520,50418,9382,215.65,40.13,18.61
Pakistan,South America,Low,53802922,45.48,27,22.87,1988,33583,17.21,16.35,4.68,70.57,19.78,79.94,59,82.31,76.5,Tertiary,26716278,57614,10721,215.65,40.13,18.61
Indonesia,Asia,Medium,21528573,17.92,43,71.45,2139,3713,8.69,26.11,11.29,24.53,23.73,88.03,32,65.91,48.12,Tertiary,10690188,23053,4290,215.65,40.13,18.61
Argentina,Oceania,Low,3751313,40.41,36,68.54,300,13671,21.08,9.78,9.02,75.64,32.81,58.62,42,90.05,47.52,Tertiary,1862745,4017,747,215.65,40.1,18.6
South Africa,Oceania,Medium,28847321,61.4,36,50.4,6075,36763,23.44,37.21,9.66,41.98,14.9,87.91,68,56.79,60.97,Secondary,14324372,30891,5748,215.65,40.13,18.61
South Africa,Europe,High,58290450,32.81,38,53.26,9684,30339,8.77,35.14,10.4,58.97,11.96,87.33,53,78.37,75.64,Primary,28944597,62420,11616,215.65,40.13,18.61
Canada,Oceania,High,131683004,16.74,46,26.57,7171,33487,42.55,34.78,4.5,49.61,22.68,40.19,57,59.16,26.97,Secondary,65388267,141012,26241,215.65,40.13,18.61
Japan,Asia,Low,14074027,37.2,38,35.38,7520,4662,13.91,8.35,12.09,43.26,10.15,38.89,32,58.68,28.31,Secondary,6988572,15071,2804,215.65,40.12,18.61
India,Africa,Medium,52127936,14.57,40,71.74,3222,44736,6.67,37.82,4.28,34.96,23.05,83.01,59,95.39,67.17,Secondary,25884551,55821,10388,215.65,40.13,18.61
Russia,Asia,Low,138386005,71.5,39,53.21,808,11686,22.18,19.53,8.53,71.49,38.7,62.08,49,91.97,57.94,Secondary,68716697,148190,27577,215.65,40.13,18.61
Nigeria,North America,High,62822252,42.04,25,64.82,6610,23795,48.49,33.78,12.21,33.22,15.78,17.48,36,63.77,54.8,Primary,31194900,67273,12519,215.65,40.13,18.61
France,South America,Medium,111515600,37.95,22,55.85,8615,20946,10.05,13.32,6.43,47.84,38.52,78.73,61,71.14,51.83,Tertiary,55373979,119416,22222,215.65,40.13,18.61
Australia,Oceania,High,62738926,10.84,30,85.15,8961,16944,30.83,31.31,13.51,58.6,44.76,71.41,47,77.36,77.13,Secondary,31153524,67183,12502,215.65,40.13,18.61
Canada,Africa,Low,124568088,16.2,45,26.22,7122,37660,18.19,37.93,9.12,27.57,23.48,69.93,56,54.12,24.36,Primary,61855298,133393,24823,215.65,40.13,18.61
India,Europe,High,65966901,88.09,39,75.96,9408,33785,40.85,39.88,5.32,26.5,27.2,20.16,50,58.5,47.06,Primary,32756401,70640,13145,215.65,40.13,18.61
Vietnam,North America,High,113330111,27.29,20,31.71,6134,6581,16.35,5.18,3.13,66.02,33.07,51.24,39,59.02,52.27,Tertiary,56274989,121359,22584,215.65,40.13,18.61
Pakistan,Europe,Low,92147636,14.16,30,77.25,3185,6671,17.39,32.81,6.76,75.31,28.4,17.55,40,66,60.57,Tertiary,45756658,98676,18363,215.65,40.13,18.61
Nigeria,Oceania,Medium,32629299,44.98,27,67.14,1765,23431,10.22,21.24,7.6,69.63,21.59,63.84,37,68.65,57.22,Tertiary,16202344,34941,6502,215.65,40.13,18.61
Vietnam,South America,Medium,97547336,73.54,31,79.63,9753,33957,24.82,24.3,2.26,41.01,27.02,44.34,42,59.48,54.21,Tertiary,48437923,104458,19439,215.65,40.13,18.61
Australia,Asia,High,186320958,54.07,28,49.03,6539,10280,7.8,34.82,7.29,54.73,10.52,44.07,56,51.01,87.99,Primary,92519188,199521,37129,215.65,40.13,18.61
Russia,Europe,Medium,108434904,17.68,46,54.5,3099,5531,11.3,36.86,12.77,73.43,46.83,56.01,63,63.98,68.61,Secondary,53844234,116117,21608,215.65,40.13,18.61
Saudi Arabia,Oceania,High,121584743,83.51,49,28.55,5403,37210,24.77,14.95,9.77,53.25,47.82,70.24,40,58.32,24.46,Primary,60373893,130198,24229,215.65,40.13,18.61
Russia,South America,Low,130641333,55.97,22,88.64,1822,27295,32.53,39.75,0.91,62.39,14.26,33.65,57,67.1,52.25,Secondary,64871017,139897,26034,215.65,40.13,18.61
Canada,Africa,High,177334466,85.78,47,55.32,5712,10096,15.82,36.69,12.49,33.04,27.79,62.54,59,59.86,70.92,Primary,88056872,189898,35339,215.65,40.13,18.61
Russia,Asia,High,48358364,70.34,26,88.63,4590,46378,18.67,33.01,4.38,59.1,23.33,22.14,55,59.93,77.83,Tertiary,24012739,51784,9636,215.65,40.13,18.61
Italy,North America,Low,125567118,74.23,38,46.66,1924,11559,33.23,8.68,6.16,25.54,20.9,49.48,30,97.94,72.92,Primary,62351374,134463,25022,215.65,40.13,18.61
Italy,Africa,Low,53505827,55.15,26,79.09,2072,2271,14.42,14.82,6.26,66.14,27.5,32.52,69,59.28,69.84,Secondary,26568753,57296,10662,215.65,40.13,18.61
Turkey,Africa,Low,58293907,85.09,36,38.96,379,7872,21.43,32.72,8.01,45.91,22.92,67.89,68,80.6,44.65,Tertiary,28946314,62424,11616,215.65,40.13,18.61
Canada,Asia,Medium,199349162,56.58,23,51.14,287,30220,26.06,11.97,3.47,35.99,45.47,71.66,47,55.47,49.91,Primary,98988449,213472,39726,215.65,40.13,18.61
Turkey,Africa,High,95607127,20.23,28,64.79,9199,1050,34.97,18.27,9.74,45.13,19.52,16.31,48,84.3,80.8,Tertiary,47474497,102380,19052,215.65,40.13,18.61
Saudi Arabia,Africa,Medium,85040289,14.41,43,63.11,311,33849,24.01,35.57,1.63,39.7,28.27,51.95,66,77.35,73.84,Primary,42227447,91065,16946,215.65,40.13,18.61
Saudi Arabia,South America,Low,9737382,11.83,39,66.4,5861,24230,6.12,8.13,12.11,22.16,40.13,47.59,56,78,32.04,Tertiary,4835176,10427,1940,215.65,40.12,18.61
Germany,South America,High,34413908,68.32,23,53.98,3980,27249,41.53,33.79,4.07,57.59,49.93,88.84,52,77.37,88.66,Primary,17088506,36852,6857,215.65,40.13,18.61
Canada,Africa,Medium,187770074,57.84,23,88.9,5884,39565,27.69,9.38,7.5,36.83,42.74,67.4,64,68.89,84.23,Tertiary,93238758,201073,37418,215.65,40.13,18.61
Nigeria,Europe,Medium,49894289,64.57,22,47.9,4411,40202,9.9,26.49,1.23,20.73,43.23,72.59,60,72.82,48.95,Primary,24775415,53429,9942,215.65,40.13,18.61
Spain,Asia,Low,189670016,68.13,47,78.12,206,19438,31.18,32.08,0.59,64.54,46.89,69.18,37,89.3,49,Primary,94182190,203108,37797,215.65,40.13,18.61
Indonesia,North America,Medium,56131141,18.06,31,52.42,3737,48623,26.6,31.85,12.5,73.35,40.09,21.33,40,94.39,64.03,Tertiary,27872375,60108,11185,215.65,40.13,18.61
China,Oceania,Low,66689614,11.89,25,67.88,8743,45136,34.18,33.5,6.64,46.49,44.91,68.76,38,88.1,44.03,Tertiary,33115270,71414,13289,215.65,40.13,18.61
Japan,Oceania,High,10923793,11.47,30,48.01,4165,41348,46.65,28.92,10.09,70.81,11.1,65.3,41,85.98,78.69,Secondary,5424298,11697,2176,215.64,40.12,18.6
Russia,Asia,Low,64516335,86.12,20,24.91,6849,2043,48.84,20.63,1.15,43.16,33.24,49.62,37,74.94,72.25,Primary,32036111,69087,12856,215.65,40.13,18.61
Nigeria,North America,Medium,169511401,43.47,30,40.52,6737,13735,43.73,21.13,11.78,79.11,49.49,32.28,69,90.79,47.14,Tertiary,84172266,181521,33780,215.65,40.13,18.61
India,Europe,Medium,139100460,41.52,46,77.86,1171,28897,21.69,24.91,13.37,48.38,23.37,81.45,37,74.13,29.58,Secondary,69071465,148955,27719,215.65,40.13,18.61
Bangladesh,North America,High,110110811,45.34,48,40.72,3048,12601,18.4,29.75,7.35,46.81,18.68,49.85,46,98.95,35.52,Tertiary,54676419,117912,21942,215.65,40.13,18.61
United States,Asia,Medium,180042816,49.78,23,27.29,8836,15549,30.36,8.26,0.81,75.49,40.62,51.45,53,51.02,85.17,Secondary,89401726,192798,35878,215.65,40.13,18.61
Germany,Africa,Medium,134565992,49.69,26,72.19,5087,37342,18.26,34.8,2.16,24.65,41.7,13.8,31,68.38,27.05,Tertiary,66819838,144099,26816,215.65,40.13,18.61
Russia,Asia,Medium,6046423,44.31,31,32.39,9690,18675,11.43,25.01,1.52,55.69,27.56,55.27,35,87.24,28.91,Primary,3002400,6474,1204,215.63,40.1,18.6
Egypt,Africa,Low,168659329,59.83,32,33.22,5365,49507,38.37,21.17,2.12,36.24,43.69,44.55,53,70.57,85.08,Primary,83749162,180608,33610,215.65,40.13,18.61
Russia,Asia,High,7551201,37.28,45,74.07,4361,6677,23.04,39.42,14.19,47.43,19.63,62.25,38,77.99,63.84,Primary,3749610,8086,1504,215.65,40.11,18.6
India,Oceania,Medium,170675580,47.62,37,64.15,144,17346,42.67,16.44,9.63,45.77,41.23,74.03,47,63.41,33.69,Primary,84750348,182767,34012,215.65,40.13,18.61
Italy,South America,Medium,171380305,21.02,21,35.01,2280,11930,44.87,27.87,0.71,42.1,32.08,51.31,51,82.24,36.5,Secondary,85100285,183522,34152,215.65,40.13,18.61
South Korea,Europe,Medium,25550516,66.14,42,25.88,3616,21210,36.34,23.99,14.16,47.27,18.93,62.07,65,75.23,86.17,Secondary,12687316,27360,5091,215.65,40.13,18.61
Indonesia,Oceania,Low,72046773,64.73,22,67.37,8098,14373,39.47,22.75,9.37,61.34,23.08,67.65,38,97.57,54.73,Tertiary,35775411,77151,14357,215.65,40.13,18.61
Canada,Asia,Medium,82897716,37.02,42,54.7,6566,14987,41.81,15.71,10.98,68.21,38.77,64.71,61,64,62.45,Tertiary,41163535,88770,16519,215.65,40.13,18.61
South Africa,Oceania,Medium,127896418,46.43,46,79.87,8411,46172,17.3,27.45,12.88,33.33,47.44,16.42,33,92.49,30.12,Primary,63508007,136957,25487,215.65,40.13,18.61
Nigeria,Europe,Medium,196355641,38.81,24,61.03,4628,10678,42.52,37.34,0.12,49.99,24.16,57.68,68,69.44,47.46,Primary,97501992,210267,39129,215.65,40.13,18.61
Egypt,Europe,High,45610408,61.49,25,59.52,6807,4512,9.37,28.19,2.78,34.61,14.74,26.02,50,93.55,30.31,Primary,22648219,48841,9089,215.65,40.13,18.61
Spain,Asia,High,163595031,32.61,45,52.22,4251,5503,6.53,26.97,7.82,25.52,10.2,70.14,54,92.12,58.5,Primary,81234444,175185,32601,215.65,40.13,18.61
Turkey,Africa,Medium,108049781,36.34,47,35.22,8959,23670,37.59,15.34,9.24,60.35,39.15,72.57,46,81.39,36.04,Secondary,53652998,115705,21532,215.65,40.13,18.61
Australia,North America,High,167198994,27.15,33,21.21,8624,25325,39.06,39.61,10.36,53.82,37.78,11.79,41,97.61,60.47,Tertiary,83024021,179044,33319,215.65,40.13,18.61
China,Africa,High,145228556,72.72,46,76.15,4860,5922,38.05,14.02,9.35,30.51,12.44,20.36,56,76.92,82.65,Primary,72114421,155517,28941,215.65,40.13,18.61
Vietnam,Europe,Low,87836298,11.63,49,59.88,6632,40244,18.44,13.89,8.45,55.63,31.14,65.78,35,75.32,44.49,Tertiary,43615828,94059,17503,215.65,40.13,18.61
Spain,Oceania,Medium,159220016,76.88,27,32.39,677,38490,40.37,16.43,9.9,40.81,19.11,82.08,44,62.03,22.27,Secondary,79061995,170500,31729,215.65,40.13,18.61
Vietnam,South America,Medium,44384077,84.03,25,67.57,9463,29035,22.45,11.08,11.24,49.94,21.6,82.5,57,73.13,76.98,Secondary,22039274,47528,8844,215.65,40.13,18.61
United Kingdom,South America,Medium,63578644,18.33,32,45.05,6760,39815,37.9,28.49,8.29,49.65,26.26,20.54,63,94.03,21.18,Secondary,31570493,68083,12669,215.65,40.13,18.61
Turkey,Asia,Low,26087483,32.17,29,59.83,8776,40254,48.86,32.11,13.31,60.65,13,52.98,51,60.67,71.03,Tertiary,12953952,27935,5198,215.65,40.13,18.61
Saudi Arabia,North America,Medium,77622833,67.24,47,59.14,2456,11422,48.62,9.02,7.77,49.52,30.46,65.1,61,71.47,60.86,Primary,38544249,83122,15468,215.65,40.13,18.61
Australia,Asia,Low,121226264,74.77,32,68.69,8324,28226,48.55,33.45,11.69,25.06,37.48,55.73,53,75.1,72.95,Primary,60195888,129815,24157,215.65,40.13,18.61
Spain,Asia,Medium,75308873,82.8,36,48.97,8687,26594,18.49,25.71,1.47,77.48,38.98,50.97,49,94.58,22.15,Tertiary,37395233,80644,15007,215.65,40.13,18.61
Bangladesh,North America,Low,184267775,11.18,37,35.21,6897,23312,26.28,25.09,10.87,53.27,34.24,10.43,34,51.2,73.67,Secondary,91499663,197323,36720,215.65,40.13,18.61
Canada,Europe,Low,7700152,12.98,33,64.51,7199,3646,41.48,29.98,12.68,41.17,24.62,55.98,54,96.4,29.95,Primary,3823573,8245,1534,215.64,40.12,18.61
Germany,Oceania,Medium,22825197,87.43,38,34.17,7094,35507,6.65,5.16,6.57,31.59,26.26,15.36,54,80.25,59.22,Secondary,11334037,24442,4548,215.65,40.13,18.61
Nigeria,Oceania,Medium,79365197,14.77,28,54.84,8111,21121,46.43,24.61,11.89,38.67,10.47,78.11,52,72.83,59.41,Tertiary,39409434,84988,15815,215.65,40.13,18.61
Bangladesh,Europe,High,1602231,78.57,32,29.36,9420,8547,27.2,13.42,3.95,68.87,47.16,49.33,36,78.4,53.41,Secondary,795600,1715,319,215.56,40.1,18.6
Mexico,North America,Medium,44816308,46.82,27,41.12,5298,9930,6.65,15.49,9.16,61.78,46.76,14.19,62,91.56,62.58,Tertiary,22253902,47991,8930,215.65,40.13,18.61
Nigeria,South America,Low,5859743,87.84,27,68.94,313,34702,25,16.65,1.6,74.98,27.76,78.28,41,52.31,63.26,Secondary,2909703,6274,1167,215.62,40.11,18.6
Argentina,Asia,Low,20463121,57.55,21,84.28,6835,46804,19.77,38.59,5.02,51.4,10.58,40.46,47,79.01,74.84,Secondary,10161129,21912,4077,215.65,40.12,18.61
Spain,Asia,Medium,79532754,49.56,29,51.77,7686,3783,17.08,18.07,0.67,27.71,34.07,72.88,31,80.09,45.26,Tertiary,39492636,85167,15849,215.65,40.13,18.61
South Africa,Africa,High,112413340,29.33,26,46.11,8821,4464,38.72,9.06,1.44,27.56,46.47,55.5,42,61.38,73.07,Secondary,55819759,120377,22401,215.65,40.13,18.61
Bangladesh,Oceania,Medium,74358306,76.34,41,47.85,2489,30707,45.29,28.35,8.6,71.26,27.68,68.25,69,68.74,45.75,Secondary,36923222,79626,14818,215.65,40.13,18.61
France,North America,Low,157862031,47.6,31,79.44,2112,42973,33.06,23.12,7.55,46.46,47.48,64.31,55,68.88,56.79,Tertiary,78387676,169046,31458,215.65,40.13,18.61
Spain,Oceania,Low,113866783,68.2,41,28.75,6588,29047,31.15,5.93,7.99,79.23,27.42,54.99,66,91.11,65.23,Secondary,56541478,121934,22691,215.65,40.13,18.61
Egypt,Europe,Low,181259858,86.37,45,21.98,5070,27030,41.51,15.39,9.67,56.52,14.37,78.64,47,82.17,37.28,Tertiary,90006058,194102,36121,215.65,40.13,18.61
India,Europe,High,77476881,65.1,25,64.55,1038,13860,18.48,39.46,6.97,51.48,25.96,46.09,39,92.23,78.72,Secondary,38471776,82966,15439,215.65,40.13,18.61
Bangladesh,Africa,High,117427298,61.74,30,49.46,2317,24034,48.67,19.98,14.3,64.97,25.14,26.97,51,97.05,79.27,Primary,58309480,125746,23400,215.65,40.13,18.61
France,Oceania,Low,171114848,72.85,33,51.52,9571,25561,10.92,15.67,11.06,47.23,20.2,32.24,59,95.8,83.3,Tertiary,84968470,183238,34099,215.65,40.13,18.61
Germany,Oceania,Medium,11264804,12.98,29,83.18,2274,33714,20.76,34.38,2.39,45.3,27.04,80.33,45,79.69,54.9,Primary,5593630,12062,2244,215.64,40.12,18.6
Russia,Europe,High,20084592,15.67,27,83.68,6423,15490,10.4,7.45,12.51,69.7,11.59,49.46,64,68.99,84.15,Secondary,9973167,21507,4002,215.65,40.13,18.61
Saudi Arabia,Africa,Low,150940722,60.72,30,72.04,4034,13223,31.88,30.05,12.08,68.11,27.29,89.7,68,54.52,82.91,Secondary,74950844,161634,30079,215.65,40.13,18.61
Pakistan,Africa,Medium,89978549,16.01,31,65.54,926,10361,49.76,7.42,13.07,20.13,18.39,58.97,55,70.63,83.77,Primary,44679581,96353,17930,215.65,40.13,18.61
Saudi Arabia,Asia,Medium,123433848,66.53,25,84.08,5905,22619,35.46,39.45,5.08,79.37,16.49,79.86,41,69,86.45,Tertiary,61292082,132179,24597,215.65,40.13,18.61
China,Africa,Medium,53225764,81.27,43,65.71,7894,26173,24.67,12.66,13.39,36.32,14.29,73.48,30,69.44,24.46,Tertiary,26429686,56996,10606,215.65,40.13,18.61
India,Europe,Low,92257593,12.85,44,25.06,1594,49331,44.77,32.77,5.9,52.57,17.17,76.74,64,84.08,80.76,Tertiary,45811258,98794,18385,215.65,40.13,18.61
Bangladesh,Africa,High,168070794,51.42,45,20.75,8362,9662,49.87,27.4,9.19,20.35,32.92,74.75,55,94.39,76,Tertiary,83456921,179978,33493,215.65,40.13,18.61
Bangladesh,Europe,High,27271659,19.65,32,84.33,498,31712,25.68,13.33,7.08,58.38,21.17,26.02,64,79.73,20.13,Primary,13541964,29203,5434,215.65,40.13,18.61
Australia,Oceania,Low,122615558,43.97,45,30.8,7288,2275,40.02,29.31,3.34,76.05,42.05,35.44,48,83.44,83.64,Secondary,60885753,131302,24434,215.65,40.13,18.61
South Africa,Oceania,High,183949235,87.57,48,73.35,7808,30639,49.84,5.76,12.56,40.96,32.82,70.5,54,58.66,81.23,Secondary,91341490,196981,36657,215.65,40.13,18.61
Spain,South America,Low,148810356,59.42,48,69.96,7199,32781,39.11,11.42,7.5,73.56,43.53,57.15,66,95.46,22.01,Primary,73892993,159353,29654,215.65,40.13,18.61
Spain,Asia,Low,119754427,68.23,33,46.56,6989,20293,22.68,16.09,0.68,61.86,46.64,17.18,51,89.99,62.16,Secondary,59465035,128238,23864,215.65,40.13,18.61
Italy,Africa,Medium,78107472,61.77,37,21.59,3198,33534,22.34,34.45,0.62,62.15,48.78,10.21,47,66.15,80.14,Tertiary,38784901,83641,15565,215.65,40.13,18.61
France,Africa,Low,111948758,59.74,42,27.55,1942,40087,15.73,11.09,5.69,46.85,36.49,20.56,38,90.32,67.87,Primary,55589067,119880,22309,215.65,40.13,18.61
Saudi Arabia,Africa,Medium,37600848,50.92,48,43.07,3560,30593,5.84,12.2,8.98,22.75,44.6,57.24,40,68.64,25.08,Secondary,18671007,40264,7492,215.65,40.13,18.61
France,South America,Low,42969305,29.38,49,20.66,1633,34289,18.81,10.49,13.39,65.7,22.53,27.74,37,81.24,67.26,Primary,21336758,46013,8562,215.65,40.13,18.61
Italy,Asia,Low,179344856,47.97,39,64.74,7570,7204,46.66,10.29,2.35,22.65,20.45,79.1,56,65.71,21.21,Secondary,89055148,192051,35739,215.65,40.13,18.61
Canada,Europe,Low,8823234,60,29,79.43,2137,16986,35.06,20.16,5.09,70.79,34.68,63.78,33,76.27,72.44,Primary,4381248,9448,1758,215.65,40.13,18.61
France,North America,Medium,5937762,71.32,46,25.34,8604,8224,22.97,22.64,13.74,59.77,20.84,50.34,30,81.24,26.96,Secondary,2948444,6358,1183,215.64,40.12,18.61
Vietnam,North America,High,184089401,65.26,24,65.57,9700,34385,49.92,17.89,11.92,30.39,35.6,40.15,61,87.93,44.07,Primary,91411090,197132,36685,215.65,40.13,18.61
Indonesia,Europe,Medium,169410567,85.12,31,57.67,7123,46266,44.94,12.85,4.82,48.94,29.56,49.14,39,85.06,31.26,Primary,84122196,181413,33760,215.65,40.13,18.61
Brazil,Oceania,Low,3856567,29.26,33,80.1,4206,27639,24.23,31.76,13.31,47.86,25.28,82.54,66,91.07,29.98,Tertiary,1915009,4129,768,215.61,40.1,18.6
India,Africa,High,45502038,84.03,20,63.4,677,48367,26.59,24.84,6.3,35.96,36.15,35.19,59,75.11,67.08,Primary,22594407,48725,9067,215.65,40.13,18.61
India,Africa,Low,9807250,70.88,26,85.59,5195,42766,46.63,21.68,1.95,43.52,13.91,66.49,33,57.05,69.35,Tertiary,4869869,10502,1954,215.65,40.12,18.61
South Korea,Africa,Medium,68355155,54.47,46,75.69,9800,18110,38.28,8.18,4.36,65.91,37.13,20.86,59,78.02,23.33,Secondary,33942308,73198,13621,215.65,40.13,18.61
Argentina,North America,Medium,199489234,57.32,46,24.38,3210,31567,25.06,26.73,1.89,22.88,35.92,34.26,31,62.85,77.56,Secondary,99058003,213622,39754,215.65,40.13,18.61
Indonesia,South America,Medium,101267228,84.47,31,20.99,8573,20018,27.6,20.5,6.06,25.1,36.56,82.62,67,52.24,62.71,Secondary,50285066,108441,20180,215.65,40.13,18.61
Egypt,Asia,Medium,158335224,75.91,41,30.79,3697,17635,47.63,12.08,4.28,59.24,29.94,73.82,47,91.47,83.56,Tertiary,78622644,169553,31553,215.65,40.13,18.61
Argentina,Asia,High,36211817,35.42,44,73.85,5142,14571,47.36,36.33,6.56,62.32,25.71,66.82,42,77.92,36.59,Primary,17981272,38777,7216,215.65,40.13,18.61
Russia,Asia,Low,128653297,67.09,41,45.11,9340,47481,49.95,8.81,11.53,22.52,12.14,45.22,45,95.19,89.75,Tertiary,63883842,137768,25637,215.65,40.13,18.61
Japan,Oceania,Low,129344004,31.3,34,33.7,9510,9898,6.05,8.42,1.66,45.17,36.69,10.34,47,95.72,23.47,Secondary,64226818,138507,25775,215.65,40.13,18.61
China,Asia,High,153834181,32.42,36,48.82,5349,11161,30.61,39.6,0.07,45.46,22.92,61.29,34,59.41,56.66,Primary,76387614,164733,30656,215.65,40.13,18.61
Spain,Europe,Low,79039451,59.39,43,28.49,9404,17462,39.65,27.78,11.78,51.83,18.32,29.09,49,69.01,64.06,Tertiary,39247682,84639,15750,215.65,40.13,18.61
Germany,Africa,High,193339734,48.95,41,47.86,7154,34577,17.82,18.79,14.14,21.51,40.53,47.53,47,72.15,20.01,Secondary,96004418,207037,38528,215.65,40.13,18.61
Japan,Africa,Medium,154830762,44.69,32,23.12,1764,33784,19.39,20.32,11.11,54.73,42.82,28.95,52,67.58,76.21,Tertiary,76882475,165800,30854,215.65,40.13,18.61
India,Oceania,Medium,102328152,20.6,24,49.8,565,24379,32.1,37.6,14.6,69.83,41.2,40.04,37,66.17,67.57,Secondary,50811876,109578,20391,215.65,40.13,18.61
Japan,Europe,Low,106402602,80.56,45,74.1,2691,16024,21.26,8.9,12.29,62.44,41.64,16.3,50,82.15,89.05,Secondary,52835078,113941,21203,215.65,40.13,18.61
Vietnam,South America,Medium,63896614,39.93,31,71.72,3709,33719,35.8,8.73,9.9,22.8,29.21,77.9,30,51.1,27.82,Primary,31728383,68423,12733,215.65,40.13,18.61
Argentina,Europe,Medium,115293768,10.85,32,58.29,4156,4734,11.38,21.62,13.94,58.45,37.6,87.43,54,86.93,58.84,Tertiary,57250059,123462,22975,215.65,40.13,18.61
Mexico,Europe,High,158738277,43.49,36,88.4,8218,24773,11.64,32.65,8.05,37.61,33.45,78.29,57,93.41,88.57,Tertiary,78822783,169984,31633,215.65,40.13,18.61
Japan,Africa,High,188785671,48.55,45,35.47,2744,49812,34.64,14.72,14.32,28.39,31.53,42.29,54,98.65,72.74,Secondary,93743061,202161,37621,215.65,40.13,18.61
Egypt,South America,Medium,114279281,79.71,22,50.5,5253,39283,6.49,20.78,4.48,46.39,21.07,42.01,44,64.02,33.28,Tertiary,56746307,122375,22773,215.65,40.13,18.61
Mexico,Oceania,High,31672157,59.84,45,63.84,7948,36848,6.55,15.25,14.55,62.37,31.14,37.25,66,85.46,23.21,Secondary,15727067,33916,6311,215.65,40.13,18.61
Japan,Africa,Medium,115001596,19.96,30,87.75,8888,16556,25.66,15.1,13.07,61.91,27.51,29.34,35,65.18,50.86,Tertiary,57104978,123149,22917,215.65,40.13,18.61
Australia,Africa,Medium,168698757,45.35,32,30.32,3744,43698,47.31,38.61,4.53,32.77,38.05,45.42,50,50.37,28.41,Secondary,83768741,180651,33618,215.65,40.13,18.61
Brazil,Oceania,High,102544443,14.09,20,27.6,634,37242,12.96,12.49,8.04,49.36,45.57,27.62,45,59.01,72.6,Tertiary,50919278,109809,20434,215.65,40.13,18.61
China,South America,Low,81275718,52.25,35,41.4,8419,32867,40.04,18.84,2.84,67.8,10.78,52.99,61,88.59,26.06,Tertiary,40358119,87034,16196,215.65,40.13,18.61
Germany,South America,High,179776253,55.18,42,60.06,6065,44112,20.61,27.63,5.77,23.15,36.51,27.39,62,98.9,42.48,Secondary,89269362,192513,35825,215.65,40.13,18.61
Indonesia,North America,Medium,70931531,86.06,34,62.58,4293,21199,21.5,36.87,8.26,26.48,24.19,83.88,30,73.28,50.95,Primary,35221629,75957,14135,215.65,40.13,18.61
Brazil,South America,Medium,131007227,26.22,23,44.4,9373,45258,9.09,32.59,5.38,77.02,13.79,62.09,53,98.4,81.73,Primary,65052705,140289,26107,215.65,40.13,18.61
Germany,Asia,Low,78720681,39.48,40,66.23,1812,17202,48.23,29.02,6.18,33.51,44.49,37.45,39,50.15,25.47,Secondary,39089395,84298,15687,215.65,40.13,18.61
South Korea,North America,High,92505712,16.11,34,66.78,6546,8005,10.16,28.06,10.27,20.75,31.55,13.48,53,90.02,60.27,Secondary,45934464,99059,18434,215.65,40.13,18.61
Germany,Africa,High,91257162,50.88,42,67.05,2637,21515,14.85,26.69,1.04,34.51,17.38,45.64,61,65.49,43.73,Primary,45314486,97722,18185,215.65,40.13,18.61
China,Oceania,Medium,110603777,16.27,30,29.72,2941,13172,37.86,36.12,1.8,78.06,25.68,28.85,61,92.32,86.22,Primary,54921205,118440,22041,215.65,40.13,18.61
Spain,Africa,Medium,147688195,23.14,45,54.94,7084,16727,37.45,19.57,12.2,21.04,14.16,10.22,55,68.35,22.57,Primary,73335775,158151,29431,215.65,40.13,18.61
Mexico,Asia,Medium,69951629,82.25,30,82.37,5186,19898,7.8,10.54,14.46,30.24,14.45,26.99,53,56.15,55.63,Secondary,34735050,74907,13939,215.65,40.13,18.61
Japan,Oceania,Low,150191142,27.98,44,27.17,7977,17261,15.09,24.12,2.44,50.71,25.83,52.11,37,52.63,52.47,Secondary,74578634,160832,29930,215.65,40.13,18.61
Bangladesh,Africa,Low,59828583,88.96,31,32.45,6000,42357,47.15,19.67,14.45,47.71,26.96,37.4,30,66.17,21.43,Primary,29708369,64067,11922,215.65,40.13,18.61
South Korea,Europe,Medium,86092858,47.2,23,30.79,1186,7455,37.51,18.91,0.53,51.33,42.14,85.85,43,83.46,62.01,Primary,42750109,92192,17156,215.65,40.13,18.61
Mexico,South America,High,172966195,72.59,38,42.63,4997,10933,29.64,11.47,14.56,46.26,24.7,73.3,43,61.22,22.9,Secondary,85887772,185220,34468,215.65,40.13,18.61
Australia,Africa,Medium,26341394,67.42,26,20.69,4912,21834,35.82,23.63,5.75,20.72,18.62,16.41,51,76.86,39.82,Primary,13080033,28207,5249,215.65,40.13,18.61
India,Africa,High,63928878,11.3,20,66.88,5059,38572,22.24,30.41,4.39,28.59,43.35,11.55,53,67.7,30.78,Primary,31744404,68458,12739,215.65,40.13,18.61
Turkey,Oceania,High,12852563,43.69,36,52.65,5530,25336,34.33,27.37,11.34,36.39,19.48,16.17,39,70.95,32.81,Primary,6382044,13763,2561,215.65,40.13,18.61
Pakistan,Europe,Low,108300805,47.51,33,48.47,3811,37213,48.05,24.43,8.46,22.14,17.6,53.37,33,69.85,72.47,Primary,53777646,115973,21582,215.65,40.13,18.61
United Kingdom,North America,High,199236989,10.09,25,23.67,6643,39664,30.49,22.02,0.47,78.1,18.38,13.53,35,67.72,33.5,Primary,98932748,213352,39703,215.65,40.13,18.61
Vietnam,Oceania,High,23214279,19.02,49,26.96,3210,26406,29.82,19.11,11.57,79.46,33.48,69.34,64,89.5,55.11,Primary,11527239,24859,4626,215.65,40.13,18.61
Egypt,Europe,High,138337136,25.77,37,87.71,6075,21693,49.45,9.68,8.61,30.62,43.26,59.86,52,86.12,48.63,Secondary,68692431,148138,27567,215.65,40.13,18.61
Saudi Arabia,Africa,Low,196764968,83.91,34,28.83,2057,25620,49.04,21.52,6.08,36.32,20.71,87.46,55,84.41,63.9,Primary,97705246,210705,39211,215.65,40.13,18.61
India,Africa,Medium,135709142,26.02,47,60.47,6439,27302,31.43,29.91,14.5,71.89,42.95,86.12,69,59.35,77.15,Tertiary,67387479,145324,27044,215.65,40.13,18.61
Canada,North America,High,21771930,72.98,32,44,2559,23662,17.22,39.17,11.39,79.75,12.9,15.67,59,96.74,73.89,Primary,10811029,23314,4338,215.65,40.13,18.61
United Kingdom,North America,High,89103035,35.26,35,51.11,3509,45555,31.87,24.2,3.01,66.11,16.39,27.43,62,63.78,52.47,Tertiary,44244837,95415,17756,215.65,40.13,18.61
Saudi Arabia,North America,Medium,29601272,42.45,47,75.8,6534,29263,42.6,34.8,5.74,71.38,10.83,34.72,45,65.66,66.79,Secondary,14698752,31698,5898,215.65,40.13,18.61
Egypt,North America,Medium,32107060,30.07,38,73.75,5285,10941,29.73,7.86,3.27,64.9,39.03,54.04,53,50.37,45.87,Tertiary,15943022,34381,6398,215.65,40.13,18.61
South Korea,Europe,Low,73018893,74.25,31,32.26,4143,36051,41.23,12.48,12.55,26.85,35.59,75.23,52,63.44,89,Secondary,36258125,78192,14551,215.65,40.13,18.61
Vietnam,Africa,High,188612048,57.98,20,76.21,6197,27048,8.39,9.21,6.33,27.56,27.81,58.86,52,55.9,20.65,Secondary,93656847,201975,37586,215.65,40.13,18.61
India,Europe,High,119974167,52.46,36,26.45,5100,47416,38.8,22.47,9.4,77.63,47.61,19.99,44,97.4,62.63,Tertiary,59574149,128474,23908,215.65,40.13,18.61
Italy,Africa,High,135501836,48.49,37,39.31,5152,38284,22.3,26.39,10.86,53.39,18.45,88.53,41,93.02,80.03,Primary,67284539,145102,27002,215.65,40.13,18.61
Italy,Europe,High,5716399,16.76,23,32.06,887,46900,34.41,19.43,3.52,46.15,30.38,29.53,40,54.41,38.51,Secondary,2838524,6121,1139,215.64,40.13,18.61
United States,Europe,High,90581449,17.9,35,41.78,5745,37963,26.34,10.45,8.82,33.22,25.69,17.95,48,61.37,43.26,Primary,44978955,96999,18051,215.65,40.13,18.61
Canada,North America,Low,89885441,36.28,22,22.78,8334,9231,47.47,30.48,7.71,41.95,47.71,22.3,40,92.93,72.3,Tertiary,44633347,96253,17912,215.65,40.13,18.61
Germany,Africa,Medium,196441685,45.58,42,27.61,1874,13290,30.71,13.95,6.73,74.02,37.28,87.77,31,64.7,37.41,Tertiary,97544717,210359,39146,215.65,40.13,18.61
Australia,Europe,Low,73134943,11.32,43,75.32,1255,35267,15.01,17.01,6.34,32.61,34.82,81.76,41,84.99,68.46,Tertiary,36315751,78316,14574,215.65,40.13,18.61
United States,North America,High,85119448,54.2,28,45.72,7430,45512,28.1,23.13,6.03,63.03,20.32,51.84,64,85.37,41.63,Primary,42266754,91150,16962,215.65,40.13,18.61
France,Europe,High,13395766,51.8,22,84.64,2110,2575,11.59,33.87,9.42,38.81,43.89,35.76,59,95.89,21.72,Secondary,6651776,14344,2669,215.64,40.12,18.61
Indonesia,North America,Low,73722409,67.17,46,68.41,863,42990,45.96,34.23,7.09,39.82,16.06,49.68,38,79.62,37.9,Tertiary,36607462,78945,14691,215.65,40.13,18.61
Indonesia,Europe,Low,26611720,24.26,42,79.52,8256,27497,16.56,6.96,4.71,23.98,16.42,41.57,68,74.02,21.89,Secondary,13214266,28497,5303,215.65,40.13,18.61
South Africa,Europe,High,10243595,84.91,34,49.68,6356,24478,44.79,34.93,4.02,41.02,42.54,68.68,44,76.88,25.87,Tertiary,5086540,10969,2041,215.65,40.13,18.61
China,South America,Low,68292537,25.47,43,28.09,1047,37387,6.77,28.35,11.79,38.3,26.12,47.92,54,96.79,52.88,Tertiary,33911215,73131,13609,215.65,40.13,18.61
Indonesia,North America,Low,55206575,51.54,42,67.82,1827,37832,48.8,37.27,2.25,24.65,34.18,54.92,30,79.7,40.91,Secondary,27413274,59117,11001,215.65,40.13,18.61
Japan,North America,High,71623959,68.85,36,70.74,5504,25769,34.14,33.09,4.11,68.42,38.01,42.33,31,71.18,20.47,Primary,35565459,76698,14273,215.65,40.13,18.61
United States,Africa,Low,127753109,80.7,26,74.43,2822,31527,45.07,7.66,9.87,27.46,26.61,23.17,63,66.67,75.22,Primary,63436846,136804,25458,215.65,40.13,18.61
Egypt,South America,Medium,127338000,83.67,35,62.9,5557,19102,37.21,9.48,4.15,47.89,34.86,11.35,37,91.97,69.41,Primary,63230720,136359,25375,215.65,40.13,18.61
France,South America,High,78034124,72.29,45,67.9,5678,27908,27.31,20.28,3.54,36.87,45.97,49.75,53,82.41,36.5,Primary,38748479,83562,15550,215.65,40.13,18.61
Argentina,North America,Medium,188261459,22.71,25,47.28,8002,15787,27.86,34.42,5.29,22.39,24.55,79.66,56,70.31,43.93,Tertiary,93482760,201599,37516,215.65,40.13,18.61
China,Africa,Medium,100027029,70.17,29,37.65,1293,21991,23.28,39.37,13.32,61.39,25.89,16.86,41,81.65,71.42,Primary,49669235,107113,19933,215.65,40.13,18.61
Germany,Africa,Medium,61069961,69.62,44,88.59,1009,39086,31.16,8.6,7.08,58.7,33.35,85.01,34,93.49,48.52,Secondary,30324786,65396,12169,215.65,40.13,18.61
Egypt,Africa,Low,156162746,73.44,32,87.12,9014,41713,11.28,24.42,8.56,72.07,25.57,44.86,49,76.54,52.2,Tertiary,77543882,167226,31119,215.65,40.13,18.61
Vietnam,Asia,High,44648953,10.09,20,23.7,1540,44235,35.12,8.6,11.6,55.53,11.82,51.49,62,76.3,81.78,Secondary,22170801,47812,8897,215.65,40.13,18.61
Canada,South America,Low,102893115,35.16,42,20.65,605,24266,29.58,21.69,11.9,48.6,17,67.88,67,86.69,30.4,Secondary,51092413,110183,20504,215.65,40.13,18.61
Russia,South America,Low,32511484,26.94,31,70.06,8337,33625,15.22,34.08,9.66,46.36,22.03,42.71,64,82.56,66.36,Secondary,16143842,34814,6478,215.65,40.13,18.61
China,Europe,High,69681610,71.4,42,41.33,7128,5491,9.57,28.29,8.89,34.76,26.01,37.24,63,92.17,47.8,Secondary,34600970,74618,13886,215.65,40.13,18.61
Argentina,Oceania,High,93764489,62.75,26,30.37,9290,30016,5.3,24.36,9.49,40.19,43.64,31.57,61,50.36,71.4,Secondary,46559520,100407,18685,215.65,40.13,18.61
Russia,Oceania,Low,185954887,72.64,49,25.03,6510,25072,12.96,18.02,12.33,60.12,25.22,59.39,42,94.51,78.72,Primary,92337413,199129,37057,215.65,40.13,18.61
Saudi Arabia,Europe,Low,104597956,70.48,47,59.08,4978,41748,11.42,39.39,11.02,49.47,46.99,66.71,62,52.05,84.52,Tertiary,51938966,112008,20844,215.65,40.13,18.61
Canada,Europe,High,125475267,87.49,28,85.44,1188,7164,20.85,14.03,0.64,33.2,41.14,10.68,37,60.21,80.07,Secondary,62305765,134365,25004,215.65,40.13,18.61
Brazil,Africa,Low,143966657,57.55,39,52.21,9937,11433,22.29,14.95,13.69,43.95,48.49,76.45,56,65,60.38,Tertiary,71487815,154166,28689,215.65,40.13,18.61
Saudi Arabia,Oceania,Medium,39171204,63.53,33,76.94,5797,46938,35.39,9.48,10.29,52.34,15.92,31.27,38,76.86,55.51,Tertiary,19450780,41946,7805,215.65,40.13,18.61
Australia,Oceania,High,6701536,83.23,29,33.22,2180,26911,20.34,14.31,8.46,35.57,21.6,75.87,67,53.51,78.8,Tertiary,3327702,7176,1335,215.64,40.12,18.6
Argentina,Oceania,Medium,107971822,34.35,34,47.89,3619,17738,7.05,38.29,2.76,22.1,17.11,16.35,67,65.35,35.03,Primary,53614287,115621,21516,215.65,40.13,18.61
Bangladesh,Asia,Low,24854380,61.46,34,85.09,2867,28816,44.64,9.8,10.72,24.56,30,44.13,40,50.33,48.94,Tertiary,12341644,26615,4952,215.65,40.12,18.61
Germany,Africa,Medium,4481179,54.15,31,44,9543,38212,20.13,11.45,13.57,45.89,36.26,73.28,65,78.39,47.33,Secondary,2225165,4798,892,215.62,40.09,18.59
Indonesia,Europe,Medium,180511256,59.08,21,34.51,1916,16137,20.54,29.73,11.22,37.9,23.43,78.24,58,52.86,81.63,Tertiary,89634333,193300,35972,215.65,40.13,18.61
Spain,South America,High,89009995,79.73,28,68.61,7416,13679,42.65,14.48,0.15,29.59,48,21,42,92.11,34.29,Tertiary,44198637,95316,17737,215.65,40.13,18.61
Canada,Africa,Low,169378139,89.92,37,21.31,5298,12147,6.54,13.97,5.73,21.36,32.9,17.36,50,95.4,43.39,Primary,84106093,181378,33753,215.65,40.13,18.61
Australia,Europe,High,98782684,86.24,21,75.58,1137,9925,11.15,33.5,2.06,42.14,48.09,71.18,67,79.32,54.68,Primary,49051345,105781,19685,215.65,40.13,18.61
Mexico,South America,Low,104235867,79.95,36,58.69,7259,45792,18.13,22.73,9.28,40.3,13.42,27.41,42,60.37,27.42,Tertiary,51759168,111620,20771,215.65,40.13,18.61
Egypt,Asia,Low,12714597,74.87,26,78.79,4493,47259,46.55,31.99,10.66,24.96,15.25,27.59,68,93.09,41.61,Primary,6313536,13615,2533,215.65,40.12,18.6
Bangladesh,Africa,Low,8602950,65.42,38,46.3,487,35041,11.45,24.45,14.42,77.02,38.93,14.54,46,72.55,21.97,Tertiary,4271864,9212,1714,215.64,40.12,18.61
Australia,Africa,High,123204634,86.4,25,82.3,4253,44436,13.75,19.88,12.92,35.18,28.81,11.51,44,57.4,34.75,Secondary,61178264,131933,24552,215.65,40.13,18.61
Bangladesh,Oceania,High,39267407,86.89,41,58.34,8285,11523,31.9,33.55,4.6,71.65,29.62,61.67,34,88.6,26.3,Secondary,19498550,42049,7825,215.65,40.13,18.61
Argentina,Europe,High,40845862,82.89,49,74.92,1184,38608,12.8,27.95,14.67,25.44,34.72,22.96,66,87.21,77.6,Primary,20282345,43739,8139,215.65,40.13,18.61
Saudi Arabia,North America,Medium,61020907,33.34,25,39.76,7470,10936,36.61,8.15,8.93,24.88,33.96,57.87,42,98.06,82.54,Secondary,30300428,65344,12160,215.65,40.13,18.61
Egypt,Oceania,Medium,29469331,42.06,28,24.95,3016,22461,7.58,19.45,2.86,43.71,19.97,16.5,56,55.25,22.55,Secondary,14633236,31557,5872,215.65,40.13,18.61
Saudi Arabia,South America,Medium,172292873,31.95,44,21.15,3726,47628,16.73,28.02,4.2,62.41,17.46,70.74,49,55.42,56.3,Primary,85553428,184499,34334,215.65,40.13,18.61
Vietnam,Europe,Low,102383127,33.61,39,69.03,8011,21842,10.77,17.43,8.68,28.52,23.75,43.44,62,56.87,76.2,Tertiary,50839175,109636,20402,215.65,40.13,18.61
Brazil,Africa,Low,158922377,65.05,38,43.52,6724,46943,28,10.13,14.29,66.15,32.11,84.83,44,98.95,56.51,Tertiary,78914200,170181,31669,215.65,40.13,18.61
Australia,South America,High,111483191,54.22,48,34.81,7893,45088,15.95,21.19,12.8,46.57,45.82,55.68,51,97.73,26.52,Primary,55357886,119381,22216,215.65,40.13,18.61
South Korea,Oceania,Low,32434216,67.99,48,28.27,3439,31423,46.99,36.31,5.72,58.69,37.76,82.28,68,73.39,80.73,Secondary,16105474,34732,6463,215.65,40.13,18.61
Saudi Arabia,South America,Low,114837425,31.99,23,42.02,6109,22525,13.37,29.03,12.84,36.25,21.1,75.4,58,87.36,67.03,Tertiary,57023458,122973,22884,215.65,40.13,18.61
Brazil,Europe,Medium,142773634,62.84,23,22.35,4360,3662,41.66,6.5,4.9,64.32,24.44,62.27,49,54.82,33.15,Secondary,70895410,152889,28451,215.65,40.13,18.61
Egypt,Europe,High,167369060,87.75,36,37.65,3553,35434,5.13,14.75,2.07,63.93,43.58,66.21,59,61.15,56.37,Primary,83108469,179227,33353,215.65,40.13,18.61
Mexico,Africa,Low,199797301,21.99,33,85.02,8377,40672,43.77,18.51,9.02,46.66,28.88,59.19,31,97.17,79.04,Tertiary,99210976,213952,39815,215.65,40.13,18.61
Pakistan,North America,Medium,70867116,80.94,49,80.55,5225,46185,45.94,20.79,8.51,30.24,38.8,49.55,32,84.26,68.08,Tertiary,35189643,75888,14122,215.65,40.13,18.61
South Korea,Asia,High,18095357,33.96,32,28.24,5485,35329,15.07,37.9,8.32,52.93,17.82,81.05,35,85.31,86.99,Secondary,8985396,19377,3605,215.65,40.12,18.6
China,North America,High,84157767,14.21,38,89.02,3639,19609,6.98,8.64,9.16,62.28,46.35,35.03,36,70.82,71.02,Tertiary,41789224,90120,16770,215.65,40.13,18.61
Indonesia,Asia,High,141628814,45.76,34,47.52,6698,10899,35.56,21.24,10.85,57.3,30.23,54.34,47,86.56,87.6,Primary,70326940,151663,28223,215.65,40.13,18.61
Brazil,Europe,Medium,80063139,42.13,44,88.36,8004,11860,27.26,29.99,1.79,79.01,25.38,89.39,30,57.57,43.21,Tertiary,39756003,85735,15954,215.65,40.13,18.61
Argentina,South America,High,2541641,81.44,20,69.88,6127,20501,43.89,19.73,10.22,79.4,25.46,58.03,61,69.11,83.38,Tertiary,1262072,2721,506,215.6,40.09,18.6
Egypt,Asia,Medium,151580550,82.4,37,25.74,4823,26784,45.75,35.6,10.65,30.82,15.87,67.02,44,93.4,31.02,Primary,75268556,162319,30206,215.65,40.13,18.61
Nigeria,Asia,Low,161897290,27.98,32,47.77,4980,23935,28.74,24.91,10.5,54.84,17.04,21.16,36,78.92,65.7,Secondary,80391417,173367,32262,215.65,40.13,18.61
Indonesia,Oceania,Low,91801989,34.99,47,63.68,2345,30206,39.34,32.83,0.77,75.43,12.91,80.24,53,67.33,58.02,Tertiary,45585025,98306,18294,215.65,40.13,18.61
Saudi Arabia,Asia,High,67172183,43.31,42,26.19,2384,18388,5.68,36.02,7.4,78.67,44.08,61.55,31,74.2,77.66,Primary,33354894,71931,13386,215.65,40.13,18.61
United States,Africa,Medium,56755913,59.54,36,32.69,1237,36654,6.85,17.77,13.75,59.89,45.98,46.14,59,94.54,56.87,Secondary,28182610,60777,11310,215.65,40.13,18.61
France,Asia,Medium,186618230,51.2,33,51.16,7324,20336,42.39,16.41,6.68,56.43,18.45,82.04,67,71.01,69.34,Tertiary,92666801,199840,37189,215.65,40.13,18.61
Argentina,Europe,High,188962377,20.16,38,51.88,2790,12161,24.87,30.78,12.96,58.38,31.18,67.81,65,96.87,33.34,Secondary,93830806,202350,37656,215.65,40.13,18.61
South Africa,Africa,Medium,176184439,34.05,45,41.93,1211,46111,45.84,39.75,9.99,49.91,27.74,64.5,59,50.81,42.44,Primary,87485817,188667,35110,215.65,40.13,18.61
Brazil,Asia,High,89924965,71.07,23,71.33,1547,25753,33.43,7.63,12.23,74.51,46.27,52.67,47,74.15,88.59,Tertiary,44652973,96296,17920,215.65,40.13,18.61
Spain,South America,Medium,15377393,86.34,31,61.51,6071,32269,39.27,25.95,12.98,46.58,45.56,75.15,68,90.32,77.84,Secondary,7635769,16466,3064,215.64,40.13,18.61
China,South America,Low,13921011,88.32,33,44.35,6296,36148,20.99,21.45,9.44,34.87,17.32,71.98,42,65.49,46.71,Primary,6912591,14907,2774,215.65,40.13,18.61
Italy,South America,Medium,16232029,35.89,22,64.99,642,31891,14.03,25.27,3.84,65.95,34.31,27.34,56,97.38,37.54,Tertiary,8060146,17382,3234,215.65,40.12,18.61
Mexico,North America,High,43850518,17.7,35,51.96,1455,28937,44.68,12.31,4.75,60.69,33.56,39.69,62,66.83,51.13,Tertiary,21774331,46957,8738,215.65,40.13,18.61
Brazil,Asia,Medium,72897636,40.23,33,36.37,9907,47764,24.66,11.73,14.36,77.45,40.49,43.87,38,89.64,78.46,Secondary,36197914,78062,14526,215.65,40.13,18.61
Vietnam,Africa,Medium,9316854,22.01,27,54.07,6852,37578,9.33,24.04,9.7,68.18,27.79,78.35,62,76.48,54.98,Secondary,4626359,9976,1856,215.63,40.12,18.6
Australia,Europe,Medium,105396174,26.36,26,63.05,1742,19193,31.46,38.62,6.91,21.76,15.46,46.35,51,59.75,57.37,Secondary,52335328,112863,21003,215.65,40.13,18.61
United Kingdom,North America,Low,188167057,89.36,27,37.48,5742,33665,42.21,39.24,11.35,41.65,15.4,80.46,59,93.48,80.44,Secondary,93435884,201498,37497,215.65,40.13,18.61
Canada,Africa,High,19987261,46.42,48,69.05,1157,20094,36.77,8.56,14.62,60.33,21.83,25.53,47,67.61,21.25,Primary,9924837,21403,3983,215.65,40.13,18.61
South Africa,Africa,High,71556328,62.45,41,88.07,7840,37432,48.86,29.42,4.79,44.28,41.75,14.7,53,72.96,65.85,Primary,35531877,76626,14259,215.65,40.13,18.61
United Kingdom,North America,Medium,189799131,66.13,28,24.84,8281,47736,12.88,11.47,9.89,38.24,48.41,70.12,56,93.6,84.45,Tertiary,94246303,203246,37823,215.65,40.13,18.61
Mexico,Asia,Low,73288857,50.84,47,58.02,1405,44504,10.09,35.58,1.04,52.34,13.55,82.99,34,61.62,56.99,Primary,36392178,78481,14604,215.65,40.13,18.61
United Kingdom,Oceania,Medium,41161103,43.59,40,62.77,3625,18093,5.66,6.03,5.02,24.32,29.82,53.75,50,96.14,32.95,Secondary,20438880,44077,8202,215.65,40.13,18.61
Turkey,Europe,Low,60225139,28.09,30,78.73,2205,33239,14.29,12.52,5.31,29.14,14.01,38.04,31,66.28,77.61,Secondary,29905283,64492,12001,215.65,40.13,18.61
Italy,Africa,High,185371282,39.55,36,56.35,426,26833,18.07,34.56,0.44,62.61,49.01,60.47,38,94.7,81.73,Primary,92047619,198504,36940,215.65,40.13,18.61
South Africa,Europe,Medium,52387898,62.57,24,73.96,9305,43318,29.58,5.28,0.08,22.37,27.57,40.5,50,87.67,51.63,Primary,26013637,56099,10439,215.65,40.13,18.61
South Africa,Europe,Medium,179116831,59.82,26,45.3,9176,24734,48.37,6.65,14.33,53.96,48.67,49.59,31,71.88,83.7,Secondary,88941920,191807,35694,215.65,40.13,18.61
Turkey,Africa,Medium,186182160,88.5,34,44.23,8697,47336,40.48,20.28,12.98,40.77,11.61,45.08,55,83,25.92,Primary,92450267,199373,37102,215.65,40.13,18.61
Brazil,South America,Low,66791349,13.95,37,64.39,7308,33157,23.14,11.87,11.22,43.37,30.22,32.51,49,86.49,56.87,Secondary,33165788,71523,13310,215.65,40.13,18.61
Nigeria,Oceania,High,124428013,74.58,24,26.68,4040,7111,13.14,5.1,5.85,33.68,12.26,35.88,44,53.57,23.53,Tertiary,61785742,133243,24795,215.65,40.13,18.61
Brazil,Europe,Medium,80906579,55.11,37,68.34,8381,49663,33.91,30,3.93,47.66,23.43,70.19,53,84.27,89.36,Tertiary,40174820,86638,16122,215.65,40.13,18.61
Pakistan,North America,Medium,70298456,48.01,35,37.74,4857,46192,18,7.14,0.6,46.59,28.06,26.72,37,88.26,25.18,Tertiary,34907270,75279,14009,215.65,40.13,18.61
United Kingdom,Asia,Medium,70566349,59.11,25,88.79,3035,36965,20.89,13.01,2.81,25.02,43.22,41.08,50,70.3,89.11,Tertiary,35040295,75565,14062,215.65,40.13,18.61
Pakistan,Asia,Medium,31812294,54.45,29,75.48,4641,37065,15.38,30.18,10.08,36.89,18.9,86.58,53,86.37,24.47,Primary,15796653,34066,6339,215.65,40.13,18.61
India,South America,Low,198846229,65.88,39,82.82,2889,34395,26.85,34.44,4.02,76.22,15.97,43,53,57.31,88.95,Primary,98738713,212934,39626,215.65,40.13,18.61
Canada,South America,Medium,116802356,43.64,37,80.95,7131,24026,11.28,21.05,2.02,36.42,22.44,61.57,65,56.18,60,Primary,57999160,125077,23276,215.65,40.13,18.61
Turkey,North America,Medium,43713548,63.52,43,26.69,3648,47245,13.12,10.46,6.94,57.09,22.07,20.95,62,72.45,87.62,Primary,21706318,46810,8711,215.65,40.13,18.61
Mexico,Africa,Low,63098189,79.3,32,60.13,4913,25659,21.4,29.82,6.98,23.55,20.88,46.77,47,97.6,35.55,Secondary,31331919,67568,12574,215.65,40.13,18.61
South Africa,North America,Medium,25835248,49.22,43,33.36,5370,31656,16.45,36.3,9.7,65.09,23.79,30.18,53,77.84,59.97,Secondary,12828702,27665,5148,215.65,40.13,18.61
Saudi Arabia,Asia,Low,155377278,83.11,49,72.62,9034,44770,25.98,36.12,9.24,33.77,46.94,14.99,43,80.56,80.59,Primary,77153852,166385,30963,215.65,40.13,18.61
Mexico,Africa,Low,13238986,74.7,48,56.24,9865,14829,48.75,28.46,14.27,66.84,10.91,16.09,62,82.89,77.4,Tertiary,6573926,14176,2638,215.64,40.13,18.61
Bangladesh,North America,Medium,7652792,16.92,35,59.54,4641,29948,40.42,24.12,13.41,75.75,14.64,27.63,63,85.89,67.73,Tertiary,3800056,8194,1524,215.63,40.1,18.6
Pakistan,Oceania,Medium,103395431,20.36,22,81.55,136,19409,49.35,26.82,7.72,44.56,41.17,79.46,59,95.48,25.37,Tertiary,51341843,110720,20604,215.65,40.13,18.61
Pakistan,Asia,Medium,44842961,41.78,32,45.13,6434,32808,35.33,19.85,11.07,51.15,43.5,32.74,45,84.47,24.21,Secondary,22267137,48020,8936,215.65,40.13,18.61
Egypt,North America,Low,115960170,46.44,26,59.89,7673,21047,36.7,5.95,14.39,47.11,41.9,38.41,31,80.26,37.4,Secondary,57580966,124175,23108,215.65,40.13,18.61
Pakistan,Europe,High,194748719,37.37,46,73.09,7625,32106,39.05,36.76,12.72,24.91,12.67,46.1,33,85.46,60.05,Primary,96704061,208546,38809,215.65,40.13,18.61
Japan,Oceania,Low,110911740,47.55,22,73.51,3412,32352,38.9,7.5,13.84,41.62,41.07,54.8,47,55.24,78.53,Tertiary,55074127,118769,22102,215.65,40.13,18.61
Japan,Africa,Medium,83564502,34.08,20,26.72,4724,1567,47.11,35.6,1.15,34.29,24.92,85.2,32,74.87,59.54,Secondary,41494633,89485,16652,215.65,40.13,18.61
Saudi Arabia,Oceania,High,133896690,56.22,31,74.99,6303,31075,33.14,18.26,10.51,34.8,37.66,15.87,33,84.29,75.29,Primary,66487491,143383,26682,215.65,40.13,18.61
South Africa,North America,Medium,133277442,40.41,29,32.56,3061,31858,30.77,16.55,4.34,21.35,41.15,70.49,50,68.17,39.52,Secondary,66179998,142720,26559,215.65,40.13,18.61
Turkey,Asia,High,86635029,13.45,40,65.16,2141,10759,47.38,5.17,14.3,22.53,11.08,51.55,40,77.57,56.26,Tertiary,43019328,92773,17264,215.65,40.13,18.61
Vietnam,North America,Medium,92162771,22.36,33,59.24,3642,46530,25.21,16.59,4.63,68.61,29.86,49.39,47,67.31,85.79,Primary,45764174,98692,18366,215.65,40.13,18.61
South Africa,Africa,High,197838205,48.71,45,30.21,5629,23092,28.29,7.48,3.62,30.52,45.05,72.18,44,83.77,37.31,Primary,98238171,211854,39425,215.65,40.13,18.61
France,Europe,Low,14454535,11.27,32,27.92,8193,3673,18.25,28.79,6.55,49.92,33.39,77.3,66,67.7,23.62,Tertiary,7177517,15478,2880,215.65,40.13,18.61
Turkey,Asia,Low,189512995,29.51,46,80.49,6166,35219,35.84,36.95,12.77,40.4,32.85,70.69,63,98.33,40.14,Primary,94104220,202939,37766,215.65,40.13,18.61
Argentina,Europe,Low,103354460,26.13,38,24.72,9857,38397,48.47,25.14,9.13,43.89,10.76,42.56,53,72.81,23.53,Tertiary,51321498,110677,20596,215.65,40.13,18.61
Italy,Asia,Low,3944316,79.14,40,71.19,5178,20526,33.06,22.38,8.66,67.11,48.64,24.06,40,55.87,72.43,Tertiary,1958582,4223,785,215.62,40.08,18.59
Russia,Asia,Medium,60423705,54.11,43,39.83,5486,30381,9.48,26.45,8.88,41.78,31.63,61.96,35,68.9,80.53,Secondary,30003882,64704,12041,215.65,40.13,18.61
Brazil,Africa,Low,116545314,26.84,37,88.86,517,46593,36.54,32.14,7.92,61.92,49.02,14.33,62,64.88,76.52,Secondary,57871524,124802,23225,215.65,40.13,18.61
Spain,Asia,Medium,192412549,57.94,42,48.52,5407,3406,40.44,24.85,4.12,34.46,43.38,43.09,47,98.34,20.94,Secondary,95544017,206044,38343,215.65,40.13,18.61
Turkey,South America,High,93843561,76.79,25,83.98,9048,24465,5.47,34.65,13.73,78.59,31,15.96,61,55.14,37.24,Secondary,46598784,100492,18701,215.65,40.13,18.61
South Korea,Asia,High,77163189,86.05,32,75.77,3142,21918,29.56,30.46,5.93,70.68,21.13,22.24,66,71.73,70.51,Primary,38316009,82630,15377,215.65,40.13,18.61
Brazil,Africa,Low,6857217,11.71,42,24.8,8733,38793,8.36,38.73,6.53,74.97,44.12,73.04,52,50.43,81.23,Secondary,3405006,7343,1366,215.65,40.12,18.6
United Kingdom,Asia,Low,35033981,51.32,41,48.24,7794,13138,22.82,23.09,11.7,62.14,42.68,25.01,34,90.04,56.79,Secondary,17396408,37516,6981,215.65,40.13,18.61
South Africa,North America,Medium,83767230,43.41,23,74.73,8073,42435,35.44,20.23,3.05,49.92,33.87,74.7,55,89.43,36.79,Tertiary,41595300,89702,16693,215.65,40.13,18.61
Vietnam,Asia,Low,136493199,33.51,39,50.27,3920,49387,33.67,8.94,0.88,75.82,33.62,26.29,43,81.17,79.32,Tertiary,67776809,146163,27200,215.65,40.13,18.61
Spain,Oceania,Medium,194224528,65.62,29,20.97,102,23137,31.84,39.59,0.85,74.88,41.49,88.82,36,66.43,70.12,Tertiary,96443770,207985,38705,215.65,40.13,18.61
South Korea,Oceania,Low,106746048,78.27,45,83.21,4068,28261,46.62,11.53,5.27,22.66,37.54,54.6,62,53.81,74.32,Primary,53005619,114308,21272,215.65,40.13,18.61
Brazil,South America,Low,186703068,15.19,44,38.59,3006,38090,37.09,5.19,14.18,56.58,42.1,54.26,64,86.26,69.93,Tertiary,92708928,199930,37206,215.65,40.13,18.61
South Africa,South America,Medium,15636636,63.35,38,67.77,1086,33456,23.25,15.99,7.26,44,16.98,19.41,67,90.73,53.6,Secondary,7764498,16744,3115,215.65,40.12,18.6
India,Europe,Low,20173977,76.42,30,43.34,6383,4757,44.78,29.33,12.1,76.76,42.59,53.87,36,73.6,55.64,Primary,10017552,21603,4020,215.65,40.13,18.61
Bangladesh,Europe,Low,162856840,78.13,43,60.8,7190,11208,8.24,31.53,3.55,72,32.5,11.24,39,75.36,54.86,Primary,80867889,174395,32454,215.65,40.13,18.61
Spain,North America,Medium,24585955,72.11,42,84.88,2463,23910,11.12,18.8,2.55,59.57,33.66,16.88,56,92.77,41.89,Tertiary,12208356,26327,4899,215.65,40.13,18.61
Russia,North America,Medium,17837752,48.8,32,43.75,2762,5080,11.87,6.49,13.69,47.4,48.92,43.12,61,72.4,74.35,Secondary,8857480,19101,3554,215.65,40.12,18.61
Saudi Arabia,Africa,Low,66227221,70.58,23,31.57,2778,14155,36.06,7.88,4.44,37.9,29.9,22.39,33,78.02,78.64,Secondary,32885665,70919,13197,215.65,40.13,18.61
Italy,North America,Low,23868858,49.95,31,79.32,2833,22502,18.6,23.43,13.65,31.95,37.2,15.36,41,67.93,63.37,Tertiary,11852275,25559,4756,215.65,40.13,18.61
United States,South America,Low,145985150,28.66,42,44.75,7097,25051,6.62,33.71,8.62,42.75,40.65,81.79,40,66.11,26.01,Primary,72490114,156328,29091,215.65,40.13,18.61
Canada,Europe,Low,132760259,42.94,45,23.37,1936,7145,24.14,34.74,7.29,76.01,12.68,20.36,45,59.46,73.23,Tertiary,65923187,142166,26456,215.65,40.13,18.61
China,Oceania,High,39229877,78.94,32,64.73,3910,26610,10.48,22.22,8.75,20.37,42.57,14.28,59,83.64,86.14,Tertiary,19479914,42009,7817,215.65,40.13,18.61
India,Asia,Medium,168706941,53.9,28,70.68,8718,14390,7.46,23.25,12.39,43.32,15.22,71.64,50,97.25,61.65,Tertiary,83772805,180659,33619,215.65,40.13,18.61
Bangladesh,South America,Low,64905085,78.55,41,25.26,4263,27368,27.77,13.61,9.62,39.35,49.87,78.24,30,77.55,68.77,Primary,32229148,69503,12934,215.65,40.13,18.61
Egypt,Oceania,Medium,11676246,26.41,33,41.25,8680,14507,14.64,11.56,13.72,56.51,22.05,30.8,54,50.88,46.92,Tertiary,5797935,12503,2326,215.65,40.12,18.6
Italy,North America,High,125811128,64.42,27,42.48,7286,45995,29.45,13.97,0.14,26.1,11.49,70.59,49,75.43,84.5,Secondary,62472539,134724,25071,215.65,40.13,18.61
Pakistan,North America,Low,67326509,43.03,22,23.46,2461,4140,40.2,12.96,14.22,56.97,20.56,49.34,53,54.05,30.99,Primary,33431526,72096,13416,215.65,40.13,18.61
Argentina,South America,Medium,158665208,57.73,37,42.06,8240,7330,10.84,29,12.28,32.95,26.62,22.52,50,98.2,68.97,Primary,78786500,169906,31618,215.65,40.13,18.61
Russia,Europe,Low,84627009,41.42,40,32.52,3406,42729,6.75,30.67,13.74,43.73,16.27,19.12,66,71.43,45.25,Secondary,42022230,90622,16864,215.65,40.13,18.61
Saudi Arabia,Oceania,Medium,98618124,49.87,26,78.56,1592,12661,34.43,17.25,13.72,76.21,39.13,22.75,63,68.23,81.75,Primary,48969632,105605,19652,215.65,40.13,18.61
United States,Oceania,Low,81764555,60.29,22,51.77,3586,16838,14.65,28.28,4.85,56.22,45.25,20.79,39,61.1,82.79,Tertiary,40600855,87557,16293,215.65,40.13,18.61
United Kingdom,Europe,Low,83290575,32.25,46,68.03,3196,23866,30.8,13.19,0.46,36.26,20.48,22.35,31,60.31,25.37,Tertiary,41358613,89191,16598,215.65,40.13,18.61
Australia,Oceania,Medium,121424639,17.01,24,53.2,9929,22954,15.8,7.21,10.42,42,20.63,17.72,31,87.14,24.08,Primary,60294393,130027,24197,215.65,40.13,18.61
South Africa,Africa,Medium,73891972,61.38,21,21.75,555,40260,39.9,26.35,3.98,55.09,28.98,15.39,49,53.28,64.88,Tertiary,36691660,79127,14725,215.65,40.13,18.61
Japan,North America,Medium,187606271,16.46,36,70.39,7459,20486,39.47,5.68,2.27,45.9,42.23,14.56,43,94.78,56.94,Tertiary,93157421,200898,37386,215.65,40.13,18.61
Indonesia,Africa,Low,9017651,77.29,41,22.84,9529,41256,10.66,31.53,2.94,40.68,25.89,14.94,60,76.33,80.72,Tertiary,4477788,9656,1796,215.64,40.11,18.6
Mexico,Asia,Medium,3994674,68.12,20,63.02,7417,49707,12.1,18.71,11.08,51.25,22.31,36.91,37,79.42,82.73,Secondary,1983587,4277,795,215.62,40.08,18.59
Vietnam,South America,Low,156068888,13.6,32,69.2,4586,31592,40.19,9.07,8.02,25.44,30.7,83.06,66,97.11,48.56,Tertiary,77497276,167126,31101,215.65,40.13,18.61
Vietnam,Oceania,High,75297212,39.2,44,24.14,2408,2802,28.01,27.87,0.94,41.9,10.41,45.23,64,60.44,85.61,Secondary,37389443,80631,15005,215.65,40.13,18.61
China,North America,High,18738980,67.22,36,44.74,4186,17827,44.23,10.79,15,47.91,13.37,32.28,69,80.54,78.85,Secondary,9304993,20066,3734,215.65,40.13,18.61
United States,Europe,Medium,20188897,88.61,37,58.66,9438,28496,24.2,6.24,11.46,70.09,48.05,63,46,65.62,46.36,Secondary,10024961,21619,4023,215.65,40.13,18.61
United Kingdom,Oceania,High,199952698,77.1,22,46.17,2607,29238,40.99,8.62,4.6,36.61,28.23,69.52,66,94.06,34.92,Tertiary,99288140,214119,39846,215.65,40.13,18.61
Egypt,South America,Low,131391489,61.1,41,46.97,1897,15740,13.26,11.36,10.27,35.07,11.87,64.07,46,73.94,77.17,Primary,65243513,140700,26183,215.65,40.13,18.61
Spain,Africa,High,19548137,65.16,30,80.51,4467,34590,8.01,18.2,3.48,72.54,41.55,45.34,33,97.8,41.06,Primary,9706786,20933,3895,215.65,40.13,18.61
United States,Africa,High,31800766,29.77,27,59.9,779,36458,21.88,22.95,7.66,29.67,38,83.62,30,85.75,23.93,Secondary,15790929,34053,6337,215.65,40.13,18.61
South Africa,South America,Medium,116390785,89.62,32,68.15,9932,49283,22.25,21.38,12.88,64.22,33.81,13.61,49,78.22,41.5,Secondary,57794791,124637,23194,215.65,40.13,18.61
Pakistan,Africa,Medium,59886200,63.81,30,60.47,7063,25166,37.56,31.67,10.3,48.43,49.23,21.74,38,67.72,25.16,Primary,29736980,64129,11934,215.65,40.13,18.61
United Kingdom,Europe,Low,43330197,85.1,45,82.3,643,26045,44.94,28.37,11.37,24.41,14.66,52.44,45,54.16,34.49,Tertiary,21515962,46400,8634,215.65,40.13,18.61
Japan,Europe,Low,106679307,68.64,29,30.69,6546,29633,26.18,31.39,4.03,38.12,34.83,63.38,32,86.25,37.41,Secondary,52972478,114237,21258,215.65,40.13,18.61
Italy,Oceania,High,180196573,78.16,33,29.92,7524,15332,44.72,8.95,4.25,51.63,13,40.1,34,77.48,69.74,Primary,89478075,192963,35909,215.65,40.13,18.61
Australia,Europe,Medium,106723062,79.22,20,78.45,1965,44383,13.52,29.68,4.46,28.77,47.23,49.18,68,65.44,23.44,Tertiary,52994205,114284,21267,215.65,40.13,18.61
United Kingdom,South America,High,156755518,29.86,43,44.58,5772,7259,11.29,35.9,4.94,59.7,24.6,18.39,37,64.82,80.05,Secondary,77838228,167861,31238,215.65,40.13,18.61
Turkey,Africa,Medium,21633726,61.67,49,53.84,3858,12875,5.52,21.15,0.83,66.33,32.72,10.8,54,76.13,41.46,Tertiary,10742402,23166,4311,215.65,40.13,18.61
Indonesia,South America,Low,89152756,49.1,25,68.73,449,26907,23.65,18.99,12.38,25.91,45.38,60.46,64,50.91,83.11,Primary,44269526,95469,17766,215.65,40.13,18.61
South Korea,Europe,Low,109192357,32.2,29,42.73,3319,10349,21.32,20,7.36,27.63,24.64,85.69,62,71.65,26.76,Primary,54220353,116928,21759,215.65,40.13,18.61
Brazil,South America,Medium,56052551,68.36,46,26.53,7579,48987,9.29,35.95,9.48,61.62,11.62,66.65,53,87.31,82.27,Tertiary,27833350,60023,11170,215.65,40.13,18.61
Germany,Asia,Low,11326581,24.95,29,63.79,4654,49904,40.23,15.47,11.46,59.13,39.84,51.33,46,78.26,62.48,Primary,5624306,12129,2257,215.65,40.13,18.61
South Africa,Asia,Low,106494069,27.4,28,82.28,4402,36030,7.47,38.06,13.75,45.66,16.57,59.03,39,63.15,31.81,Primary,52880496,114039,21222,215.65,40.13,18.61
United Kingdom,Africa,Medium,198256841,81.81,33,87.68,6380,11187,16.56,27.31,4.03,47.21,10.21,16.29,38,87.44,25.8,Secondary,98446048,212303,39508,215.65,40.13,18.61
Mexico,Europe,Medium,168631996,45.72,25,39.79,5158,46439,47.34,33.7,0.06,72.27,23.1,34.78,31,79.97,34.07,Primary,83735590,180579,33604,215.65,40.13,18.61
Indonesia,Africa,High,58304148,49.74,33,79.93,1668,19825,37.42,8.81,4.13,35.23,20.68,50.88,59,88.14,26.53,Secondary,28951399,62434,11618,215.65,40.13,18.61
Brazil,Asia,High,109209613,37.54,44,32.18,5088,29551,39.16,26.95,6.6,26.54,10.49,47.59,57,68.3,73.24,Tertiary,54228922,116947,21763,215.65,40.13,18.61
France,South America,High,185848308,36.78,47,52.92,5968,29509,21.66,22.91,5.68,47.16,47.47,36.72,32,56.93,47.54,Primary,92284490,199015,37035,215.65,40.13,18.61
Russia,Europe,High,156878684,71.51,25,55.75,757,46236,48.07,38.2,3.31,68.13,21.46,70.82,67,57.04,62.72,Primary,77899387,167993,31262,215.65,40.13,18.61
India,Oceania,Low,44165456,32.53,36,89.28,5301,37095,42.35,38.99,11.45,33.38,43.29,55.93,40,70.19,47.17,Tertiary,21930716,47294,8801,215.65,40.13,18.61
Brazil,Europe,Low,85254857,50.06,29,46.72,2143,20244,49.85,26.45,9.97,70.65,27.27,76.96,30,59.16,63.85,Secondary,42333993,91295,16989,215.65,40.13,18.61
United States,Asia,Low,43806833,62.87,49,63.21,9501,12928,32.07,28.17,11.27,33.52,41.76,39.05,47,55.44,21.81,Secondary,21752639,46910,8729,215.65,40.13,18.61
Japan,South America,High,142159233,86.79,28,85.12,6413,20773,35.95,19.87,9.13,25.22,22.43,26.4,60,78.98,86.76,Tertiary,70590324,152231,28329,215.65,40.13,18.61
France,South America,Medium,91790710,19.51,23,23.36,1962,33958,24.74,18.42,1.35,73.45,23.45,63.74,68,65.7,88.98,Primary,45579424,98294,18292,215.65,40.13,18.61
India,South America,Low,149661218,26.42,22,55.35,3061,16629,16.34,5.01,13.29,50.14,26.25,16.35,33,53.12,40.29,Primary,74315496,160264,29824,215.65,40.13,18.61
Germany,South America,High,19108655,58.11,47,27.52,2796,46920,19.68,9.91,4.55,53.56,28.19,39.6,44,76.69,42.53,Tertiary,9488558,20462,3807,215.65,40.12,18.61
Japan,Europe,High,95535399,66.42,35,56.04,8228,16091,5.58,5.95,4.69,68.2,43.14,43.19,67,99,43.29,Secondary,47438880,102304,19038,215.65,40.13,18.61
United Kingdom,Oceania,Medium,167962292,53.11,28,65.05,8922,23594,25.7,12.89,5.34,22.51,27.66,47.04,53,57.86,31.34,Primary,83403043,179862,33471,215.65,40.13,18.61
Brazil,North America,High,134329218,35.84,20,44.79,5659,28583,17.21,19.96,5.16,39.06,27.89,88.52,68,52,83.16,Primary,66702266,143846,26769,215.65,40.13,18.61
Mexico,South America,Medium,101941035,76.91,35,81.43,5403,45155,40.68,13.76,3.9,77.06,23.51,43.08,31,85.36,87.9,Tertiary,50619650,109163,20314,215.65,40.13,18.61
Italy,South America,High,129620178,72.29,41,77.02,2388,34551,37.57,16.58,14.92,20.7,43.78,15.97,66,80.4,50.92,Tertiary,64363954,138803,25830,215.65,40.13,18.61
China,Africa,High,6578630,88.24,30,53.47,8183,1032,27.18,24.52,6.66,65.72,27.6,48.32,32,87.75,22.56,Tertiary,3266672,7044,1310,215.63,40.1,18.6
Russia,Asia,High,92725659,25.76,22,83.06,8823,21631,33.13,31.66,7.33,50.43,21.63,89.46,64,86.76,66.43,Primary,46043680,99295,18478,215.65,40.13,18.61
Canada,South America,High,77630997,50.87,29,21.97,7858,42441,37.25,8.78,8.68,52.67,36.66,64.93,41,90.23,73.5,Secondary,38548303,83131,15470,215.65,40.13,18.61
Egypt,Asia,Low,154971773,49.62,49,45.47,4485,12650,30.64,20.23,7.9,73.05,47.44,65.59,69,98.09,32.77,Primary,76952495,165951,30882,215.65,40.13,18.61
France,Asia,High,172681302,56.52,44,81.98,889,41852,23.05,10.3,10.32,35.33,46.81,81.13,61,89.5,61.29,Primary,85746306,184915,34411,215.65,40.13,18.61
Germany,South America,Low,85120658,40.76,34,83.11,1725,27881,38.42,11.82,8.41,39.12,45.84,34.35,48,85.77,61.84,Tertiary,42267355,91151,16962,215.65,40.13,18.61
France,South America,Low,88139581,86.74,25,50.25,8874,39259,42.66,5.64,8.82,39.11,22.16,51.39,68,88.72,24.87,Secondary,43766426,94384,17564,215.65,40.13,18.61
Spain,Africa,Low,126204444,44.68,35,33.2,722,15191,9.57,18.49,9.17,35.43,20.02,48.53,53,64.58,60.77,Secondary,62667844,135145,25149,215.65,40.13,18.61
United States,Europe,Low,45934350,57.19,44,26.26,7506,9843,16.45,16.27,9.82,48.35,13.58,33.57,34,83.89,87.84,Primary,22809075,49188,9153,215.65,40.13,18.61
Pakistan,North America,Medium,16592255,40.57,46,80.94,4455,5524,18.36,17.45,4.1,46.48,27.94,35.67,69,76.89,33.3,Tertiary,8239019,17767,3306,215.64,40.13,18.61
Canada,North America,High,146828432,88.72,49,26.92,9815,2273,44.92,15.8,0.35,32.83,26.37,78.98,57,98.97,56.5,Primary,72908853,157231,29259,215.65,40.13,18.61
United States,Oceania,High,45415429,70.02,35,58.09,9863,39858,37.26,6.61,7.31,54.94,44.06,60.41,37,57.5,45.36,Tertiary,22551401,48633,9050,215.65,40.13,18.61
Pakistan,North America,High,12701061,81.36,41,39.36,7965,33650,32.95,5.23,14.83,30.11,49.27,87.29,51,75.68,30.96,Secondary,6306815,13600,2530,215.64,40.12,18.6
Germany,Asia,Medium,127173297,52.68,45,56.97,508,8748,9.98,6.34,2.95,69.2,10.82,60.1,49,81.3,56.55,Secondary,63148935,136183,25343,215.65,40.13,18.61
China,Europe,Low,13697596,25.47,45,42.61,8585,6531,23.08,8.34,11.95,73.92,35.63,79.99,30,87.93,56.94,Primary,6801652,14668,2729,215.65,40.12,18.61
Bangladesh,Asia,Low,79193658,43.38,36,52.97,7671,42518,48.9,5,5.94,40.76,43.76,78.82,59,72.52,88.82,Tertiary,39324255,84804,15781,215.65,40.13,18.61
Canada,Europe,Medium,58211565,63.08,49,49.21,3555,14197,24.62,13.1,6.97,72.42,28.52,40.1,50,94.61,47.39,Primary,28905426,62335,11600,215.65,40.13,18.61
China,North America,Low,140068974,71.61,27,67.95,1398,33314,6.02,10.96,4.49,33.99,28.59,40.88,69,95.63,61.95,Secondary,69552389,149992,27912,215.65,40.13,18.61
Germany,Europe,High,76283348,51.77,34,49.02,9959,27880,20.92,9.62,3.98,24.44,15.75,72.83,47,61.4,22.17,Primary,37879117,81687,15201,215.65,40.13,18.61
Italy,South America,Low,61560189,75.21,38,22.45,6315,37210,33.59,16.84,6.37,64.03,41.08,58.66,54,83,78.14,Primary,30568213,65921,12267,215.65,40.13,18.61
United States,Asia,Medium,12350730,44.85,42,77.3,9909,44667,12.28,28.9,9.48,67.85,44.58,22.91,69,60.42,35.2,Secondary,6132855,13225,2461,215.64,40.13,18.61
China,Asia,Medium,12326383,89.25,35,29.14,9640,32262,10.15,24.1,10.74,64.77,41.27,79.58,64,62.78,48.36,Secondary,6120765,13199,2456,215.64,40.13,18.61
Bangladesh,Africa,Medium,158453873,61.38,48,20.32,7746,38838,7.33,34.87,11.75,61.16,36.91,41.67,37,68.54,23.04,Secondary,78681560,169680,31576,215.65,40.13,18.61
Nigeria,Europe,Medium,150006114,79.3,41,65.79,5830,46152,45.6,36.56,6.26,27.24,16.17,17.51,33,84.09,89.82,Secondary,74486757,160633,29893,215.65,40.13,18.61
France,Africa,Low,105844954,30.6,34,21.36,2750,12806,13.89,16.11,9.99,70.53,14.4,88.13,34,61.66,32.35,Secondary,52558173,113344,21092,215.65,40.13,18.61
Pakistan,Africa,Low,25410687,56.53,26,59.2,7773,49413,10.04,31.87,13.61,78.81,20.3,57,58,80.48,85.45,Tertiary,12617883,27211,5063,215.65,40.13,18.61
Canada,Europe,Medium,179620222,60.59,44,54.23,4316,12228,38.43,18.22,12.89,64.87,48.26,17.76,31,92.17,30.1,Primary,89191883,192346,35794,215.65,40.13,18.61
Brazil,Europe,High,199956051,62.22,43,71.38,445,12129,40.16,22.71,2.38,58.11,17.13,21.1,33,90.33,34.48,Secondary,99289805,214122,39847,215.65,40.13,18.61
Russia,North America,Medium,87968591,56.09,37,89.48,6393,7161,5.86,37.1,8.69,46.61,31.87,36.13,35,50.6,43.87,Tertiary,43681520,94201,17530,215.65,40.13,18.61
Mexico,Africa,Medium,88947878,81.55,38,25.84,2784,46097,35.77,13.5,8.63,23.53,14.48,17.08,36,51.4,30.24,Secondary,44167792,95249,17725,215.65,40.13,18.61
Saudi Arabia,Asia,Medium,91648934,27.35,46,86.9,4845,33107,36.94,36.2,13.02,59.17,49.86,19.17,53,97.76,43.64,Secondary,45509024,98142,18263,215.65,40.13,18.61
Vietnam,North America,High,109552113,31.3,34,45.02,817,4618,15.54,30.38,5.78,48.89,17.53,55.23,35,58.14,40.13,Secondary,54398993,117313,21831,215.65,40.13,18.61
Bangladesh,Asia,Low,99715381,68.03,45,54.95,5146,2525,45.55,5.3,2.04,23.34,38.95,63.56,41,83.43,72.65,Primary,49514484,106780,19871,215.65,40.13,18.61
Argentina,Europe,High,182623425,65.83,49,46,3895,13973,37.09,33.12,2.21,31.64,15.46,38.05,35,68,51.55,Secondary,90683148,195562,36393,215.65,40.13,18.61
South Africa,Oceania,High,165880219,75.74,35,85.52,531,13722,8.51,22.94,2.42,77.34,25.05,71.03,53,98.85,31.64,Secondary,82369173,177632,33056,215.65,40.13,18.61
Vietnam,Africa,Low,13663473,52.88,47,58.97,3401,30763,29.86,33.49,8.81,48.8,13.18,72.82,35,68.31,76.42,Tertiary,6784708,14631,2722,215.65,40.12,18.6
Bangladesh,Asia,High,43259225,30.51,41,50.58,8220,27557,49.34,24.48,0.37,66.45,36.31,19.81,42,78.88,50.68,Tertiary,21480720,46324,8620,215.65,40.13,18.61
Argentina,Europe,Low,53656561,44.57,42,36.29,6513,3912,30.84,36.69,2.56,37.32,19.66,25.19,50,69.72,62.99,Primary,26643602,57458,10692,215.65,40.13,18.61
Canada,Europe,Medium,130098619,76.42,46,37.26,731,37549,46.58,5.26,12.73,64.9,18.98,25.79,67,73.75,64.15,Secondary,64601528,139316,25926,215.65,40.13,18.61
Italy,Oceania,Medium,161460883,74.04,31,64.85,3764,37162,47.09,27.77,12.78,29.69,19.14,29.29,33,64.13,67.09,Secondary,80174715,172900,32175,215.65,40.13,18.61
Argentina,Europe,Low,196849038,10.47,27,39.95,2619,26755,31.32,39.91,11,65.83,13.23,23.48,47,68.02,70.96,Secondary,97746992,210795,39227,215.65,40.13,18.61
Canada,South America,Medium,196751606,75.1,32,79.62,5967,1528,23.93,23.08,0.4,44.21,49.01,74.97,35,79.51,54.08,Secondary,97698611,210691,39208,215.65,40.13,18.61
France,South America,Low,65371048,34.94,41,68.63,8577,26150,6.7,16.42,0.17,56.19,24.06,54.06,51,85.12,20.38,Primary,32460526,70002,13027,215.65,40.13,18.61
Nigeria,North America,Low,106709940,16.81,25,49.18,2102,36749,44,30.48,10.14,70.44,32.93,68.89,45,81.02,65.65,Primary,52987689,114270,21265,215.65,40.13,18.61
United States,Oceania,Medium,30177430,76.57,48,32.07,1629,34102,5.49,12.96,5.97,21.41,22.15,76.33,44,66.2,89.26,Tertiary,14984848,32315,6013,215.65,40.13,18.61
Argentina,North America,Medium,118256857,34.41,49,20.63,8574,17905,6.18,22.61,9.02,23.03,30.76,23.56,50,69.23,75.37,Primary,58721405,126635,23566,215.65,40.13,18.61
Mexico,Europe,Low,165816215,54.11,47,61.56,6718,42896,24.27,37.22,11.34,47.94,40.22,33.33,37,95.14,82.52,Secondary,82337391,177564,33043,215.65,40.13,18.61
Bangladesh,Asia,High,155226636,44.93,38,89.92,2779,14500,16.12,9.44,10.77,31.35,24.64,86.75,47,87.41,47.07,Secondary,77079049,166224,30933,215.65,40.13,18.61
South Korea,Asia,High,62101839,27.96,20,33.36,6458,41296,15.08,38.47,6.16,28.77,15.06,57.79,57,92.74,39.06,Secondary,30837173,66501,12375,215.65,40.13,18.61
France,North America,Medium,147416715,19.57,49,87.55,8953,3360,31.65,11.51,13.5,27.7,30.36,53.55,41,98.59,89.03,Secondary,73200969,157861,29377,215.65,40.13,18.61
Pakistan,North America,High,79615797,64.65,29,40.41,3736,36492,39.61,25.09,6.69,35.97,11.15,78.69,48,89.41,21.2,Tertiary,39533872,85256,15865,215.65,40.13,18.61
Russia,North America,High,149323531,52.82,20,57.42,8973,43315,26.38,12.78,9.22,74.93,16.06,38.41,32,65.92,64.41,Primary,74147814,159903,29757,215.65,40.13,18.61
Nigeria,North America,High,4732403,55.22,36,52.39,6234,30995,9.08,29.29,11.81,51.01,13.52,81.87,56,68.16,28.94,Tertiary,2349913,5067,942,215.63,40.09,18.59
France,South America,Medium,122999266,70.35,30,83.14,9491,8194,39.6,9.72,6.03,33.92,17.87,62.08,67,91.92,31.68,Tertiary,61076286,131713,24511,215.65,40.13,18.61
Turkey,Asia,Medium,166028102,58.77,38,47.26,7346,40457,43.54,16.63,12.76,23.42,20.08,36.08,54,92.82,72.93,Tertiary,82442605,177791,33086,215.65,40.13,18.61
Canada,Asia,Medium,25590044,39.08,38,30.66,1985,18542,9.34,18.82,8.98,79.28,36.21,12.94,59,82.22,59.3,Tertiary,12706944,27403,5099,215.65,40.13,18.61
India,Asia,High,57669405,24.25,38,24.99,1680,32761,42.66,8.38,7.41,41.2,16.92,48.13,50,98.44,53.96,Secondary,28636212,61755,11492,215.65,40.13,18.61
Vietnam,Asia,Medium,123490181,56.51,44,46.24,7365,31026,12.75,19.13,6.05,26.04,22.27,30.37,69,50.59,38.39,Primary,61320054,132239,24609,215.65,40.13,18.61
Egypt,Africa,Medium,14179577,70.6,42,68.19,8389,14244,30.55,10.96,11.24,28.84,26.96,85.57,54,78.54,50.08,Secondary,7040984,15184,2825,215.65,40.12,18.61
Nigeria,Asia,Low,103698582,19.33,47,35.45,802,47699,23.22,24.19,14.1,71.8,48.56,58.25,41,68.88,74.17,Tertiary,51492375,111045,20664,215.65,40.13,18.61
Germany,Oceania,High,67002021,76.27,49,36.57,7145,48366,16.74,21.7,2.75,76.5,37.22,22.29,64,89.74,71.3,Tertiary,33270399,71749,13352,215.65,40.13,18.61
Pakistan,Europe,High,23453585,18.77,34,22.4,2910,15846,14.3,37.8,0.85,73.44,20.95,62.04,55,81.12,83.47,Primary,11646068,25115,4673,215.65,40.13,18.61
Spain,South America,High,196040927,62.88,31,55.4,7331,5309,43.17,38.29,12.92,71.45,36.93,31.85,60,73.33,73.47,Tertiary,97345718,209930,39067,215.65,40.13,18.61
France,Asia,Medium,82815658,59.54,35,85.95,9548,49990,30.09,36.17,13.49,66.84,17.36,47.94,64,89.76,25.48,Secondary,41122789,88683,16503,215.65,40.13,18.61
United Kingdom,North America,High,149747052,79.19,20,54.64,2390,39607,24.09,34.1,7.74,56.56,29.96,74.35,34,81.16,25.14,Secondary,74358117,160356,29841,215.65,40.13,18.61
India,Europe,Medium,137209014,54.26,40,69.72,3547,19760,18.06,38.05,7.5,66.34,49.73,32.94,46,70.23,32.56,Primary,68132252,146930,27343,215.65,40.13,18.61
Egypt,North America,Low,162524916,20.85,35,22.86,573,17748,16.61,14.32,1.35,52.82,43.35,73.95,41,81.37,20.57,Secondary,80703070,174039,32387,215.65,40.13,18.61
Argentina,South America,Low,68702514,24.3,21,69.26,2442,18735,43.32,27.16,12.66,49.94,33.87,20.49,39,59.96,75.58,Tertiary,34114792,73570,13691,215.65,40.13,18.61
Canada,Africa,Medium,89847250,28.43,45,88.35,5978,33778,31.81,38.04,2,68.04,35.54,49.89,31,74.46,70.1,Tertiary,44614383,96212,17904,215.65,40.13,18.61
Germany,Asia,Medium,68764650,13.52,27,30.36,7173,49242,5.28,25.6,4.83,60.42,36.62,53.03,54,95.8,61.28,Tertiary,34145646,73636,13703,215.65,40.13,18.61
Nigeria,Africa,Low,16518473,14.63,31,76.63,4319,22024,10.07,14.08,9.78,65.9,20.25,59.25,38,73.82,33.03,Secondary,8202382,17688,3291,215.64,40.12,18.61
China,Africa,Low,125348382,87.17,42,46.26,6582,15794,11.63,12.06,5.15,46.38,28.33,63.3,45,93.46,23.84,Primary,62242759,134229,24979,215.65,40.13,18.61
Indonesia,Europe,Medium,12888385,84.76,23,51.43,8474,4232,5.55,32.87,9.29,37.47,32.49,32.63,59,73.9,89.04,Tertiary,6399832,13801,2568,215.65,40.13,18.61
Brazil,North America,Low,68324976,79.85,48,64.29,3094,35821,43.44,17.82,0.31,65.57,17.44,20.4,33,60.01,48.39,Tertiary,33927323,73165,13615,215.65,40.13,18.61
India,South America,High,48651168,28.9,28,79.27,2050,19505,14.5,36.03,5.19,33.26,31.64,82.75,54,63.09,84.97,Secondary,24158133,52098,9695,215.65,40.13,18.61
Bangladesh,Africa,Low,118354670,56.07,38,78.12,2844,43103,20.55,28.32,2.13,40.55,30.68,38.98,52,76.86,26.7,Secondary,58769974,126740,23585,215.65,40.13,18.61
Spain,Oceania,High,183736161,69.41,39,85.13,542,18171,30.55,25.15,3.08,67.08,17.5,89.97,65,73.01,77.8,Primary,91235686,196753,36614,215.65,40.13,18.61
Mexico,Europe,Low,135456962,75.35,39,40.34,9997,15750,15.94,10.19,10.46,30.67,22.23,27.23,50,80.77,32.81,Tertiary,67262257,145054,26993,215.65,40.13,18.61
China,South America,Low,93717389,78.02,35,36.77,8087,31678,22.29,37.41,0.31,42.1,33.33,70.18,50,54.23,41.93,Secondary,46536132,100357,18675,215.65,40.13,18.61
Japan,North America,Medium,51612808,42.72,48,45.19,8661,47537,32.12,5.78,3.88,35.41,27.8,82.1,30,57.12,78.09,Secondary,25628760,55269,10285,215.65,40.13,18.61
Egypt,Asia,High,93878153,44.18,48,85.33,6673,6093,10.28,22.64,7.45,55.52,40.2,36.32,55,95.55,61.24,Tertiary,46615961,100529,18707,215.65,40.13,18.61
China,Africa,Low,37045279,30.73,32,58.09,3953,35974,15.22,9.74,6.29,74.63,41.5,33.71,63,92.2,83.96,Tertiary,18395134,39669,7382,215.65,40.13,18.61
Vietnam,South America,Low,168900303,60.59,23,72.86,7737,25717,9.92,25.25,3.78,61.54,36.76,34.52,68,92.64,75.83,Tertiary,83868820,180866,33658,215.65,40.13,18.61
Japan,North America,High,164674179,45.62,36,85.99,6955,10255,26.94,38.54,13.32,70.08,36.75,35.07,55,84.29,45.19,Tertiary,81770304,176341,32816,215.65,40.13,18.61
India,South America,Medium,90637050,87.04,31,22.22,2183,21032,37.25,31.94,5.71,27.83,36.16,52.65,36,52.2,50.08,Secondary,45006565,97058,18062,215.65,40.13,18.61
Australia,South America,Medium,135027525,50.12,38,27.24,2091,44253,45.01,10.55,3.14,23.15,39.32,67.21,37,76.92,81.9,Primary,67049016,144594,26908,215.65,40.13,18.61
United States,South America,Medium,20996070,87.25,26,54.99,9656,20642,33.53,33.87,11.86,33.4,39.73,49.35,55,84.73,62.22,Tertiary,10425769,22483,4183,215.65,40.12,18.61
Nigeria,North America,High,95009416,54.99,47,43.39,2686,7804,25.33,15.59,10.09,76.52,37.11,75.63,31,51.28,21.18,Primary,47177699,101740,18933,215.65,40.13,18.61
Bangladesh,Africa,Medium,1008869,78.59,22,55.29,218,44256,32.72,12.48,0.22,46.48,17.36,57.53,48,93.87,72.94,Tertiary,500962,1080,200,215.59,39.92,18.52
Brazil,South America,Low,35160183,82.42,31,73.39,8228,26659,7.9,31.84,4.51,33.85,44.72,14.43,61,59.24,26.06,Primary,17459075,37651,7006,215.65,40.13,18.61
Spain,Oceania,Low,82809865,37.53,33,36.09,4477,47045,36.83,33.36,12.34,36.42,34.09,33,59,72.09,82.08,Primary,41119912,88676,16502,215.65,40.13,18.61
Bangladesh,Europe,Medium,143929749,72.15,42,60.08,7294,39941,23.8,14.82,5.91,59.91,14.39,62.33,63,58.78,56.19,Secondary,71469488,154127,28682,215.65,40.13,18.61
Germany,Europe,Medium,24349674,78.32,36,65.55,2442,40496,20.84,9.51,12.93,33.13,16.43,72.65,30,64.58,31.61,Primary,12091028,26074,4852,215.65,40.13,18.61
United States,Africa,Low,11699694,53.89,29,83.27,4946,37418,7.83,15.4,0.3,76.94,35.61,85.9,44,97.59,41.01,Secondary,5809578,12528,2331,215.64,40.12,18.61
Pakistan,North America,High,170686943,73.12,48,27.16,8664,38251,25.41,27.18,8,37.96,12.3,70.22,53,95.02,40.4,Secondary,84755991,182780,34014,215.65,40.13,18.61
Australia,Europe,Low,149894063,69.39,28,52.47,9767,18863,7.35,18.23,1.52,53.97,28.33,69.31,52,79.09,72.23,Tertiary,74431117,160514,29870,215.65,40.13,18.61
Saudi Arabia,Europe,Medium,15494890,24.85,38,64.47,544,15162,15.68,10.25,13.07,55.94,17.17,49.04,45,93.3,31.93,Primary,7694113,16592,3087,215.65,40.12,18.61
Pakistan,North America,Low,67782115,34.42,20,69.66,3256,26950,15.47,10.73,14.99,26.97,15.58,24.4,54,50.11,40.3,Tertiary,33657761,72584,13507,215.65,40.13,18.61
Russia,North America,Medium,173539162,58.92,28,69.1,7293,10133,8.44,35.53,7.73,61.3,11.57,67.42,50,73.72,81.29,Primary,86172283,185834,34582,215.65,40.13,18.61
Nigeria,Africa,High,108906103,56.77,38,64.16,184,40599,32.07,10.81,1.6,66.46,34.11,55.01,42,66.74,44.85,Primary,54078212,116622,21702,215.65,40.13,18.61
South Africa,Oceania,Low,92224714,37.7,20,55.6,4697,5900,8.19,22.67,0.55,32.92,29.48,10.75,58,53.81,23.29,Tertiary,45794932,98758,18378,215.65,40.13,18.61
Canada,North America,Medium,130753359,87.92,29,85.14,7666,18054,49,34.25,14.28,31.47,11.8,86.4,38,77.14,87.84,Primary,64926644,140017,26056,215.65,40.13,18.61
Saudi Arabia,Africa,Medium,57650843,12.15,39,62.22,410,11072,40.78,18.86,1.71,45.78,49.07,58.34,67,73.7,72.34,Tertiary,28626995,61735,11488,215.65,40.13,18.61
Italy,Africa,Medium,50588301,33.36,25,87.81,5259,48413,17.38,24.15,0.45,50.4,13.69,48.15,34,55.22,46.44,Tertiary,25120032,54172,10081,215.65,40.13,18.61
South Africa,Oceania,High,46774629,46.25,48,59.25,8898,7613,5.88,11.99,5.09,41.06,27.14,56.87,38,59.06,60.83,Primary,23226322,50088,9321,215.65,40.13,18.61
Germany,South America,Low,17172190,86.81,38,54.57,9541,44418,49.14,13.74,1.05,63.11,32.34,77.69,37,53.01,66.57,Primary,8526990,18388,3421,215.64,40.12,18.6
Spain,Africa,High,15303596,26.9,47,42.77,8945,48803,11.65,36.39,8.5,30.82,42.95,82.03,43,73.94,45.84,Secondary,7599125,16387,3049,215.64,40.12,18.61
Mexico,Oceania,Medium,99497091,57.36,22,61.26,2782,4399,13.62,22.83,6.71,67.2,35.3,72.88,59,86.38,89.01,Primary,49406090,106546,19827,215.65,40.13,18.61
United States,Asia,Medium,43232048,23.32,30,49.42,5736,15159,40.09,20.92,10.42,76.81,11.39,77.47,56,95.76,23.36,Tertiary,21467225,46295,8615,215.65,40.13,18.61
Turkey,Oceania,Medium,43952040,10.53,29,51.18,3167,18717,29.89,19.2,0.11,48.39,47.79,71.35,61,59.5,39.19,Primary,21824743,47066,8758,215.65,40.13,18.61
South Africa,South America,Medium,198486964,13.35,35,22.75,143,5562,19.1,10.74,1.21,63.15,37.3,79.13,63,79.76,60.32,Secondary,98560317,212549,39554,215.65,40.13,18.61
Indonesia,North America,Medium,77719796,23.58,33,68.39,131,33123,16.68,9.57,6.06,46.95,14.08,56.9,53,56.52,75.3,Primary,38592397,83226,15487,215.65,40.13,18.61
Germany,Africa,High,75431733,85.63,30,75.35,4261,18980,8.58,22.5,7.09,36.32,29,33.49,33,96.64,31.14,Secondary,37456241,80776,15032,215.65,40.13,18.61
United States,South America,Medium,60166489,59.29,41,52.99,4158,10765,11.2,34.23,5.07,53.12,48.8,60.17,37,62.12,84.5,Primary,29876159,64429,11989,215.65,40.13,18.61
Argentina,Oceania,High,193528258,11.59,30,76.48,3853,14601,20.65,35.95,10.81,49.87,40.77,75.29,61,91.95,80.03,Tertiary,96098032,207239,38566,215.65,40.13,18.61
United Kingdom,Asia,Low,45958229,39.21,21,35.4,9646,39938,43.9,7.42,11.44,58.99,32.58,35.42,69,72.11,69.66,Secondary,22820932,49214,9158,215.65,40.13,18.61
Nigeria,South America,High,61462277,10.58,48,73.1,2872,20227,12.91,5.75,12.26,39.16,19.32,57.89,32,52.21,43.02,Tertiary,30519594,65816,12248,215.65,40.13,18.61
Indonesia,North America,Low,2850266,84.67,45,75.27,6066,44846,47.34,30.9,10.13,66.43,30.42,16.7,51,67.54,65.81,Primary,1415322,3052,567,215.64,40.06,18.58
Japan,Africa,Low,75306895,72.5,22,71.04,1558,4847,5.16,26.78,9.07,73.01,41.03,57.24,43,67.89,89.66,Secondary,37394251,80642,15007,215.65,40.13,18.61
Saudi Arabia,South America,Low,38904149,53.84,46,71.72,2409,40890,30.45,8.46,14.12,42.78,29.32,72.8,44,83.87,60.32,Tertiary,19318171,41660,7752,215.65,40.13,18.61
Egypt,North America,Low,153054994,11.86,31,37.66,3067,43941,23.49,16.87,2.45,69.89,32.58,53.95,37,59.64,70.5,Tertiary,76000703,163898,30500,215.65,40.13,18.61
United States,Africa,High,83083030,65.48,27,44.26,4244,3614,36.97,20.12,3.58,36.34,28.31,38.78,47,53.63,79.78,Primary,41255554,88969,16556,215.65,40.13,18.61
China,South America,Low,189855363,24.46,26,63.85,9534,4547,28.85,30.53,0.46,53.61,36.82,11.62,36,65.85,86.5,Primary,94274226,203306,37834,215.65,40.13,18.61
China,Europe,Low,93512186,88.63,35,73.48,5535,15275,19.79,37.74,4.45,33.29,36.54,39.12,51,80.32,71.98,Secondary,46434237,100137,18635,215.65,40.13,18.61
United States,Europe,Low,165400716,81.52,23,22.42,5259,35892,15.3,27.64,0.34,37.04,45.64,61.77,53,92.74,34.27,Secondary,82131072,177119,32961,215.65,40.13,18.61
Spain,Asia,High,90644975,31.07,26,34.61,616,45297,27.83,25.22,9.67,77.57,36.85,43.06,64,50.38,57.21,Secondary,45010500,97067,18063,215.65,40.13,18.61
Indonesia,North America,High,114511044,33.26,30,26.8,8561,37823,47.77,19.36,14.35,44.82,28.66,86.25,31,51.87,68.73,Primary,56861391,122624,22819,215.65,40.13,18.61
Nigeria,Europe,Low,116131729,51.82,34,21.69,2279,44036,20.67,28.33,14.86,22.51,17.85,26.55,37,83.68,25.53,Tertiary,57666155,124359,23142,215.65,40.13,18.61
Spain,South America,Low,139494968,46.51,48,39.51,1442,41496,20.13,36.2,12.78,20.46,45.99,83.22,54,72.79,64.1,Primary,69267362,149378,27798,215.65,40.13,18.61
South Africa,Africa,Medium,196114606,86.79,41,48.03,4010,11259,39.53,10.91,10.52,52.69,47.05,11.91,51,94.83,37.16,Primary,97382304,210009,39081,215.65,40.13,18.61
Vietnam,Asia,Medium,113292566,59.83,26,85.79,2344,12683,11.97,9.17,12.03,63.92,15.33,49.13,65,69.22,36.1,Secondary,56256345,121319,22576,215.65,40.13,18.61
China,South America,Medium,114474037,38.3,20,57.86,1864,22088,15.01,31.3,7.98,22.17,31.97,25.96,61,91.42,78.12,Secondary,56843015,122584,22812,215.65,40.13,18.61
Vietnam,Asia,Medium,150869434,20.46,30,78.59,9718,39394,7.98,22.56,0.12,54.75,27.94,35.7,34,62.35,37.13,Secondary,74915445,161558,30065,215.65,40.13,18.61
Pakistan,Oceania,Medium,40665262,26.17,30,68.47,1879,9864,33.45,11.76,3.24,49.7,23.28,35.94,69,79.29,48.57,Primary,20192666,43546,8103,215.65,40.13,18.61
India,North America,Medium,63195466,56.11,40,20.36,8751,35759,32.89,36.56,0.08,46.29,35.19,76.93,41,74.29,53.28,Primary,31380223,67672,12593,215.65,40.13,18.61
Brazil,Africa,Medium,45456734,49.65,24,52.5,6549,3072,24.3,6.22,5.14,66.53,41.97,59.61,40,66.31,73.35,Secondary,22571911,48677,9058,215.65,40.13,18.61
Indonesia,Europe,High,110577102,63.73,35,37.86,2129,48669,35.03,22.29,2.42,22.99,26.67,17.16,59,90.51,78.19,Tertiary,54907960,118411,22035,215.65,40.13,18.61
India,South America,Medium,1956583,36.24,39,65.01,6691,9414,39.76,13.33,3.04,55.77,44.39,16.8,69,76.15,71.97,Primary,971557,2095,389,215.63,40.04,18.57
Indonesia,North America,Medium,171647789,20.58,38,50.77,8687,46274,26.17,27.38,11.89,76.44,34.53,60.18,52,59.2,27.55,Tertiary,85233107,183808,34205,215.65,40.13,18.61
Argentina,Africa,Medium,108792410,68.26,22,68.04,7491,25267,45.13,7.94,12.23,50.66,32.09,84.12,30,52.53,75.72,Primary,54021756,116500,21680,215.65,40.13,18.61
Pakistan,South America,High,83387315,49.56,45,59.58,832,28344,19.75,5.66,11.37,49.22,28.58,70.97,42,96.16,72.16,Secondary,41406650,89295,16617,215.65,40.13,18.61
Indonesia,Europe,Medium,84347236,50.25,31,23.2,3618,2629,32.73,38.51,14.1,56.81,15.28,49.5,67,71.16,86.42,Secondary,41883306,90323,16808,215.65,40.13,18.61
Nigeria,South America,Low,172022306,53.86,30,53.33,961,2773,36.71,32.8,1.55,72.62,44.04,88.2,63,86.62,55.44,Tertiary,85419076,184210,34280,215.65,40.13,18.61
United States,Africa,Medium,104474559,88.02,30,40.77,6505,16812,24.85,22.71,14.17,61.7,30.6,62.62,65,50.43,56.52,Primary,51877692,111876,20819,215.65,40.13,18.61
United States,Oceania,Medium,189495393,49.13,47,81.73,5048,13112,35.21,5.69,13.19,42.11,45.77,64.35,63,98.07,36.81,Secondary,94095480,202921,37762,215.65,40.13,18.61
Japan,North America,Medium,90740951,80.37,46,87.11,3401,1313,8.04,5.7,11.27,46.99,34.33,20.66,35,51.91,29.26,Tertiary,45058157,97169,18082,215.65,40.13,18.61
Germany,Asia,Low,82501030,81.73,36,67.69,4359,22694,31.9,7.43,1.38,51.54,31.38,37.38,59,51.34,28.6,Tertiary,40966558,88346,16440,215.65,40.13,18.61
Vietnam,Asia,Low,112514028,56.87,35,68.2,1191,33183,29.75,16.28,11.51,57.23,23.89,61.14,46,97.36,89.7,Primary,55869756,120485,22421,215.65,40.13,18.61
Mexico,Asia,Medium,68590754,23.49,20,52.12,715,33610,17.1,37.1,14.98,21.64,27.29,21.1,62,70.73,51.98,Tertiary,34059297,73450,13668,215.65,40.13,18.61
Egypt,Africa,Medium,113806396,11.47,34,70.82,2630,44148,32.88,37.69,1.26,36.52,24.81,10.85,42,82.06,45.68,Primary,56511492,121869,22679,215.65,40.13,18.61
China,Asia,High,105672400,72.67,38,79.57,9068,36707,46.57,19.02,10.23,78.47,48.52,89.49,48,76.59,73.31,Tertiary,52472490,113159,21058,215.65,40.13,18.61
France,Africa,Low,111087203,38.17,37,21.16,7031,30158,11.48,22.31,13.14,58.84,46.17,53.17,65,55.43,35.46,Secondary,55161255,118957,22137,215.65,40.13,18.61
Egypt,Asia,Low,116853331,84.62,30,20.73,4988,6321,7.24,15.75,13.95,58.73,48.63,61.5,42,63.33,43.73,Tertiary,58024472,125132,23286,215.65,40.13,18.61
China,Europe,High,146135446,80.4,33,74.11,9552,15679,47.27,31.4,2.49,26.04,27.84,56.71,33,57.13,80.78,Secondary,72564745,156489,29121,215.65,40.13,18.61
Brazil,North America,Medium,87756526,40.53,40,32.27,6174,49308,28.59,7.77,9.01,30.21,26.25,14.54,30,82.39,44.11,Tertiary,43576217,93974,17488,215.65,40.13,18.61
Vietnam,South America,Medium,194005470,46.96,22,35.83,1431,29865,49.07,26.95,6.4,41.23,36.46,49.84,58,96.28,28.97,Secondary,96334995,207750,38661,215.65,40.13,18.61
Saudi Arabia,North America,Low,14703548,75.89,26,67.58,8408,25290,20.94,12.23,7.42,73.92,47.55,49.94,61,64.22,65.32,Primary,7301166,15745,2930,215.65,40.13,18.61
Brazil,Africa,Low,18749748,48.87,31,88.12,192,46506,15.6,34.65,8.73,74.47,14.91,36.27,66,85.37,72.9,Primary,9310340,20078,3736,215.65,40.13,18.61
Mexico,Oceania,High,133643190,21.5,48,76.95,5228,29279,31.38,19.31,0.43,41.47,48.38,46.15,58,51.18,83.45,Primary,66361614,143111,26632,215.65,40.13,18.61
Canada,Oceania,Medium,154473226,68.12,29,84.18,6845,5806,16.91,5.92,1.57,60.38,14.5,53.37,55,53.53,31.32,Secondary,76704937,165417,30783,215.65,40.13,18.61
Mexico,Asia,High,56232538,28.65,39,29.67,937,32702,44.01,26.53,1.33,38.15,34.52,69.52,37,94.3,55.3,Primary,27922724,60216,11205,215.65,40.13,18.61
Indonesia,South America,Medium,145325064,23.3,31,62.95,6256,10246,31.74,39.16,2.31,74.27,17.35,21.03,60,74.33,59.01,Secondary,72162343,155621,28960,215.65,40.13,18.61
Nigeria,Oceania,High,92851321,49.91,39,37.64,7636,4765,32.97,10.47,1.06,20.64,37.4,68.74,64,90.36,43.17,Tertiary,46106079,99429,18503,215.65,40.13,18.61
Spain,Europe,High,102555353,62.93,49,56.64,416,43020,41.52,36.65,8.92,46.03,25.45,56.46,38,62.9,73.9,Primary,50924695,109821,20437,215.65,40.13,18.61
Germany,Europe,High,120162827,65.85,33,71.05,1696,12460,26.92,33.38,10.39,25.09,38.72,34.38,54,64.15,74.72,Secondary,59667830,128676,23946,215.65,40.13,18.61
Australia,Europe,High,52235876,24.07,45,31.26,293,26624,43.18,5.96,6.01,67.81,23.57,84.32,36,54.47,40.47,Primary,25938149,55936,10409,215.65,40.13,18.61
China,Asia,High,137352816,39.57,47,60.8,4547,42070,7.47,11.79,6.2,77.16,33.54,60.01,42,83.53,36.9,Primary,68203659,147084,27371,215.65,40.13,18.61
Bangladesh,Oceania,High,97385714,32.1,27,64.89,6775,8818,7.92,32.04,2.68,21.15,27.63,61.33,41,94.17,68.37,Tertiary,48357669,104285,19406,215.65,40.13,18.61
South Korea,North America,Medium,13590454,69.86,37,25.39,7006,41742,25.77,26.69,0.03,23.63,14.3,19.46,58,57.76,86,Tertiary,6748450,14553,2708,215.65,40.13,18.61
South Korea,South America,Medium,91991134,39.83,20,42.07,1817,30492,5.34,19.57,7.01,70.58,10.96,51.75,42,69,75.38,Primary,45678946,98508,18331,215.65,40.13,18.61
Russia,South America,High,28589927,69.46,35,37.89,3771,14351,41.49,32.73,2.27,58.7,21.34,83.64,58,88.4,22.94,Primary,14196561,30615,5697,215.65,40.13,18.61
South Korea,South America,Low,112546411,50.53,35,89.25,3977,21040,14.42,24.96,11.63,34.29,28.51,15.76,53,86.48,54.07,Tertiary,55885836,120520,22428,215.65,40.13,18.61
China,Africa,High,148585077,61.51,20,68.73,5123,13590,43.4,38.15,14.29,60.53,24.17,79.58,43,91.25,62.88,Secondary,73781129,159112,29610,215.65,40.13,18.61
South Africa,Africa,Low,18433038,26.33,27,60.84,1807,18831,35.13,27.64,13.83,34.35,22.89,14.69,48,66.61,25,Tertiary,9153075,19739,3673,215.65,40.13,18.61
Vietnam,Asia,Low,49328590,39.38,33,56.99,6414,23327,15.91,15.21,9.03,57.99,21.18,34.97,55,96.68,53.61,Tertiary,24494512,52823,9830,215.65,40.13,18.61
China,South America,Low,198711007,64.42,43,23.83,7370,35839,15.01,25.91,8.44,42.69,14.78,11.19,65,50.6,39.79,Primary,98671568,212789,39599,215.65,40.13,18.61
Australia,South America,High,174802048,58.75,36,25.39,3742,29989,31.56,13.27,9.63,26.2,40.36,83.07,36,57.89,87.5,Tertiary,86799380,187186,34834,215.65,40.13,18.61
Spain,South America,Low,153297771,47.33,30,53.89,563,18300,25.42,11.89,1.8,33.7,30.85,58.25,38,86.7,48.72,Secondary,76121256,164158,30549,215.65,40.13,18.61
Turkey,North America,High,157242754,26.29,28,26.92,3023,15067,19.12,20.32,10.12,46.16,40.95,20.76,68,59.05,72.26,Tertiary,78080169,168383,31335,215.65,40.13,18.61
Saudi Arabia,Oceania,Low,81975626,46.03,49,66.95,7902,49305,13.36,9.01,5.28,28.89,16.2,76.73,46,85.48,60.05,Secondary,40705664,87783,16336,215.65,40.13,18.61
Japan,South America,Low,3187793,14.8,27,35.75,8049,30191,26.25,7.57,4.31,75.21,29.84,65.16,62,64.83,60.21,Primary,1582924,3413,635,215.61,40.12,18.61
Bangladesh,Oceania,Low,101280621,11.1,45,51.46,8909,31009,27.24,23.67,9.54,32.82,23.94,81.08,58,72.94,80.66,Primary,50291716,108456,20183,215.65,40.13,18.61
South Korea,South America,Low,96970860,45.89,24,23.56,970,37696,32.71,7.19,3.56,47.31,15.14,58.17,42,70.69,73.33,Tertiary,48151669,103841,19324,215.65,40.13,18.61
Japan,Africa,Low,96906118,29.8,38,29.26,9028,24961,21.11,20.19,1.01,45.32,36.92,85.14,35,71.93,53.04,Tertiary,48119521,103771,19311,215.65,40.13,18.61
United States,North America,Low,58823824,55.91,28,87.66,1808,9022,44.62,24.02,6.91,74.28,49.72,10.57,33,79.04,88,Tertiary,29209448,62991,11722,215.65,40.13,18.61
Egypt,Oceania,High,163601547,25.79,32,39.12,8054,33671,43.02,12.94,12.97,68.18,44.19,28.97,52,96.02,82.34,Tertiary,81237680,175192,32602,215.65,40.13,18.61
Japan,Africa,High,141707323,70.78,43,47.69,8735,2317,36.42,15.35,1.05,22.9,37.53,61.61,67,80.48,46.17,Tertiary,70365924,151747,28239,215.65,40.13,18.61
Indonesia,North America,Medium,189311831,47.22,43,36.83,1926,49318,43.11,11.08,14.09,31.76,14.88,13.08,52,70.14,56.48,Primary,94004330,202724,37726,215.65,40.13,18.61
South Korea,North America,Medium,66996593,35.04,46,50.01,3160,6164,28.23,16.12,2.91,74.41,10.03,73.03,53,71.38,65,Primary,33267703,71743,13351,215.65,40.13,18.61
United Kingdom,Europe,Low,102203776,46.39,31,59.7,1882,11592,13.39,24.89,12.42,67.76,13.62,67.79,60,91.58,63.95,Secondary,50750117,109444,20367,215.65,40.13,18.61
Argentina,Oceania,High,154614551,66.3,33,41.76,2846,36766,18.12,19.68,13.76,66.96,11.39,39.28,37,85.28,64.23,Primary,76775114,165568,30811,215.65,40.13,18.61
Argentina,South America,Medium,69643205,50.13,26,27.31,2331,4008,35.69,12.98,13.36,77.78,18.87,86,60,69.91,42.4,Primary,34581900,74577,13878,215.65,40.13,18.61
India,South America,High,93181253,53.18,28,20.11,2551,5497,12.51,30.9,10.76,48.8,21.34,48.19,33,71.8,26.99,Tertiary,46269909,99783,18569,215.65,40.13,18.61
Brazil,Africa,High,153958936,26.9,34,50.76,8561,18576,24.45,9.45,8.64,79.38,19.97,55.97,63,80.97,54.72,Primary,76449563,164866,30680,215.65,40.13,18.61
Brazil,Asia,Low,186002364,63.34,25,81.48,1650,40348,45.33,30.69,5.03,70.65,17.2,22.63,61,82.48,22.76,Primary,92360988,199180,37066,215.65,40.13,18.61
United Kingdom,Africa,Medium,24302844,74.3,34,55.67,8941,11034,10.33,20.37,3.62,20.79,37.99,78.71,61,51.54,62.48,Secondary,12067775,26024,4842,215.65,40.12,18.61
France,South America,High,172893883,28.75,23,44.15,3612,8558,5.45,22.18,4.13,74.43,34.89,53.44,34,71.47,62.21,Tertiary,85851865,185143,34454,215.65,40.13,18.61
Italy,Asia,Medium,107320755,19.69,26,38.77,2868,27018,8.03,39.06,3.28,68.6,34.87,68.31,41,77.14,25.58,Tertiary,53290994,114924,21386,215.65,40.13,18.61
Russia,Asia,Medium,194277151,54.81,22,75.68,2970,40956,27.72,12.11,0.77,30.22,23.82,22.68,39,87.55,24.63,Tertiary,96469900,208041,38715,215.65,40.13,18.61
United Kingdom,Oceania,Low,114941942,56.43,31,74.87,2636,24739,31.85,27.96,2.03,69.2,45.05,53.13,33,90.06,73.97,Secondary,57075357,123085,22905,215.65,40.13,18.61
Nigeria,South America,Medium,38041053,35.09,23,70.94,9058,39999,18.92,37.73,12.66,73.94,40.08,58.89,68,95.27,49.73,Secondary,18889594,40736,7580,215.65,40.13,18.61
Nigeria,Africa,Medium,145626389,79.6,21,74.03,6035,45685,7.73,16.66,13.97,47.89,13.69,86.52,57,78.05,72.02,Primary,72311969,155943,29020,215.65,40.13,18.61
Brazil,Africa,Low,88875886,29,48,30.27,5882,16777,26.03,19.69,9.82,31.79,45.07,40.37,55,64.43,36.67,Primary,44132044,95172,17711,215.65,40.13,18.61
Germany,Africa,High,156623791,86.29,42,26.45,9235,34776,17.21,22,4.82,46.1,17.18,61.82,61,65.59,23.63,Primary,77772818,167720,31211,215.65,40.13,18.61
United Kingdom,Oceania,Medium,102304098,87.23,42,21.52,9243,48276,33.03,34.67,2.62,47.95,15.99,85.85,59,53.74,61.76,Secondary,50799932,109552,20387,215.65,40.13,18.61
Spain,Europe,High,156440603,42.39,44,33.61,2111,43643,23.98,19.1,5.12,66.58,27.71,12.19,69,68.95,80,Secondary,77681855,167524,31175,215.65,40.13,18.61
Russia,Asia,High,152976737,29.95,29,68.78,812,15060,23.94,5.74,14.16,47.48,12.65,82.31,65,97.06,20.29,Secondary,75961844,163815,30485,215.65,40.13,18.61
Nigeria,Africa,Medium,51757977,41.2,35,59.94,6396,29769,26.43,36.54,5.88,79.43,36.65,28.62,52,87.37,67.48,Tertiary,25700844,55425,10314,215.65,40.13,18.61
United States,Africa,Medium,150412125,85.55,24,25.38,7529,25371,7.73,12.19,0.12,32.93,22.01,56.35,31,85.28,45.07,Primary,74688365,161068,29974,215.65,40.13,18.61
United Kingdom,Africa,High,65452609,36.99,37,23.43,3869,44772,35.78,29.46,4.22,66.78,37.45,55.7,38,95.74,87.85,Secondary,32501025,70089,13043,215.65,40.13,18.61
Pakistan,Oceania,Medium,166603575,28.1,43,28.3,9206,14062,38.71,8.75,1.15,55.01,29.48,74.61,36,93.7,74.63,Tertiary,82728361,178407,33200,215.65,40.13,18.61
Indonesia,Asia,Medium,106021505,47.35,41,78.53,6131,26469,31.03,21.65,10.98,63.49,27.05,42.31,37,80.19,21.09,Tertiary,52645841,113533,21127,215.65,40.13,18.61
United Kingdom,Europe,High,16445616,70.09,49,81.22,9492,40673,36.21,10.38,0.36,73.6,32.83,17.47,46,69.04,42.83,Secondary,8166204,17610,3277,215.64,40.13,18.61
Russia,Oceania,Low,179637433,18.86,25,38.14,8972,23701,40.53,7.65,0.3,69.09,43.78,29.74,61,95.39,77.74,Primary,89200429,192364,35798,215.65,40.13,18.61
Pakistan,Oceania,Low,88078687,61.5,46,33.92,4214,49204,22.56,17.92,10.86,75.39,22.12,41.45,63,67.36,28.24,Tertiary,43736189,94319,17552,215.65,40.13,18.61
Russia,Asia,High,36399777,15.74,44,36.84,5897,2948,16.85,7.69,5.31,35.45,33.75,80.37,53,50.9,29.15,Primary,18074605,38978,7253,215.65,40.13,18.61
Bangladesh,Asia,Medium,86966086,51.36,37,85.86,9640,23240,45.1,13.9,6.65,54.65,45.16,44.3,65,90.9,58.98,Primary,43183718,93127,17330,215.65,40.13,18.61
China,North America,High,103495860,50.43,32,36.03,5957,15657,15.97,35.92,7.9,72.98,27.42,19.12,54,92.59,86.3,Secondary,51391711,110828,20624,215.65,40.13,18.61
Egypt,South America,Medium,92820225,31.14,44,59.29,9950,16110,9.87,39.24,1.71,50.9,32.55,17.98,53,95.32,81.83,Primary,46090638,99396,18497,215.65,40.13,18.61
Pakistan,South America,High,4820453,63.63,44,71.37,9642,30389,7.79,10.79,4.59,69.08,39.63,41.48,42,58.39,86.51,Tertiary,2393635,5161,960,215.61,40.11,18.6
Germany,Oceania,High,33497628,51.45,34,40.46,5812,42669,7.92,29.98,5.07,24.72,34.4,25.25,56,83.38,55.75,Tertiary,16633519,35870,6675,215.65,40.13,18.61
Saudi Arabia,North America,Medium,68513271,46.11,34,22.28,6580,23172,39.36,26.9,0.06,69.46,34.36,18.1,41,73.48,81.78,Primary,34020822,73367,13653,215.65,40.13,18.61
Egypt,Europe,Medium,134803957,88.11,27,67.78,6788,16808,38.83,27.04,5.87,68.04,26.9,44.68,48,59.54,52.69,Primary,66938002,144354,26863,215.65,40.13,18.61
South Africa,South America,High,21919831,89.74,39,29.06,3047,19350,31.88,6.34,13.56,38.51,47.82,60.97,57,50.53,51.05,Secondary,10884470,23472,4368,215.65,40.13,18.61
Bangladesh,Europe,Low,154133268,61.79,43,58.95,7539,19168,9.63,6,3.13,58.07,40.64,36.8,52,92.45,63.25,Secondary,76536129,165053,30715,215.65,40.13,18.61
Turkey,Africa,Low,9755571,19.91,21,59.13,1398,4132,20.64,7.16,1.98,40.41,46.52,88.08,42,90.79,90,Primary,4844208,10446,1943,215.64,40.11,18.6
United Kingdom,North America,Low,144453652,61.63,44,73.17,9954,8881,48.25,37.12,12.57,55.88,41.68,36.01,61,74.93,28.39,Tertiary,71729636,154688,28786,215.65,40.13,18.61
Russia,South America,Medium,117792528,40.44,35,68.46,2722,18700,24.07,33.89,5.29,71.55,46.43,55.66,54,72.93,70.13,Primary,58490838,126138,23473,215.65,40.13,18.61
India,Europe,Low,174478150,17.38,25,51.01,4393,29182,34.44,8.86,9.28,77.18,34.19,26.74,32,80.07,52.66,Tertiary,86638545,186839,34769,215.65,40.13,18.61
Mexico,Asia,High,100021748,48,35,20.72,851,37939,26.14,15.16,13.22,58.7,10.72,55.02,65,58.41,25.52,Tertiary,49666613,107108,19932,215.65,40.13,18.61
Egypt,South America,High,13646252,45.51,22,30.96,3175,42981,36.17,28.88,14.28,59.81,13,38.59,32,83.86,64.31,Secondary,6776157,14613,2719,215.65,40.13,18.61
Spain,Oceania,High,36376640,50.38,27,68.61,7186,33400,49.52,21.91,4.3,79.99,38.6,68.66,45,71.48,68.32,Secondary,18063116,38953,7248,215.65,40.13,18.61
Mexico,North America,Medium,81948505,70.55,48,72.29,8740,12587,10.42,19.63,3.15,62.59,31.93,76.67,47,65.3,70.27,Tertiary,40692197,87754,16330,215.65,40.13,18.61
Egypt,South America,High,113452479,60.36,44,72.69,637,43030,18.95,12.52,11.82,28.19,40.73,65.44,48,95.83,61.94,Tertiary,56335752,121490,22608,215.65,40.13,18.61
Egypt,South America,High,109091596,18.15,29,71.59,6050,26305,46.2,36.56,1.62,28.41,25.42,20.85,66,50.2,59.16,Primary,54170320,116820,21739,215.65,40.13,18.61
Spain,South America,Medium,11544445,22.68,34,38.07,9188,32480,15.49,13.49,13.04,48.12,10.67,22.22,42,95.38,67.75,Tertiary,5732488,12362,2300,215.65,40.12,18.61
Russia,Oceania,Low,106281041,63.76,42,46.15,9454,31441,14.12,32.88,13.88,36.17,30.91,11.59,45,53.79,50.56,Tertiary,52774716,113811,21179,215.65,40.13,18.61
Mexico,South America,Low,52145305,48.4,44,71.48,5098,35217,40.67,22.85,11.63,38.79,32.65,52.33,53,78.92,78.77,Primary,25893175,55839,10391,215.65,40.13,18.61
Brazil,Africa,High,165003953,42.39,39,35.44,5672,40704,42.16,11.48,4.51,42.74,41.43,53.53,58,76.76,87.92,Tertiary,81934056,176694,32881,215.65,40.13,18.61
Italy,Europe,High,3844805,55.39,49,85.64,8189,7599,8.45,36.94,6.9,56.43,20.21,33.31,69,73.1,52.28,Tertiary,1909169,4117,766,215.64,40.12,18.61
United States,Asia,Medium,128137993,15.03,24,74.79,1118,4693,6.62,19.04,13.84,61.84,19.48,19.34,54,52.27,67,Secondary,63627963,137216,25535,215.65,40.13,18.61
Italy,Europe,High,91096610,66.22,45,86,4626,2012,48.89,8.47,0.24,24.99,27.14,80.68,54,61.02,63.79,Primary,45234763,97550,18153,215.65,40.13,18.61
Australia,Asia,High,183084002,64.93,32,75.13,1228,46230,20.5,12.32,5.09,64.71,18.96,72.52,53,82.3,51.37,Secondary,90911851,196055,36484,215.65,40.13,18.61
Egypt,Asia,Medium,9994525,58.89,24,25.66,1358,29946,47.33,26.1,13.1,20.61,36.29,57.18,59,94.95,40.34,Secondary,4962862,10702,1991,215.64,40.12,18.6
Nigeria,Europe,High,162278167,20.8,31,71.55,3007,38382,6.94,26.84,8.03,22.9,33.56,20.87,64,55.47,34.02,Secondary,80580544,173775,32338,215.65,40.13,18.61
Bangladesh,South America,High,51082588,50.77,41,52.76,6494,37080,45.58,17.93,0.77,46.26,26.12,34.62,57,65.55,43.28,Tertiary,25365474,54701,10179,215.65,40.13,18.61
Egypt,Oceania,High,9022862,75.21,31,69.69,2474,35888,28.01,28.77,1.27,66.95,16.86,12.33,37,63.7,28.11,Primary,4480375,9662,1798,215.65,40.13,18.61
Brazil,Europe,Medium,179163503,27.01,46,61.76,9780,9517,29.83,14.49,12.6,77.81,42.85,13.28,68,68.51,49.92,Tertiary,88965096,191857,35703,215.65,40.13,18.61
China,Europe,Low,173355883,11.87,46,40.56,8369,12828,22.57,33.18,13.94,41.96,35.48,40.97,30,54.15,89.9,Secondary,86081275,185638,34546,215.65,40.13,18.61
Nigeria,Africa,Low,145972969,56.9,41,43.76,2933,36131,10.47,24.94,14.6,41.8,34.63,66.99,31,54.66,24.04,Tertiary,72484066,156315,29089,215.65,40.13,18.61
Argentina,Asia,Medium,110273119,24.41,45,70.66,2604,39292,13.4,9.51,2.57,51.71,14.52,38.51,65,89.77,54.1,Secondary,54757014,118085,21975,215.65,40.13,18.61
Spain,Asia,High,88361725,60.5,34,55.36,9861,27140,43.77,32.45,0.79,40.83,23.91,28.65,50,63.68,40.83,Primary,43876733,94622,17608,215.65,40.13,18.61
France,Africa,Low,109399971,27.56,48,63.99,1175,34732,6.16,23.01,14.97,25.27,42.7,29.02,66,58.98,30.4,Tertiary,54323446,117150,21801,215.65,40.13,18.61
United States,Africa,Medium,8556252,44.74,44,36.28,6895,20277,46.93,31.08,6.92,29.92,41.04,37.96,59,58.07,66.85,Secondary,4248676,9162,1705,215.64,40.13,18.61
Japan,Europe,High,22321690,61.77,24,56.94,558,36770,8.7,39.89,3.72,77.11,37.43,36.09,62,67.19,73.42,Primary,11084016,23903,4448,215.65,40.13,18.61
Nigeria,Africa,High,88309618,71.62,49,41.74,7704,20272,7.33,32.32,9.12,37.46,13.77,36.44,41,69.09,42.09,Tertiary,43850859,94566,17598,215.65,40.13,18.61
Germany,Asia,Low,2158378,25.03,42,20.66,1737,9686,20.16,10.27,2.08,73.41,18.98,45.22,49,86.15,69.06,Secondary,1071760,2311,430,215.63,40.12,18.61
South Africa,Oceania,High,138219546,77.99,42,32.64,5048,47793,14.8,38.75,5.74,50.72,27.05,15.8,45,50.61,37.97,Primary,68634040,148012,27544,215.65,40.13,18.61
Egypt,Asia,Low,153042481,54.37,29,45.89,6917,20452,33.97,13.28,12.53,29.27,39.62,14.66,31,78.96,68.25,Primary,75994489,163885,30498,215.65,40.13,18.61
South Africa,Oceania,Low,78960711,35.88,48,41.01,5877,49798,10.63,21.02,0.61,73.15,14.37,52.45,36,56.5,35.05,Primary,39208583,84555,15735,215.65,40.13,18.61
Mexico,Asia,Low,66087979,65.02,40,78.27,9249,7564,36.67,32.51,3.18,26.03,20.3,41.81,64,89.57,36.67,Primary,32816524,70770,13169,215.65,40.13,18.61
Italy,Africa,Medium,67955100,56.85,37,76.84,9477,38892,30.39,32.33,11.21,58.01,20.43,52.34,35,50.67,80.59,Tertiary,33743658,72769,13541,215.65,40.13,18.61
Japan,Oceania,Low,54231184,47.98,40,77.36,1380,12738,33.61,35.84,6.88,74.28,27.8,35.76,66,87.26,54.57,Primary,26928935,58073,10807,215.65,40.13,18.61
Italy,Africa,High,96155039,46.26,37,77.85,2950,29769,34.07,9.58,2.08,45.02,31.75,43.65,55,98.12,23.82,Tertiary,47746567,102967,19161,215.65,40.13,18.61
Turkey,North America,High,105366746,66.88,49,56,3868,35469,13.76,16.14,8.62,48.42,39.57,83.59,61,96.34,66.59,Primary,52320715,112831,20997,215.65,40.13,18.61
Japan,South America,Medium,175684988,57.02,33,31.05,3105,33270,8.16,26,9.48,51.57,41.06,64.78,40,88.79,61.92,Secondary,87237811,188132,35010,215.65,40.13,18.61
Japan,South America,Medium,54787775,31.36,37,68.27,5525,20197,33.05,14.04,7.96,31.9,30.23,79.6,36,69.22,67.04,Primary,27205315,58669,10918,215.65,40.13,18.61
India,Asia,Medium,178600305,22.18,37,26.01,2194,11978,33.06,26.57,10.98,58.87,14.2,30.42,51,81.91,32.53,Tertiary,88685435,191254,35591,215.65,40.13,18.61
China,North America,Low,99618834,42.36,49,22.44,4626,10731,44.31,14.39,6.9,42.43,36.99,78.95,68,56.97,61.71,Secondary,49466543,106676,19851,215.65,40.13,18.61
Argentina,Africa,Medium,84880874,85.05,27,40.33,7632,16565,21.62,32.68,5.32,39.91,29.84,86.39,33,67.24,31.59,Tertiary,42148289,90894,16914,215.65,40.13,18.61
India,Oceania,High,44921255,79.73,28,21.01,7345,4936,13.74,25.63,13.59,41.91,10.81,44.84,51,61.33,43.14,Tertiary,22306014,48103,8951,215.65,40.13,18.61
South Africa,Europe,Medium,126243709,56.6,24,48.87,6334,11539,34.93,23.18,9.93,26.73,22.57,55.2,56,73.86,51.74,Primary,62687341,135188,25157,215.65,40.13,18.61
Spain,Africa,High,134506484,80.91,20,26.33,569,33164,18.5,8.88,8.19,23.97,40.62,69.69,41,59.35,63.09,Primary,66790289,144036,26804,215.65,40.13,18.61
France,Asia,Low,105140084,27.09,40,58.4,5182,22536,23.36,32.68,0.84,37.69,49.06,77.48,60,69.16,25.37,Tertiary,52208164,112589,20952,215.65,40.13,18.61
Egypt,South America,Low,151245309,11.52,25,82.5,5640,24212,49.08,13.43,12.69,26.79,24.4,13.25,52,88.97,31.27,Tertiary,75102089,161960,30140,215.65,40.13,18.61
Australia,North America,Medium,103359315,48.71,44,41.99,2969,36023,40.92,25.72,9.27,31.02,22.58,51.49,45,69.34,67.57,Tertiary,51323909,110682,20597,215.65,40.13,18.61
Bangladesh,South America,Medium,82044684,39.95,37,42.61,7680,8108,32.48,31.91,4.75,65.96,49.24,29.1,64,59.88,83.81,Tertiary,40739955,87857,16349,215.65,40.13,18.61
China,Oceania,High,193087596,39.16,38,82.48,8002,43664,29.74,11.98,11.92,24.38,19.82,51.99,63,87.32,37.09,Secondary,95879217,206767,38478,215.65,40.13,18.61
France,Africa,Medium,76840523,53.36,20,87.52,8731,3429,40.79,16.26,11.12,56.22,24.17,47.21,67,68.51,62.36,Tertiary,38155787,82284,15312,215.65,40.13,18.61
Pakistan,South America,High,97862093,36.95,41,45.59,4516,35384,49.61,18.83,1.06,57.4,25.86,67.9,49,93.73,54.17,Tertiary,48594218,104795,19501,215.65,40.13,18.61
France,Europe,High,192955983,70.87,21,27.71,1490,42984,19.45,13.97,10.32,54.5,40.6,11.97,46,68.39,47.76,Primary,95813864,206626,38452,215.65,40.13,18.61
Italy,Europe,Medium,137445079,44.23,47,84.8,708,43262,41.8,22.54,5.81,20.78,34.41,82.05,46,95.32,58.67,Tertiary,68249472,147183,27390,215.65,40.13,18.61
Saudi Arabia,Asia,High,135591092,69.47,43,47.99,4454,1663,22.29,10.78,0.17,64.55,47.2,41.36,52,81.56,69.15,Primary,67328860,145197,27020,215.65,40.13,18.61
Italy,Oceania,Low,37290482,81.84,27,81.79,5194,16259,8.34,15.05,0.99,79.22,11.1,83.02,43,86.22,76.01,Secondary,18516892,39932,7431,215.65,40.13,18.61
Bangladesh,North America,Medium,108815802,19.41,30,87.7,8380,6183,30.97,36.19,7.67,50.17,39.4,27.71,54,56.61,50.71,Tertiary,54033372,116525,21684,215.65,40.13,18.61
Turkey,Africa,Medium,191804664,13.08,32,29.84,9365,25258,10.79,9.91,9.21,36.37,18.35,86.54,58,57.94,46.18,Tertiary,95242167,205393,38222,215.65,40.13,18.61
Mexico,Africa,High,165042467,49.71,41,89.76,5178,43186,18.35,38.66,2.62,64.6,26.83,47.92,50,57.94,61.23,Primary,81953180,176735,32889,215.65,40.13,18.61
South Korea,Africa,High,29283328,15.61,22,29.93,2710,19232,18.41,25.94,3.57,37.14,25.76,58.69,60,93.64,58.6,Tertiary,14540874,31358,5835,215.65,40.13,18.61
Russia,North America,Low,158972431,44.02,40,40.9,9208,49152,32.95,18.94,10.1,44,15.1,79.06,32,54,43.48,Secondary,78939054,170235,31679,215.65,40.13,18.61
Canada,Africa,High,134296864,32.89,28,78.43,8082,29077,6.76,5.09,7.77,67.83,34.14,11.49,46,63.65,84.5,Primary,66686201,143811,26762,215.65,40.13,18.61
India,Asia,Medium,47215279,83.7,34,24.28,3559,12762,28.13,18.38,6.09,41.38,37.51,43.65,46,91.4,64.94,Primary,23445131,50560,9408,215.65,40.13,18.61
Bangladesh,Asia,Medium,63556410,53.37,45,65.29,6186,47938,49.95,6.27,12.4,79.65,30.53,20.36,47,91.19,57.34,Secondary,31559452,68059,12665,215.65,40.13,18.61
Russia,South America,High,101873579,57.38,44,22.62,6275,7619,6.1,9.35,5.77,42.34,25.15,21.41,52,89.3,88.23,Tertiary,50586155,109091,20301,215.65,40.13,18.61
France,South America,Low,118756280,22.63,30,42.7,4009,25198,11.76,7.64,8,39.89,32.17,73.53,39,92.99,67.12,Primary,58969397,127170,23665,215.65,40.13,18.61
Mexico,Europe,Low,152287388,55.53,44,81.52,419,13739,47.25,14.92,7.53,33.31,25.97,30.31,48,93.8,68.3,Secondary,75619542,163076,30347,215.65,40.13,18.61
France,North America,Medium,103896043,40.44,41,57.98,3678,15418,13.03,17.96,3.77,73.39,41.66,14.93,64,88.2,80.32,Primary,51590425,111257,20704,215.65,40.13,18.61
Vietnam,Africa,Medium,73473191,61.15,28,68.15,2381,23428,28.89,8.29,6,69.19,27.49,69.71,58,53.54,33.83,Primary,36483711,78678,14641,215.65,40.13,18.61
Bangladesh,North America,Low,198111801,14.82,36,63.19,9052,6558,12.8,16.45,2.83,45.18,31.2,10.59,59,83.11,48.58,Tertiary,98374027,212147,39479,215.65,40.13,18.61
Australia,South America,High,190014305,59.78,36,29.23,9883,13138,8.26,13.32,12.35,38.14,38.61,80.32,48,75.73,51.01,Secondary,94353150,203476,37865,215.65,40.13,18.61
India,North America,High,33404756,23.88,35,49.23,6682,42740,32.36,8.25,10.81,79.29,21.48,37.08,63,76.13,42.21,Tertiary,16587403,35771,6656,215.65,40.13,18.61
Mexico,Africa,Medium,47935656,71.68,37,28.97,7141,24733,47.06,19.52,4.39,28.16,11.26,44.61,35,51.41,49.67,Primary,23802840,51331,9552,215.65,40.13,18.61
South Korea,North America,Low,113881012,19.39,45,69.26,5672,43132,48.07,32.69,10.38,47.23,42.2,71.16,69,84.69,22.51,Tertiary,56548543,121949,22694,215.65,40.13,18.61
Turkey,North America,Low,86190103,75.8,42,40.46,7528,17503,42.51,33.4,3.59,67.15,38.07,41.58,45,65.47,37.1,Secondary,42798397,92296,17175,215.65,40.13,18.61
United States,Europe,Low,136988286,19.21,24,45.89,1969,44158,20.12,16.21,4.43,59.19,24.99,30.44,69,70.03,63.44,Secondary,68022648,146693,27298,215.65,40.13,18.61
Turkey,Africa,High,192218927,32.9,25,63.74,482,24483,25.93,14.53,7.59,69.05,39.18,11.28,59,95.52,36.94,Primary,95447873,205837,38305,215.65,40.13,18.61
Italy,South America,High,52899588,69.58,40,22.96,9872,12381,41.99,30.95,0.27,40.56,42.9,69.05,54,75.7,55.55,Tertiary,26267721,56647,10541,215.65,40.13,18.61
Russia,South America,Medium,168339972,81.13,28,21.6,5667,38210,43.67,15.11,13.4,77.86,40.32,65.52,35,64.36,30.43,Secondary,83590583,180266,33546,215.65,40.13,18.61
Nigeria,Africa,Low,199758693,13.18,24,23.36,6209,22352,49.97,25.75,3.21,73.86,32.98,81.98,38,56.73,41.96,Primary,99191805,213911,39807,215.65,40.13,18.61
Egypt,Africa,Low,106962518,35.01,47,21.21,8425,34384,29.53,13.62,14.59,46.31,23.79,42.85,38,98.12,39.53,Secondary,53113109,114540,21315,215.65,40.13,18.61
France,Oceania,Medium,27416181,16.48,40,78.83,7728,43861,5.71,35.44,4.62,41.91,22.98,39.42,42,96.42,40.12,Tertiary,13613727,29358,5463,215.65,40.13,18.61
Indonesia,North America,Low,55231937,88.09,21,20.99,3612,49660,8.56,39.2,13.64,71.82,23.86,38.6,56,79.54,80.64,Secondary,27425867,59145,11006,215.65,40.13,18.61
Brazil,Asia,Medium,124500769,60.23,42,63.14,6045,34151,39.17,16.54,11.96,58.45,29.62,57.65,34,93.37,79.14,Secondary,61821870,133321,24810,215.65,40.13,18.61
Australia,South America,Medium,181182033,83.56,26,46.31,975,38372,13.71,24.63,10.09,38.86,19.43,44.15,49,60.84,42.05,Primary,89967413,194018,36105,215.65,40.13,18.61
Nigeria,Africa,Medium,45757459,62.22,40,67.17,7960,18786,27.54,24.87,5.22,30.46,27.31,55.6,41,66.55,83.63,Primary,22721238,48999,9118,215.65,40.13,18.61
Saudi Arabia,Africa,High,90281042,83.32,22,27.4,4887,23814,7.92,12.25,4.42,66.4,41.58,35.58,69,63.14,21.47,Primary,44829786,96677,17991,215.65,40.13,18.61
South Korea,Oceania,Low,38355382,33.09,40,32.25,2502,27947,9.41,12.52,9.83,69.38,47.51,18.54,45,74.37,68.44,Primary,19045677,41072,7643,215.65,40.13,18.61
United Kingdom,Europe,High,189445740,26.4,27,71.01,2491,27215,39.82,35.96,3.34,27.46,41.95,42.03,31,66.81,57.26,Primary,94070824,202867,37752,215.65,40.13,18.61
South Korea,Europe,High,5009723,31.39,30,86.05,6266,29204,5.79,36.3,9.74,51.66,36.11,78.13,52,93.48,27.78,Tertiary,2487618,5364,998,215.63,40.12,18.61
South Korea,Africa,Medium,9591399,28.07,23,44.84,482,27925,47.86,12.22,4.48,78.11,13.9,64.01,43,50.81,39.62,Primary,4762687,10270,1911,215.63,40.12,18.61
Australia,Europe,High,17033183,58.7,40,21.52,8082,19107,34.25,38.6,11.27,48.72,49.1,47.03,40,82.48,81.4,Tertiary,8457965,18239,3394,215.64,40.13,18.61
Russia,Africa,Low,128117131,46.3,30,31.2,6378,43605,47.49,20.43,6.16,55.13,45.95,72.8,50,80.82,87.81,Primary,63617604,137194,25531,215.65,40.13,18.61
Russia,Asia,Low,100193252,51.21,31,34,2574,44528,39.68,37.33,15,78.05,31.41,19.57,58,87.9,78.3,Tertiary,49751774,107291,19966,215.65,40.13,18.61
Pakistan,North America,High,165556596,65.48,44,29.38,9852,4015,26.62,17.25,13.13,64.98,29.04,86.76,40,59.7,58.27,Secondary,82208475,177286,32992,215.65,40.13,18.61
France,Oceania,High,150382237,58.92,21,67.18,4534,34980,28.2,27.04,1.98,33.3,15.26,89.07,66,71.21,49.16,Tertiary,74673524,161036,29968,215.65,40.13,18.61
South Africa,Africa,Low,4631008,83.33,48,83.07,7007,34503,40.38,7.29,14.4,20.54,34.88,67.27,66,86.75,69.66,Secondary,2299564,4959,922,215.65,40.09,18.59
Germany,South America,Medium,42832871,10.25,27,57.16,8826,35819,38.62,19.49,0.33,50.43,32.46,59.11,37,58.49,22.17,Primary,21269010,45867,8535,215.65,40.13,18.61
Saudi Arabia,Europe,High,146279833,87.89,29,60.8,9781,7840,32.75,24.81,9.17,48.48,25.14,72.78,53,64.55,32.29,Primary,72636441,156643,29150,215.65,40.13,18.61
Argentina,Asia,Medium,114152849,14.03,47,55.4,9065,25772,33.01,22.59,9.4,37.57,34.11,38.25,68,98.04,43.2,Primary,56683526,122240,22748,215.65,40.13,18.61
Italy,Europe,Low,158211781,24.29,39,62.84,7109,23693,13.22,38.15,10.84,48.66,18.04,56.77,46,65.77,66.5,Secondary,78561347,169421,31528,215.65,40.13,18.61
France,Asia,Medium,193993007,73.83,33,39.04,5309,10108,29.18,21.71,1.13,49.18,13.67,22.37,35,83.04,25.84,Tertiary,96328806,207737,38658,215.65,40.13,18.61
France,North America,Low,59946272,53.29,37,74.03,1422,4619,27.73,37.71,0.33,46.93,42.61,21.21,64,77.57,50.96,Tertiary,29766809,64193,11946,215.65,40.13,18.61
Vietnam,Asia,Low,78783496,76.25,27,23.8,9448,17852,33.29,33.55,4.17,30.29,28.14,73.37,38,87.1,57.66,Primary,39120586,84365,15699,215.65,40.13,18.61
Japan,Europe,High,132667879,63.64,39,66.42,5091,37031,31.43,12.91,7.12,46.03,39.43,15.22,64,52.16,31.48,Primary,65877315,142067,26438,215.65,40.13,18.61
China,Africa,Low,34136161,47.63,33,20.47,277,13717,27.43,5.38,4.83,35.37,30.76,22.44,47,91.24,56.56,Secondary,16950588,36554,6802,215.65,40.13,18.61
Saudi Arabia,Europe,Medium,56269904,66.16,46,22.89,3381,20743,32.39,25.26,3.63,54.75,20.44,65.2,54,60.98,45.44,Tertiary,27941278,60256,11213,215.65,40.13,18.61
Spain,Europe,Medium,17337884,27.42,26,23.56,3133,24416,24.01,39.92,2.5,46.44,32.12,55.17,68,53.78,89.84,Primary,8609267,18566,3455,215.65,40.13,18.61
United States,Oceania,High,156441399,16.96,20,89.43,5865,20032,23,27.1,6.38,26.45,47,41.16,30,77.54,48.99,Primary,77682250,167525,31175,215.65,40.13,18.61
Italy,Asia,Medium,72555255,14.89,23,22.31,4740,30150,27.75,11.23,14.16,45.88,43.02,22.23,55,85.69,43.37,Secondary,36027902,77695,14458,215.65,40.13,18.61
Brazil,Asia,Medium,89582379,77.04,23,89.54,8717,26551,30.41,32.52,10.13,24.67,36.18,87.33,34,74.62,34.24,Primary,44482859,95929,17851,215.65,40.13,18.61
Brazil,North America,Low,97074766,75.99,44,45.5,6900,19783,30.45,15.07,0.55,73.53,19.32,66.6,43,92.03,68.83,Secondary,48203265,103952,19344,215.65,40.13,18.61
Indonesia,Asia,Low,26525041,42.98,43,20.5,9534,44565,20.94,35.4,6.33,47.44,42.59,85.33,36,57.76,89.5,Tertiary,13171225,28404,5285,215.65,40.13,18.61
Japan,South America,Medium,21108133,11.26,35,56.47,5484,21659,8.06,31.09,4.46,58.33,35.24,25.75,68,92.52,20.88,Secondary,10481415,22603,4206,215.65,40.13,18.61
Japan,Asia,High,197972994,74.41,39,46.09,543,23235,12.22,26.03,6.49,56.99,19.33,88.07,67,80.18,63.1,Tertiary,98305101,211999,39452,215.65,40.13,18.61
Vietnam,North America,Medium,188816871,20.68,45,52.59,5740,6940,45.52,36.46,3.59,61.38,36.24,40.7,50,85.42,76.66,Secondary,93758554,202194,37627,215.65,40.13,18.61
Bangladesh,South America,High,3668216,52.98,21,38.03,6727,7573,25.85,8.58,10.35,41.47,39.16,59.69,65,72.73,63.09,Secondary,1821482,3928,730,215.65,40.08,18.58
Spain,Europe,Medium,177637342,66.28,22,84.63,7649,36526,9.84,12.7,7.36,35.01,49.58,32.78,65,55.39,74.38,Primary,88207268,190222,35399,215.65,40.13,18.61
South Africa,Asia,Low,52944549,44.61,48,42.07,5743,35144,18.4,18.28,13.82,66.3,40.33,87.25,62,55.99,74.24,Primary,26290046,56695,10550,215.65,40.13,18.61
Egypt,Africa,Medium,10481550,36.97,22,30.79,8473,16030,31.35,39.27,13.3,75.12,11.2,43.96,45,61.08,51.22,Primary,5204698,11224,2088,215.65,40.12,18.6
Brazil,Asia,Low,115791265,49.27,28,65.99,3684,26242,48.78,9.86,5,24.15,16.01,42.89,33,54.93,69.84,Tertiary,57497095,123995,23074,215.65,40.13,18.61
Canada,South America,High,65731190,33.19,36,80.21,885,5107,41.97,20.71,2.03,22.03,17.48,28.24,37,90.53,77.48,Tertiary,32639357,70388,13098,215.65,40.13,18.61
France,Africa,Low,135692667,41.41,46,77.23,3096,48106,44.53,10.95,7.5,64.13,48.75,62.9,31,53.43,79.97,Secondary,67379298,145306,27040,215.65,40.13,18.61
China,South America,Medium,164844578,13.56,20,46.82,9374,39605,5.97,18.29,9.6,37.85,26.07,67.27,58,94.94,42.23,Secondary,81854917,176523,32850,215.65,40.13,18.61
Pakistan,South America,High,185124274,17.2,46,44.83,8126,23035,41.95,29.05,2.58,67.12,17.1,24.18,67,92.1,20.53,Primary,91924965,198240,36891,215.65,40.13,18.61
Mexico,Africa,Medium,86851703,49.59,20,23.11,7792,26168,15.17,30.2,7.02,28.11,26.08,28.64,58,83.08,37.81,Primary,43126920,93005,17307,215.65,40.13,18.61
Egypt,Africa,High,11752670,56.03,30,76.74,4871,37198,8.66,18.99,10.15,39.99,24.08,32.69,31,57.88,68.82,Tertiary,5835883,12585,2342,215.65,40.13,18.61
Argentina,Oceania,High,115317244,27.58,47,44.66,8610,47955,10.7,37.43,6.22,73.19,14.86,19.52,51,56.65,70.42,Primary,57261716,123487,22980,215.65,40.13,18.61
China,Africa,Low,198513504,46.45,33,45.62,4485,28627,23.79,12.82,3.23,61.95,36.25,21.62,33,55.91,79.7,Secondary,98573496,212578,39559,215.65,40.13,18.61
Australia,North America,Low,199087941,68.57,42,62.99,1469,5214,15.16,33.72,5.15,20.73,47.89,41.5,40,94.63,54.82,Secondary,98858737,213193,39674,215.65,40.13,18.61
South Africa,North America,Medium,119948328,25.82,32,67.01,9430,27478,30.14,15.29,0.68,52.31,34.45,14.61,51,95.14,63.76,Tertiary,59561318,128446,23903,215.65,40.13,18.61
Saudi Arabia,Oceania,High,118557159,66.12,30,67.53,7569,11172,23.56,26.15,10.3,27.62,27.25,10.39,32,92.74,32.15,Primary,58870522,126956,23625,215.65,40.13,18.61
Italy,Africa,Medium,139366710,39.36,25,45.89,6627,15736,22.14,10.87,10.19,54.68,35.66,25.57,31,83.62,41.56,Tertiary,69203674,149240,27772,215.65,40.13,18.61
France,South America,Medium,47843816,39.71,30,49.67,8256,23545,6.96,13.27,10.06,45.62,29.65,20.76,64,77.79,50.33,Secondary,23757236,51233,9534,215.65,40.13,18.61
Spain,Europe,High,178389041,79.77,49,69.97,1145,15452,31.04,10.69,2.66,45.52,32.48,33.13,42,67.03,73.86,Tertiary,88580530,191027,35549,215.65,40.13,18.61
Bangladesh,Europe,High,104570477,81.84,36,30.01,9059,5331,27.27,15.98,13.54,77.08,20.34,50.32,55,62.01,37.23,Secondary,51925321,111979,20838,215.65,40.13,18.61
Japan,Oceania,Medium,116367705,16.07,44,55.99,2512,6988,7.2,29.42,0.88,70.32,44.68,45,35,62.82,47.98,Primary,57783331,124612,23189,215.65,40.13,18.61
Vietnam,Africa,Low,100350241,76.53,45,51.76,1898,22237,8.17,25.47,3.85,24.06,20.1,12.46,38,58.03,26.65,Tertiary,49829729,107460,19997,215.65,40.13,18.61
France,Oceania,Medium,135236913,31,20,87.39,572,41179,49.27,16.39,9.12,47.4,43.47,31.89,43,72.33,48.38,Primary,67152990,144818,26949,215.65,40.13,18.61
Indonesia,Oceania,Medium,186873400,64.55,23,20.77,3092,27173,5.93,32.79,2.17,49.07,46.87,60.39,39,76.04,43.99,Secondary,92793508,200113,37240,215.65,40.13,18.61
Vietnam,Oceania,Medium,111481025,82.33,32,88.76,1865,43700,17.56,7.1,5.69,27.36,10.64,72.6,63,83.91,50.57,Primary,55356810,119379,22215,215.65,40.13,18.61
Spain,North America,Low,4193132,20.55,48,30.74,1627,40818,40.29,7.92,10.09,72.08,27.93,49.3,33,81.65,51.27,Primary,2082133,4490,835,215.64,40.1,18.6
Pakistan,North America,Medium,47899234,26.27,47,71.64,5615,37537,32.91,34.87,10.38,60.42,13.83,10.82,57,78.7,26.26,Secondary,23784754,51292,9545,215.65,40.13,18.61
Nigeria,Africa,High,171613334,76.53,28,44.26,2235,7796,10.25,13.04,2.57,37.62,41.55,42.55,55,68.94,56.07,Secondary,85215998,183772,34199,215.65,40.13,18.61
Nigeria,Oceania,Medium,150177232,80.72,28,22.32,3435,14722,16.86,37.86,6.81,42.28,33.7,30.28,35,80.46,23.12,Primary,74571727,160817,29927,215.65,40.13,18.61
Egypt,Africa,High,16045394,78.48,26,45.07,8545,20818,13.89,20.09,10.28,40.95,39.68,62.8,45,57.27,73.22,Secondary,7967471,17182,3197,215.65,40.13,18.61
Canada,South America,Medium,167449781,13.94,28,76.66,6216,7441,22.16,20.09,14.33,44.02,47.42,50.19,63,91.43,81.95,Secondary,83148551,179313,33369,215.65,40.13,18.61
South Korea,Africa,Medium,59137800,88.47,38,38.15,6294,34370,12.44,21.01,14.25,35.28,48.69,11.84,61,71.32,27.24,Secondary,29365356,63327,11784,215.65,40.13,18.61
Indonesia,Africa,Low,146814804,75.15,36,71.45,1095,22526,6.76,26.52,11.32,26.52,29.9,14.64,54,71.47,59.33,Primary,72902086,157216,29257,215.65,40.13,18.61
Italy,Europe,Low,148450641,52.86,48,76.76,141,47379,21.2,11.75,0.54,29.87,22,78.57,46,65.73,72.26,Secondary,73714374,158968,29583,215.65,40.13,18.61
Turkey,Europe,Low,102888458,78.73,21,47.58,4498,41555,40.98,10.27,6.33,46.57,22.28,22.41,63,95.87,27.32,Secondary,51090101,110178,20503,215.65,40.13,18.61
Egypt,North America,High,98368509,60.28,41,25.44,3828,7041,28.16,39.69,6.7,62.42,38.76,26.98,59,55.14,46.29,Tertiary,48845683,105337,19602,215.65,40.13,18.61
United States,Africa,Low,64977176,53.58,24,79.34,2825,38904,7.3,14.44,9,32.19,49.41,46.98,49,58.76,26.89,Secondary,32264945,69580,12948,215.65,40.13,18.61
Bangladesh,Oceania,Low,104354537,84.9,32,20.93,7648,27231,11.8,5.25,10.57,20.78,23.54,62.92,57,64.23,41.12,Tertiary,51818094,111748,20795,215.65,40.13,18.61
United Kingdom,Europe,Medium,174117499,60.5,38,49.58,519,26625,38.1,27.91,8.72,26.5,12.34,85.03,61,78.33,64.62,Tertiary,86459461,186453,34698,215.65,40.13,18.61
Italy,Asia,Low,46455174,47.87,38,89.75,9221,18154,29.71,35.67,13.34,31.46,25.24,45.51,33,84.41,34.86,Primary,23067694,49746,9257,215.65,40.13,18.61
Canada,Oceania,Medium,184557806,14.66,48,68.39,3083,44129,27.6,36.65,3.27,60.43,29.83,72.91,68,59.94,76.61,Primary,91643681,197633,36778,215.65,40.13,18.61
Japan,Oceania,Medium,131929799,50.08,33,64.82,7348,4022,19.63,16.95,8.51,41.58,15.24,27.82,65,63.53,64.35,Primary,65510815,141276,26290,215.65,40.13,18.61
Saudi Arabia,Africa,Low,127776661,41,32,71.76,4081,16623,33.92,31.3,9.98,58.25,27.03,47.4,64,60.25,75.52,Primary,63448541,136829,25463,215.65,40.13,18.61
Spain,South America,High,74805874,40.66,29,48.99,3570,46946,21.83,30.67,5.63,31.28,39.54,33.13,62,80.28,57.24,Secondary,37145465,80105,14907,215.65,40.13,18.61
Egypt,Africa,High,13903126,88.82,48,51.74,2944,1709,48.95,7.73,0.74,39.29,16.66,44.78,48,97.23,44.81,Secondary,6903710,14888,2770,215.65,40.12,18.61
Mexico,North America,Low,168606420,22.14,22,32.95,6005,22737,42.26,11.33,5.36,75.39,42.23,49.83,43,67.27,32.37,Secondary,83722890,180552,33599,215.65,40.13,18.61
Egypt,North America,High,127948254,30.34,35,79.67,171,2144,38.55,12.72,12.68,47.86,23.84,32.46,49,79.14,45,Tertiary,63533747,137013,25497,215.65,40.13,18.61
France,South America,High,86739905,68.03,46,71.02,1224,36396,28.62,5.33,1.33,79.56,37.61,60.63,69,92.96,36.29,Secondary,43071405,92885,17285,215.65,40.13,18.61
Indonesia,Asia,Low,105838824,16.88,21,69.62,7263,14523,10.32,9.1,3.78,56.6,28.84,65.92,63,96.92,81.83,Tertiary,52555129,113337,21091,215.65,40.13,18.61
France,South America,High,57287191,23.18,36,44.9,6548,33051,12.36,10.33,8.08,21.35,37.04,88.56,61,96.81,61.39,Primary,28446421,61345,11416,215.65,40.13,18.61
Indonesia,Oceania,Low,188015155,76.95,45,47.13,1527,25460,19.14,30.81,7.21,57.41,11.77,13.53,54,89.32,24.79,Secondary,93360455,201335,37467,215.65,40.13,18.61
United Kingdom,Europe,Low,192786096,47.52,35,52.37,5839,10336,18.22,6.63,5.81,68.41,47.84,51.82,45,93.21,24.49,Primary,95729505,206444,38418,215.65,40.13,18.61
Bangladesh,South America,Low,19915360,69.28,41,70.23,4212,31450,22.18,6.76,6.23,57.32,15.26,41.93,40,74.63,52.48,Secondary,9889134,21326,3968,215.65,40.12,18.61
Canada,Oceania,Medium,29694172,80.1,44,52.92,9244,27153,16.6,23.18,12.63,46.96,21.24,32.13,35,77.13,58.09,Primary,14744882,31797,5917,215.65,40.13,18.61
Australia,Oceania,High,90236847,53.96,39,38.59,4559,33346,43.16,17.42,0.92,46.36,36.57,45.52,58,72.13,41.98,Tertiary,44807841,96630,17982,215.65,40.13,18.61
Pakistan,Asia,High,105792824,56.75,39,79.65,4516,41008,30.34,29.06,5.42,45.2,38.65,65.3,43,53.88,84.3,Tertiary,52532288,113288,21082,215.65,40.13,18.61
Pakistan,North America,Low,127314477,46.73,36,69.59,6650,27596,28.35,11.08,2.12,34.35,25.12,21.84,51,94.84,35.41,Primary,63219040,136334,25371,215.65,40.13,18.61
Australia,Oceania,Low,17823088,71.06,27,57.12,9351,21399,19.43,38.13,4.63,77.57,36.58,10.91,64,52.06,49.08,Primary,8850199,19085,3551,215.64,40.12,18.61
Vietnam,Europe,High,151876391,59.99,43,52.39,7236,11248,19.92,16.83,2.69,69.18,49.86,74.29,31,98.26,50.51,Secondary,75415458,162636,30265,215.65,40.13,18.61
Pakistan,Europe,Medium,155524666,44.94,47,31.13,9047,5406,21.89,16.48,13.98,34.12,27.98,88.98,38,84.39,55.4,Tertiary,77227039,166543,30992,215.65,40.13,18.61
Mexico,Europe,High,161164064,31.86,28,65.69,2174,40451,19.5,21.95,13.31,59.72,17.89,24.24,44,73.87,60.63,Tertiary,80027328,172582,32116,215.65,40.13,18.61
Spain,Asia,Low,169316314,76.65,47,67.14,4288,2008,6.57,5.94,4.75,41.38,34.85,41.95,47,98.84,40.78,Tertiary,84075394,181312,33741,215.65,40.13,18.61
China,South America,Medium,68320658,11.02,41,68.37,2226,8649,8.99,16.81,3.7,53.8,43.81,82.95,40,55.67,75.54,Secondary,33925178,73161,13614,215.65,40.13,18.61
Egypt,Europe,Medium,182507060,29.96,36,74.9,8950,39301,26.94,6.44,6.2,45.14,23.46,34.53,31,72.21,54.95,Tertiary,90625366,195437,36369,215.65,40.13,18.61
Saudi Arabia,South America,High,175312003,10.35,37,86.6,1567,32675,18.02,11.32,4.81,55.77,32.49,62.97,33,70.42,44.46,Secondary,87052602,187732,34936,215.65,40.13,18.61
Nigeria,North America,Low,94694594,47.58,44,42.86,4258,39436,43.16,31.14,8.71,56.58,35.62,62.89,33,95.99,46.55,Tertiary,47021371,101403,18870,215.65,40.13,18.61
Spain,North America,Medium,165062493,61.66,28,41.23,5110,41164,49.88,39.8,10.76,37.87,39.32,60.46,37,64.17,58.2,Tertiary,81963124,176757,32893,215.65,40.13,18.61
Saudi Arabia,Oceania,Low,11376253,75.45,32,88.25,8364,29457,39.39,13.85,1.5,68.82,39.9,86.64,48,75.78,68.19,Secondary,5648971,12182,2267,215.65,40.13,18.61
South Korea,Asia,High,135112424,87.53,28,24.07,2895,27977,47.63,32.27,3.52,37.91,24.67,89.48,48,55.25,27.79,Secondary,67091174,144685,26925,215.65,40.13,18.61
Bangladesh,Europe,Medium,76306466,83.74,28,35.51,8921,24060,20.81,14.37,2.17,31.12,34.34,44.55,51,70.57,65.3,Secondary,37890596,81712,15206,215.65,40.13,18.61
Turkey,Asia,High,45459285,19.35,48,24.37,2527,30443,40.64,23.44,14.9,57.87,37.6,35.67,64,96.06,83.68,Primary,22573178,48680,9059,215.65,40.13,18.61
Canada,Europe,High,91322174,13.79,29,31.13,8940,14717,19.45,33.41,10.73,60.32,24.53,27.65,64,94.82,42.43,Tertiary,45346768,97792,18198,215.65,40.13,18.61
Mexico,South America,High,159186831,43.17,45,78.97,7127,16000,22.72,21.83,13.82,75.73,48.51,83.43,39,61.68,43.04,Tertiary,79045516,170465,31722,215.65,40.13,18.61
Pakistan,South America,Medium,105348234,48.54,20,85.52,7130,38685,25.57,22.56,1.29,59.2,11.81,79.12,31,68.34,71.31,Primary,52311523,112812,20993,215.65,40.13,18.61
Australia,Africa,Medium,63823869,47.73,33,22.32,5840,29018,22.38,35.07,9.12,70.03,25.18,82.4,65,66.5,70.71,Secondary,31692261,68345,12718,215.65,40.13,18.61
Russia,North America,High,76208101,68.69,46,78.51,8305,10981,36.35,37.27,9.02,54.58,18.35,10.28,58,51.01,20.25,Secondary,37841752,81607,15186,215.65,40.13,18.61
India,Oceania,Low,89435154,23.04,32,73.09,3347,45997,14.03,32.64,11.22,39.44,22.64,41.69,56,62.16,55.07,Secondary,44409753,95771,17822,215.65,40.13,18.61
Turkey,Asia,Medium,180029821,42.62,36,80.34,1913,22337,40.86,18.9,2,41.36,33.42,16.65,57,71.02,41.77,Primary,89395273,192784,35876,215.65,40.13,18.61
United States,Africa,Low,29518305,87.32,32,78.23,651,15069,15.23,12.07,9.08,72.23,18.96,65.87,41,75.99,56.92,Primary,14657554,31609,5882,215.65,40.13,18.61
Pakistan,South America,High,14366440,23.64,45,56.89,7682,5670,44.89,7.61,3.86,51.39,44.94,55.83,50,76.74,68.94,Secondary,7133772,15384,2862,215.65,40.12,18.6
South Korea,Oceania,High,82595756,57.88,37,59.49,4919,25434,10.5,31.39,0.84,38.54,49.86,86.1,30,70.89,46.02,Tertiary,41013595,88447,16459,215.65,40.13,18.61
Bangladesh,Asia,Medium,116244150,65.07,23,48.88,3623,34808,39.7,36.82,3.52,75.95,18.96,58.82,36,67.61,82.05,Primary,57721979,124480,23165,215.65,40.13,18.61
United Kingdom,South America,Low,162211536,43.8,49,35.78,4465,15789,18.67,27.49,11.96,63.53,32.72,27.71,46,64.63,55.67,Primary,80547458,173704,32325,215.65,40.13,18.61
Canada,North America,Medium,158914235,58.71,36,44.41,4854,31957,35.87,21.18,6.5,43.05,37.87,42.15,44,88,47.8,Primary,78910157,170173,31668,215.65,40.13,18.61
Saudi Arabia,Oceania,Medium,134674394,28.04,27,43.44,2244,45604,40.11,28.97,11.71,28.64,13.84,52.83,43,53.27,26.16,Primary,66873666,144216,26837,215.65,40.13,18.61
Vietnam,Asia,Medium,17605187,19.59,21,66.48,5578,25557,30.79,25.05,0.16,71.97,44.08,63.49,65,77.64,59.3,Primary,8741998,18852,3508,215.65,40.13,18.61
Russia,Africa,Medium,88062192,23.86,32,69.4,2787,8807,16.61,35.1,7.2,30.71,15.18,25.51,39,56.21,66.73,Primary,43727998,94301,17548,215.65,40.13,18.61
Saudi Arabia,Oceania,High,36768519,27.93,43,65.71,3024,47005,14.75,36.26,11.91,33.97,38.21,43.91,69,53.52,29.55,Tertiary,18257707,39373,7327,215.65,40.13,18.61
France,Asia,Medium,160160119,23.82,46,86.84,1429,44714,32.63,25.2,13.48,41.19,17.28,77.26,65,91.09,29.51,Secondary,79528810,171507,31916,215.65,40.13,18.61
South Africa,Oceania,Low,105030412,13.41,27,26.73,6753,37163,40.02,13.56,7.2,67.56,22.22,65.65,42,56.03,72.63,Primary,52153706,112471,20930,215.65,40.13,18.61
Argentina,Asia,Medium,108758728,65.35,38,64.58,6759,20299,49.01,19.46,3.95,78.79,22.58,64.47,53,58.92,78.53,Primary,54005031,116464,21673,215.65,40.13,18.61
France,Africa,High,120324306,20.88,20,22.36,807,22193,14,21.13,6.47,62.36,34.81,45.98,65,64.68,36.24,Primary,59748013,128849,23978,215.65,40.13,18.61
India,Europe,High,112955568,29.44,33,74.12,212,9299,41.55,33.63,4.9,45.99,22.98,52.06,36,97.04,57.26,Secondary,56089006,120958,22509,215.65,40.13,18.61
Canada,North America,Medium,9863964,34.14,30,31.15,6129,1919,13.92,9.98,13.67,45.68,46.44,42.58,48,87.46,52.69,Primary,4898031,10562,1965,215.64,40.12,18.6
Russia,Oceania,Medium,30839726,21.35,35,46.46,9695,14201,6.05,24.97,6.43,42.16,16.49,67.91,40,69.91,71.97,Secondary,15313717,33024,6145,215.65,40.13,18.61
United States,Europe,Medium,170945729,59.78,47,81.84,598,45262,8.12,30.93,9.06,75.02,11.61,57.13,59,82.33,84.3,Tertiary,84884493,183057,34066,215.65,40.13,18.61
India,Oceania,High,114864342,83.83,23,76.07,8702,28247,23.86,22.11,11.24,66.78,20.46,49.06,58,56.51,37.59,Tertiary,57036824,123002,22890,215.65,40.13,18.61
Brazil,South America,Medium,131592540,51.88,46,74.23,9316,6309,18.98,33.8,4.38,54.37,25.63,75.35,59,94.73,36.55,Secondary,65343347,140915,26223,215.65,40.13,18.61
France,South America,High,164235621,23.32,34,39.79,7098,19592,46.62,15.34,13.59,60.16,48.29,32.01,69,90.89,35.56,Tertiary,81552534,175871,32728,215.65,40.13,18.61
United States,North America,High,79271171,48.62,25,26.49,7388,8619,35.07,26.39,7.93,68,37.17,15.09,30,89.58,66.77,Secondary,39362745,84887,15797,215.65,40.13,18.61
South Africa,Africa,Low,106130144,51.89,34,30.01,7573,23342,48.07,10.9,8.08,46.45,23.71,19.58,44,68.88,54.88,Tertiary,52699787,113649,21149,215.65,40.13,18.61
China,Asia,High,100788224,51.33,45,59.84,4768,40992,49.32,5.28,10.04,72.99,48.06,75.25,60,51.35,83.02,Tertiary,50047213,107929,20085,215.65,40.13,18.61
Australia,Oceania,High,74280182,14.43,23,56.41,1022,35609,8.56,8.81,1.73,38.78,10.88,17.77,49,50.28,28.77,Primary,36884429,79542,14802,215.65,40.13,18.61
Vietnam,South America,High,71953491,52.97,47,28.39,9127,38728,20.3,36.83,14.11,52.35,25.12,44.44,55,52.39,68.77,Tertiary,35729091,77051,14338,215.65,40.13,18.61
South Africa,South America,Low,36615198,75.93,46,20.03,5581,2191,40.69,24.42,6.63,42.09,48.45,55.75,55,57.67,70.58,Secondary,18181574,39209,7296,215.65,40.13,18.61
Egypt,Asia,Medium,84499947,15.05,23,38.83,828,29389,45.88,34.8,9.01,64.73,18.48,79.07,60,92.98,65.43,Tertiary,41959136,90486,16839,215.65,40.13,18.61
Indonesia,Asia,High,36248805,67.51,40,48.84,955,43368,5.18,36.08,2.11,41.4,20.06,63.56,49,60,87.51,Secondary,17999639,38817,7223,215.65,40.13,18.61
United Kingdom,North America,Low,183662019,68.13,33,73,2447,7294,39.2,10.72,11.66,41.72,19.8,18.84,39,68.06,57.99,Tertiary,91198870,196674,36600,215.65,40.13,18.61
China,Europe,Low,70346339,34.15,25,86.79,6803,34968,46.99,23.4,12.05,52.75,38.15,61.94,55,77.96,41.45,Secondary,34931047,75330,14018,215.65,40.13,18.61
Japan,Europe,High,12534683,54.15,36,88.58,7406,24249,5.34,8.33,7.06,77.53,48.9,52.21,52,97.4,79.62,Tertiary,6224198,13422,2497,215.64,40.12,18.6
Argentina,South America,High,191248814,46.75,24,57.99,4835,19716,24.28,15.4,13.25,20.23,42.81,73.18,53,50.65,41.22,Tertiary,94966155,204798,38111,215.65,40.13,18.61
Mexico,Oceania,Low,109586426,45.38,36,26.43,6878,12470,21.03,34.99,1.85,30.86,44.81,51.98,32,58.26,21.22,Primary,54416031,117350,21838,215.65,40.13,18.61
Japan,Asia,Medium,148248835,31.89,20,24.47,2015,14436,5.68,32.1,5.86,54.71,43.05,55.66,52,94.89,46.46,Tertiary,73614165,158752,29543,215.65,40.13,18.61
Nigeria,Oceania,Low,91572925,52.45,40,60.83,7080,17580,27.7,37.2,4.13,59.56,49.14,11.65,36,82.66,67.36,Primary,45471281,98060,18248,215.65,40.13,18.61
Brazil,Europe,High,91057357,44.23,24,76.23,1802,37919,41.85,7.66,4.71,37.77,27.21,80.41,58,80.64,49.3,Primary,45215271,97508,18145,215.65,40.13,18.61
Pakistan,Asia,Low,198502446,21.2,37,40.26,2004,47212,28.9,9.91,6.33,63.92,16.73,72.5,61,86.85,22.63,Tertiary,98568005,212566,39557,215.65,40.13,18.61
South Africa,Europe,High,197258055,25.5,21,37.71,5764,30793,26.16,14.58,6.53,31.26,33.94,61.1,30,92.79,32.39,Secondary,97950093,211233,39309,215.65,40.13,18.61
Pakistan,South America,Low,92395597,80.28,34,35.54,5360,11273,13.29,22.24,13.49,40.79,36.12,11.24,57,68.08,63.65,Primary,45879785,98941,18412,215.65,40.13,18.61
Canada,South America,High,194419087,42.86,41,27.13,6783,22098,49.08,8.14,3.59,68.58,11.38,66.77,39,96.83,73.74,Tertiary,96540380,208193,38743,215.65,40.13,18.61
Italy,North America,Medium,93189901,82.71,49,21.36,4811,12727,14.1,20.01,11.79,60.33,32.99,77.78,48,62.69,62.14,Primary,46274204,99792,18570,215.65,40.13,18.61
Indonesia,North America,Medium,14981897,38.11,35,36.97,9909,10620,16.58,34.17,6.53,48.61,27.63,71.59,41,83.99,45.23,Secondary,7439382,16043,2985,215.65,40.12,18.61
Indonesia,Africa,Low,52969641,15.39,40,30.62,6860,9524,14.14,16.24,7.71,34.41,36.06,27.69,63,82.31,73.09,Tertiary,26302506,56722,10555,215.65,40.13,18.61
Vietnam,South America,Medium,56468588,47.81,31,26.03,152,37619,35.6,33.62,2.48,66.39,12.36,83.15,67,55.81,86.56,Tertiary,28039937,60469,11253,215.65,40.13,18.61
China,Europe,Low,65544088,75.88,44,65.08,7607,49058,31.85,8.04,12,39.55,26.48,61.63,41,63.36,73.05,Tertiary,32546450,70187,13061,215.65,40.13,18.61
Egypt,Africa,High,103398791,12.52,30,78.26,667,11556,11.44,19.03,7.93,42.43,48.33,44.69,69,50.52,73.12,Primary,51343511,110724,20605,215.65,40.13,18.61
Vietnam,Oceania,Low,191549870,10.3,42,32.09,2216,15636,12.38,34.86,3.46,22.47,41.05,73.97,32,69.15,42.92,Primary,95115647,205121,38172,215.65,40.13,18.61
Nigeria,South America,Low,42000835,38.33,47,20.34,7586,9499,37.7,39.5,10.65,66.96,16.08,51.4,57,79.96,62.72,Primary,20855856,44976,8369,215.65,40.13,18.61
Australia,South America,Medium,53962325,30.14,33,22.79,6012,1362,40.28,22.17,13.07,30.26,15.27,32.43,35,95.63,41.09,Secondary,26795431,57785,10753,215.65,40.13,18.61
Argentina,North America,Low,15372071,26.29,47,25.53,4763,14493,32.39,19.8,0.43,46.97,42.62,28.46,51,65.67,89.16,Tertiary,7633127,16461,3063,215.65,40.13,18.61
South Korea,Oceania,Low,76754969,30.26,20,89.39,6809,40621,38.64,7.85,7.43,29.29,17.67,53.54,31,96.2,62.09,Primary,38113304,82193,15295,215.65,40.13,18.61
Bangladesh,South America,Medium,23675378,82.95,39,67.12,3988,49688,48.55,21.66,13.92,38.87,30.4,81.82,48,87.84,84.29,Secondary,11756201,25352,4717,215.65,40.12,18.61
Germany,Oceania,Low,96247081,26.8,40,21.55,240,42495,25.06,38.21,5.45,21.32,37.43,72.25,48,62.28,66.52,Secondary,47792271,103066,19180,215.65,40.13,18.61
Turkey,Oceania,High,198600681,83.18,23,65.92,5790,47580,23.86,30.51,8.55,20.96,17.03,71.55,39,55.49,59.21,Tertiary,98616784,212671,39577,215.65,40.13,18.61
South Korea,Europe,Medium,193631334,29.4,29,24.41,8012,33550,16.72,30.37,9.55,69.98,20.87,37.45,47,59.07,54.96,Primary,96149215,207350,38586,215.65,40.13,18.61
Russia,Oceania,High,83344446,20.49,34,71.95,7507,39929,27.86,17.1,13.45,25.95,41.24,34.81,55,79.01,68.33,Secondary,41385363,89249,16608,215.65,40.13,18.61
Brazil,Asia,Low,37508093,22.96,20,73.14,6707,34540,45.56,18.7,0.87,46.73,46.47,32.77,44,94.03,26.4,Secondary,18624948,40165,7474,215.65,40.13,18.61
Saudi Arabia,Asia,Medium,107466136,52.38,35,21.15,7208,29251,19.86,29.03,9.99,76.83,36.58,55.43,39,75.73,22.97,Primary,53363184,115080,21415,215.65,40.13,18.61
Brazil,North America,Low,193652711,14.52,40,78.64,7183,41044,29.9,22.42,11.45,54.46,41.27,77.37,34,94.63,36.06,Tertiary,96159830,207372,38590,215.65,40.13,18.61
Nigeria,Oceania,High,144054838,61.02,25,51.5,8317,49522,38.51,9.93,3.19,50.37,23.4,68.07,65,74.48,86.99,Primary,71531602,154261,28707,215.65,40.13,18.61
South Africa,Africa,High,11169891,52.27,28,26.46,3406,36261,28.66,5.33,2.5,21.79,34.51,62.61,38,52.97,67.5,Tertiary,5546500,11961,2225,215.65,40.12,18.6
Turkey,South America,Medium,110266772,16.17,34,36.41,3433,30343,36.36,10.04,5.52,71.25,20.68,78.13,69,82.96,34.65,Primary,54753863,118079,21973,215.65,40.13,18.61
Pakistan,Europe,Medium,8364736,75.38,30,59.83,641,4271,7.51,14.04,9.2,61.08,36.03,28,43,88.33,87.14,Tertiary,4153577,8957,1666,215.65,40.11,18.6
United States,Europe,Low,179212944,87.28,39,74.95,8202,5951,27.8,10.61,3.97,31.6,19.89,74.55,55,94,48.43,Tertiary,88989646,191910,35713,215.65,40.13,18.61
Russia,South America,Low,27534144,63.65,32,69.57,6726,24820,43.36,26.32,13.96,65.84,21.51,22.2,36,54.37,26.21,Tertiary,13672303,29484,5486,215.65,40.12,18.61
Germany,Africa,Medium,119587588,58.3,46,73.05,8078,36914,19.53,5.78,11.42,70.67,38.17,85.19,34,77.72,86.13,Secondary,59382190,128060,23831,215.65,40.13,18.61
Egypt,Asia,High,150242364,84.06,44,51.81,2601,35026,39.38,13.36,4.24,80,46.71,30.49,41,87.17,60.58,Secondary,74604068,160886,29940,215.65,40.13,18.61
Pakistan,Oceania,High,76992282,45.92,27,21.15,6388,28251,44.52,26.46,2.27,31.59,16.76,89.51,67,94.32,66.32,Primary,38231144,82447,15343,215.65,40.13,18.61
France,Africa,Low,74245811,37.9,34,69.33,820,15310,22.38,23.06,0.63,20.31,43.19,29.79,31,74.96,45.29,Secondary,36867361,79506,14795,215.65,40.13,18.61
United Kingdom,Africa,High,23921134,35.13,25,71.78,6310,45243,6.35,39.56,13.08,76.59,27.82,65.1,50,52.33,82.77,Tertiary,11878233,25615,4766,215.65,40.12,18.61
Egypt,South America,Medium,77362983,35.02,28,76.63,9246,47607,28.44,9.64,14.73,21.99,49.96,13.06,36,86.83,66.8,Primary,38415219,82844,15416,215.65,40.13,18.61
South Africa,Oceania,Low,126017533,83.23,43,88.12,1698,39011,7.94,32.26,6.53,71.32,11.08,72.27,47,72.14,85.38,Tertiary,62575031,134945,25112,215.65,40.13,18.61
Germany,South America,Low,21450838,62.3,34,47.29,7754,28901,26.69,8.53,7.28,40.41,16.49,16.3,35,85.1,49.3,Primary,10651588,22970,4274,215.65,40.13,18.61
Indonesia,South America,Low,23737812,23.97,33,53.64,977,5033,7.47,21.75,10.42,67.06,32,47.76,54,96.92,73.47,Primary,11787203,25419,4730,215.65,40.13,18.61
Brazil,Oceania,Medium,183841168,67.99,29,53.45,6340,31926,17.09,14.28,11.71,35.26,11.06,75.85,37,65.43,54.4,Primary,91287828,196866,36635,215.65,40.13,18.61
Vietnam,Oceania,Low,195009992,75.3,27,61.51,3579,19640,7.15,34.65,12.3,52.2,25.77,69.19,44,76.4,41.23,Secondary,96833799,208826,38861,215.65,40.13,18.61
Mexico,Oceania,Medium,26022233,75.37,31,75,934,35072,41.92,7.97,10.96,32.1,39.82,58.2,39,66.04,31.56,Primary,12921551,27865,5185,215.65,40.13,18.61
Nigeria,Asia,High,3785862,15.55,37,62.6,9505,29075,26.13,38.58,7.7,43.87,13.51,18.58,53,78.7,71.68,Primary,1879900,4054,754,215.65,40.11,18.6
Italy,Europe,Medium,2086367,29.67,43,47.51,5263,40261,10.73,36.61,6.23,70.95,30.19,25.26,48,70.93,38.31,Primary,1036002,2234,415,215.64,40.06,18.58
Bangladesh,Europe,High,178451545,35.13,20,83.25,1090,10299,33.75,20.45,9.58,39.51,13.15,57.17,40,82.76,51.39,Secondary,88611567,191094,35561,215.65,40.13,18.61
United Kingdom,Europe,Low,113152116,23.96,49,82.76,5614,2234,36.85,7.06,6.72,70.97,21.15,60.18,56,92.73,71.73,Tertiary,56186604,121168,22548,215.65,40.13,18.61
Brazil,North America,High,163666240,46.63,20,76.59,9155,34636,43.51,25.54,12.97,56.08,23.98,74.52,61,86.35,55.4,Secondary,81269803,175261,32615,215.65,40.13,18.61
Indonesia,Asia,Low,3955345,47.46,41,77.61,3173,45293,36.52,33.22,13.32,50.51,46.31,77.75,30,81.79,63.08,Tertiary,1964058,4235,788,215.62,40.12,18.61
United States,Asia,High,46963566,43.78,44,39.52,2781,49123,6.53,29.25,8.2,48.15,28.25,65.84,40,72.26,53.83,Secondary,23320141,50290,9358,215.65,40.13,18.61
Turkey,Oceania,High,43654210,63.02,47,59.98,2439,27305,49.32,7.43,10.37,51.45,32.38,81.02,44,64.5,23.17,Primary,21676853,46747,8699,215.65,40.13,18.61
Russia,Europe,High,183076699,51.53,49,29.25,372,23171,16.73,25.36,6.37,57.15,13.81,18.61,30,56.08,88.36,Tertiary,90908225,196047,36483,215.65,40.13,18.61
Argentina,Asia,High,160945977,66.17,23,33.19,855,48533,25.82,14.92,7.44,64.92,18.54,43.95,42,83.07,54.73,Secondary,79919035,172348,32073,215.65,40.13,18.61
Bangladesh,South America,Medium,38251557,76.39,33,81.72,2231,42536,31.4,29.98,3.18,76.45,37.95,60.54,42,95.13,29.69,Secondary,18994122,40961,7622,215.65,40.13,18.61
Nigeria,South America,High,138021410,40.6,40,82.27,5364,20447,28.08,16.11,12.29,20.32,27.29,63.12,41,95.87,54.08,Secondary,68535654,147800,27504,215.65,40.13,18.61
Brazil,Asia,High,149589002,67.7,23,56.4,5350,31109,41.68,5.24,14.64,77.66,33.27,76.22,44,82.79,66.5,Secondary,74279636,160187,29810,215.65,40.13,18.61
Turkey,Oceania,Low,183065711,42.1,39,55.16,5025,16752,26.59,9.3,11.74,32.99,19.35,29.64,37,66.74,61.31,Primary,90902769,196035,36481,215.65,40.13,18.61
Turkey,Africa,Medium,52597754,61.59,43,73.93,5054,16806,45.75,33.8,10.42,26.68,23.82,42.28,37,83.58,37.49,Tertiary,26117842,56324,10481,215.65,40.13,18.61
